image_path,x1,y1,x2,y2,label
data/Laboro-Tomato/train/images/IMG_0984.jpg,234.81,178.24,352.45,284.43,tomato
data/Laboro-Tomato/train/images/IMG_0984.jpg,180.83,163.79,245.98,246.46,tomato
data/Laboro-Tomato/train/images/IMG_0984.jpg,221.53,240.71,285.16,299.56,tomato
data/Laboro-Tomato/train/images/IMG_0985.jpg,373.84,207.67,402.63,238.54,tomato
data/Laboro-Tomato/train/images/IMG_0985.jpg,350.55,221.60,381.08,248.85,tomato
data/Laboro-Tomato/train/images/IMG_0985.jpg,285.34,238.62,367.04,332.63,tomato
data/Laboro-Tomato/train/images/IMG_0985.jpg,183.96,224.89,289.86,339.94,tomato
data/Laboro-Tomato/train/images/IMG_0985.jpg,142.91,153.12,233.94,256.82,tomato
data/Laboro-Tomato/train/images/IMG_0985.jpg,170.46,260.04,205.77,327.07,tomato
data/Laboro-Tomato/train/images/IMG_0989.jpg,182.02,239.50,304.78,366.77,tomato
data/Laboro-Tomato/train/images/IMG_0990.jpg,167.08,217.46,300.84,337.32,tomato
data/Laboro-Tomato/train/images/IMG_0994.jpg,216.11,215.05,388.33,356.51,tomato
data/Laboro-Tomato/train/images/IMG_0994.jpg,138.58,191.25,235.40,293.19,tomato
data/Laboro-Tomato/train/images/IMG_0994.jpg,169.04,289.56,261.04,377.31,tomato
data/Laboro-Tomato/train/images/IMG_0995.jpg,291.83,0.00,414.01,58.53,tomato
data/Laboro-Tomato/train/images/IMG_0995.jpg,252.61,158.64,386.25,286.53,tomato
data/Laboro-Tomato/train/images/IMG_0995.jpg,236.62,270.89,404.02,422.92,tomato
data/Laboro-Tomato/train/images/IMG_0995.jpg,101.17,163.20,270.09,345.38,tomato
data/Laboro-Tomato/train/images/IMG_0996.jpg,162.42,259.39,324.69,410.80,tomato
data/Laboro-Tomato/train/images/IMG_0997.jpg,232.56,228.26,322.61,317.51,tomato
data/Laboro-Tomato/train/images/IMG_0997.jpg,147.65,186.66,266.65,275.29,tomato
data/Laboro-Tomato/train/images/IMG_0997.jpg,167.29,268.35,243.05,341.54,tomato
data/Laboro-Tomato/train/images/IMG_0998.jpg,147.23,268.06,231.10,334.37,tomato
data/Laboro-Tomato/train/images/IMG_0998.jpg,224.87,154.49,319.27,255.56,tomato
data/Laboro-Tomato/train/images/IMG_0998.jpg,181.55,206.81,255.29,291.09,tomato
data/Laboro-Tomato/train/images/IMG_0998.jpg,92.97,159.21,201.83,275.50,tomato
data/Laboro-Tomato/train/images/IMG_0999.jpg,234.50,186.09,356.65,300.41,tomato
data/Laboro-Tomato/train/images/IMG_0999.jpg,155.77,218.10,256.20,308.91,tomato
data/Laboro-Tomato/train/images/IMG_0999.jpg,87.63,228.93,173.61,309.79,tomato
data/Laboro-Tomato/train/images/IMG_1001.jpg,113.87,233.77,307.50,431.65,tomato
data/Laboro-Tomato/train/images/IMG_1001.jpg,163.04,134.55,294.23,265.14,tomato
data/Laboro-Tomato/train/images/IMG_1001.jpg,284.29,195.47,382.31,296.22,tomato
data/Laboro-Tomato/train/images/IMG_1001.jpg,263.47,271.77,334.06,378.53,tomato
data/Laboro-Tomato/train/images/IMG_1002.jpg,175.39,224.40,342.80,381.25,tomato
data/Laboro-Tomato/train/images/IMG_1002.jpg,171.16,184.59,280.36,271.46,tomato
data/Laboro-Tomato/train/images/IMG_1002.jpg,93.05,338.15,179.92,437.40,tomato
data/Laboro-Tomato/train/images/IMG_1002.jpg,65.31,431.96,177.51,517.64,tomato
data/Laboro-Tomato/train/images/IMG_1003.jpg,244.80,25.30,309.13,126.57,tomato
data/Laboro-Tomato/train/images/IMG_1003.jpg,294.31,35.33,384.64,135.92,tomato
data/Laboro-Tomato/train/images/IMG_1003.jpg,132.13,236.54,259.17,376.35,tomato
data/Laboro-Tomato/train/images/IMG_1003.jpg,211.95,187.26,316.42,290.34,tomato
data/Laboro-Tomato/train/images/IMG_1003.jpg,205.37,360.81,318.73,457.73,tomato
data/Laboro-Tomato/train/images/IMG_1003.jpg,246.41,286.22,326.48,369.26,tomato
data/Laboro-Tomato/train/images/IMG_1004.jpg,86.39,245.25,167.54,324.86,tomato
data/Laboro-Tomato/train/images/IMG_1004.jpg,162.42,212.35,256.24,303.16,tomato
data/Laboro-Tomato/train/images/IMG_1004.jpg,236.04,216.29,280.36,293.21,tomato
data/Laboro-Tomato/train/images/IMG_1004.jpg,276.15,194.28,388.35,321.86,tomato
data/Laboro-Tomato/train/images/IMG_1004.jpg,233.32,298.01,318.67,375.81,tomato
data/Laboro-Tomato/train/images/IMG_1004.jpg,235.42,358.35,300.88,415.95,tomato
data/Laboro-Tomato/train/images/IMG_1004.jpg,178.09,405.10,241.73,472.39,tomato
data/Laboro-Tomato/train/images/IMG_1004.jpg,179.92,365.60,238.43,413.26,tomato
data/Laboro-Tomato/train/images/IMG_1008.jpg,123.82,19.61,192.89,86.89,tomato
data/Laboro-Tomato/train/images/IMG_1008.jpg,219.04,236.29,308.01,320.67,tomato
data/Laboro-Tomato/train/images/IMG_1008.jpg,215.39,222.40,292.47,262.76,tomato
data/Laboro-Tomato/train/images/IMG_1009.jpg,140.80,190.88,250.28,276.87,tomato
data/Laboro-Tomato/train/images/IMG_1009.jpg,252.78,242.42,332.39,323.65,tomato
data/Laboro-Tomato/train/images/IMG_1009.jpg,155.60,275.06,276.50,378.14,tomato
data/Laboro-Tomato/train/images/IMG_1010.jpg,193.01,0.00,310.26,61.56,tomato
data/Laboro-Tomato/train/images/IMG_1010.jpg,245.03,237.22,341.07,346.46,tomato
data/Laboro-Tomato/train/images/IMG_1010.jpg,144.91,241.31,264.65,369.72,tomato
data/Laboro-Tomato/train/images/IMG_1012.jpg,178.00,168.38,215.10,217.74,tomato
data/Laboro-Tomato/train/images/IMG_1012.jpg,146.27,27.97,204.39,97.38,tomato
data/Laboro-Tomato/train/images/IMG_1012.jpg,170.46,92.05,217.27,149.75,tomato
data/Laboro-Tomato/train/images/IMG_1012.jpg,153.01,96.89,182.50,144.39,tomato
data/Laboro-Tomato/train/images/IMG_1012.jpg,117.74,141.44,204.72,218.67,tomato
data/Laboro-Tomato/train/images/IMG_1012.jpg,101.25,185.37,160.77,234.73,tomato
data/Laboro-Tomato/train/images/IMG_1014.jpg,196.00,161.69,263.29,214.37,tomato
data/Laboro-Tomato/train/images/IMG_1014.jpg,175.72,200.00,270.36,283.50,tomato
data/Laboro-Tomato/train/images/IMG_1014.jpg,146.29,187.46,196.68,248.59,tomato
data/Laboro-Tomato/train/images/IMG_1014.jpg,138.06,429.42,177.72,472.52,tomato
data/Laboro-Tomato/train/images/IMG_1014.jpg,104.08,452.86,149.62,500.47,tomato
data/Laboro-Tomato/train/images/IMG_1015.jpg,300.59,132.71,405.25,237.66,tomato
data/Laboro-Tomato/train/images/IMG_1015.jpg,216.13,204.22,330.73,317.92,tomato
data/Laboro-Tomato/train/images/IMG_1015.jpg,170.57,206.32,227.88,261.54,tomato
data/Laboro-Tomato/train/images/IMG_1015.jpg,130.73,168.04,169.66,204.82,tomato
data/Laboro-Tomato/train/images/IMG_1016.jpg,197.09,238.90,284.27,344.16,tomato
data/Laboro-Tomato/train/images/IMG_1016.jpg,156.10,200.57,260.77,326.96,tomato
data/Laboro-Tomato/train/images/IMG_1016.jpg,85.82,266.61,175.10,352.29,tomato
data/Laboro-Tomato/train/images/IMG_1016.jpg,236.93,481.71,288.80,517.61,tomato
data/Laboro-Tomato/train/images/IMG_1017.jpg,321.60,47.58,347.40,74.77,tomato
data/Laboro-Tomato/train/images/IMG_1017.jpg,304.55,24.40,332.13,57.14,tomato
data/Laboro-Tomato/train/images/IMG_1017.jpg,319.00,70.84,340.83,92.44,tomato
data/Laboro-Tomato/train/images/IMG_1017.jpg,274.23,255.84,332.93,310.96,tomato
data/Laboro-Tomato/train/images/IMG_1017.jpg,239.49,266.98,303.17,327.27,tomato
data/Laboro-Tomato/train/images/IMG_1017.jpg,236.52,305.85,264.88,336.98,tomato
data/Laboro-Tomato/train/images/IMG_1018.jpg,67.00,304.92,92.53,332.53,tomato
data/Laboro-Tomato/train/images/IMG_1018.jpg,67.70,284.20,86.00,306.11,tomato
data/Laboro-Tomato/train/images/IMG_1018.jpg,123.55,144.70,139.16,158.95,tomato
data/Laboro-Tomato/train/images/IMG_1018.jpg,107.07,160.94,124.01,169.02,tomato
data/Laboro-Tomato/train/images/IMG_1018.jpg,97.93,155.81,111.87,166.49,tomato
data/Laboro-Tomato/train/images/IMG_1018.jpg,284.23,112.28,301.56,128.59,tomato
data/Laboro-Tomato/train/images/IMG_1018.jpg,273.55,121.91,294.68,141.85,tomato
data/Laboro-Tomato/train/images/IMG_1018.jpg,266.61,104.87,278.23,116.73,tomato
data/Laboro-Tomato/train/images/IMG_1018.jpg,250.57,108.86,270.65,129.22,tomato
data/Laboro-Tomato/train/images/IMG_1018.jpg,235.84,131.08,257.09,151.96,tomato
data/Laboro-Tomato/train/images/IMG_1018.jpg,298.20,263.14,315.41,282.31,tomato
data/Laboro-Tomato/train/images/IMG_1018.jpg,314.86,235.53,325.16,245.69,tomato
data/Laboro-Tomato/train/images/IMG_1018.jpg,286.33,230.56,309.79,256.25,tomato
data/Laboro-Tomato/train/images/IMG_1018.jpg,265.19,258.61,298.84,293.16,tomato
data/Laboro-Tomato/train/images/IMG_1018.jpg,252.94,287.05,278.38,313.00,tomato
data/Laboro-Tomato/train/images/IMG_1018.jpg,231.16,279.98,249.81,298.21,tomato
data/Laboro-Tomato/train/images/IMG_1018.jpg,225.16,247.37,265.99,288.55,tomato
data/Laboro-Tomato/train/images/IMG_1019.jpg,277.96,219.58,422.75,363.48,tomato
data/Laboro-Tomato/train/images/IMG_1019.jpg,199.54,27.74,296.97,135.74,tomato
data/Laboro-Tomato/train/images/IMG_1019.jpg,152.78,93.78,251.42,174.33,tomato
data/Laboro-Tomato/train/images/IMG_1019.jpg,198.00,260.63,335.26,402.10,tomato
data/Laboro-Tomato/train/images/IMG_1020.jpg,222.13,208.13,335.84,326.96,tomato
data/Laboro-Tomato/train/images/IMG_1020.jpg,150.04,157.45,288.50,296.22,tomato
data/Laboro-Tomato/train/images/IMG_1021.jpg,177.65,176.92,308.53,305.65,tomato
data/Laboro-Tomato/train/images/IMG_1021.jpg,103.44,246.15,210.55,336.39,tomato
data/Laboro-Tomato/train/images/IMG_1022.jpg,298.74,160.19,433.59,301.66,tomato
data/Laboro-Tomato/train/images/IMG_1022.jpg,234.23,260.89,346.43,365.27,tomato
data/Laboro-Tomato/train/images/IMG_1022.jpg,220.01,164.67,317.45,270.55,tomato
data/Laboro-Tomato/train/images/IMG_1022.jpg,170.87,245.22,252.61,329.66,tomato
data/Laboro-Tomato/train/images/IMG_1023.jpg,209.48,135.12,422.15,344.75,tomato
data/Laboro-Tomato/train/images/IMG_1023.jpg,81.88,159.54,230.87,313.70,tomato
data/Laboro-Tomato/train/images/IMG_1026.jpg,170.89,181.12,271.93,277.83,tomato
data/Laboro-Tomato/train/images/IMG_1026.jpg,279.04,151.93,354.06,224.45,tomato
data/Laboro-Tomato/train/images/IMG_1026.jpg,271.04,216.01,329.43,269.15,tomato
data/Laboro-Tomato/train/images/IMG_1026.jpg,246.16,230.79,321.22,300.36,tomato
data/Laboro-Tomato/train/images/IMG_1027.jpg,340.60,94.66,371.84,119.06,tomato
data/Laboro-Tomato/train/images/IMG_1027.jpg,330.79,103.78,344.04,120.41,tomato
data/Laboro-Tomato/train/images/IMG_1027.jpg,230.44,207.98,287.90,257.50,tomato
data/Laboro-Tomato/train/images/IMG_1027.jpg,205.37,226.96,232.72,254.78,tomato
data/Laboro-Tomato/train/images/IMG_1028.jpg,120.28,369.02,158.59,422.17,tomato
data/Laboro-Tomato/train/images/IMG_1028.jpg,197.83,281.46,257.11,337.55,tomato
data/Laboro-Tomato/train/images/IMG_1028.jpg,253.00,246.98,313.45,304.48,tomato
data/Laboro-Tomato/train/images/IMG_1028.jpg,292.23,200.23,339.01,255.19,tomato
data/Laboro-Tomato/train/images/IMG_1028.jpg,214.69,211.42,298.61,292.59,tomato
data/Laboro-Tomato/train/images/IMG_1028.jpg,171.14,177.41,230.66,241.75,tomato
data/Laboro-Tomato/train/images/IMG_1028.jpg,223.84,151.20,289.53,214.61,tomato
data/Laboro-Tomato/train/images/IMG_1028.jpg,365.45,449.55,409.46,494.25,tomato
data/Laboro-Tomato/train/images/IMG_1032.jpg,156.98,441.00,235.10,517.61,tomato
data/Laboro-Tomato/train/images/IMG_1032.jpg,187.77,266.33,338.27,408.73,tomato
data/Laboro-Tomato/train/images/IMG_1032.jpg,236.00,191.84,329.82,288.34,tomato
data/Laboro-Tomato/train/images/IMG_1032.jpg,154.88,205.72,238.14,317.04,tomato
data/Laboro-Tomato/train/images/IMG_1033.jpg,215.50,202.41,381.39,373.71,tomato
data/Laboro-Tomato/train/images/IMG_1033.jpg,118.98,183.99,266.50,337.53,tomato
data/Laboro-Tomato/train/images/IMG_1033.jpg,127.12,153.82,254.39,230.12,tomato
data/Laboro-Tomato/train/images/IMG_1034.jpg,385.61,66.38,433.59,136.36,tomato
data/Laboro-Tomato/train/images/IMG_1034.jpg,247.50,275.71,335.88,370.45,tomato
data/Laboro-Tomato/train/images/IMG_1034.jpg,246.29,236.47,301.19,281.74,tomato
data/Laboro-Tomato/train/images/IMG_1034.jpg,157.27,219.61,257.42,303.47,tomato
data/Laboro-Tomato/train/images/IMG_1034.jpg,134.06,293.78,275.82,442.19,tomato
data/Laboro-Tomato/train/images/IMG_1036.jpg,261.68,177.67,398.00,320.95,tomato
data/Laboro-Tomato/train/images/IMG_1036.jpg,167.23,218.08,273.41,331.21,tomato
data/Laboro-Tomato/train/images/IMG_1037.jpg,237.24,133.64,355.46,239.21,tomato
data/Laboro-Tomato/train/images/IMG_1037.jpg,229.98,213.86,302.98,266.33,tomato
data/Laboro-Tomato/train/images/IMG_1037.jpg,167.56,155.92,244.18,244.60,tomato
data/Laboro-Tomato/train/images/IMG_1038.jpg,240.52,276.90,381.39,414.43,tomato
data/Laboro-Tomato/train/images/IMG_1038.jpg,150.06,259.73,266.50,379.49,tomato
data/Laboro-Tomato/train/images/IMG_1039.jpg,241.77,174.36,407.66,338.46,tomato
data/Laboro-Tomato/train/images/IMG_1039.jpg,102.41,106.47,260.45,255.19,tomato
data/Laboro-Tomato/train/images/IMG_1039.jpg,117.16,251.59,277.65,408.44,tomato
data/Laboro-Tomato/train/images/IMG_1041.jpg,220.03,217.77,362.73,364.67,tomato
data/Laboro-Tomato/train/images/IMG_1041.jpg,123.20,236.18,232.68,347.81,tomato
data/Laboro-Tomato/train/images/IMG_1041.jpg,73.16,335.20,130.35,390.00,tomato
data/Laboro-Tomato/train/images/IMG_1041.jpg,109.89,371.17,179.39,445.92,tomato
data/Laboro-Tomato/train/images/IMG_1041.jpg,71.35,438.28,137.98,500.96,tomato
data/Laboro-Tomato/train/images/IMG_1042.jpg,176.93,197.90,271.02,294.72,tomato
data/Laboro-Tomato/train/images/IMG_1042.jpg,252.59,167.11,372.05,290.81,tomato
data/Laboro-Tomato/train/images/IMG_1043.jpg,254.14,201.61,340.35,291.01,tomato
data/Laboro-Tomato/train/images/IMG_1043.jpg,160.86,225.33,267.82,358.97,tomato
data/Laboro-Tomato/train/images/IMG_1043.jpg,168.63,182.00,243.88,246.08,tomato
data/Laboro-Tomato/train/images/IMG_1044.jpg,334.97,179.75,385.63,272.68,tomato
data/Laboro-Tomato/train/images/IMG_1044.jpg,182.91,126.11,341.88,298.03,tomato
data/Laboro-Tomato/train/images/IMG_1044.jpg,136.48,213.29,176.89,245.25,tomato
data/Laboro-Tomato/train/images/IMG_1045.jpg,430.27,205.39,453.19,250.35,tomato
data/Laboro-Tomato/train/images/IMG_1045.jpg,383.80,184.30,445.34,234.96,tomato
data/Laboro-Tomato/train/images/IMG_1045.jpg,229.37,109.79,379.88,258.51,tomato
data/Laboro-Tomato/train/images/IMG_1045.jpg,176.01,193.37,327.72,329.40,tomato
data/Laboro-Tomato/train/images/IMG_1047.jpg,342.78,234.37,420.01,300.41,tomato
data/Laboro-Tomato/train/images/IMG_1047.jpg,361.81,263.92,423.04,329.09,tomato
data/Laboro-Tomato/train/images/IMG_1047.jpg,234.19,328.18,290.91,391.22,tomato
data/Laboro-Tomato/train/images/IMG_1047.jpg,186.25,340.84,227.59,391.50,tomato
data/Laboro-Tomato/train/images/IMG_1047.jpg,207.68,368.87,239.96,403.57,tomato
data/Laboro-Tomato/train/images/IMG_1049.jpg,401.73,191.58,453.29,255.45,tomato
data/Laboro-Tomato/train/images/IMG_1049.jpg,448.27,251.33,453.29,271.64,tomato
data/Laboro-Tomato/train/images/IMG_1049.jpg,224.42,214.37,282.73,276.28,tomato
data/Laboro-Tomato/train/images/IMG_1050.jpg,189.57,225.33,359.39,362.29,tomato
data/Laboro-Tomato/train/images/IMG_1050.jpg,106.63,219.30,200.45,333.31,tomato
data/Laboro-Tomato/train/images/IMG_1051.jpg,252.32,187.31,427.88,337.53,tomato
data/Laboro-Tomato/train/images/IMG_1051.jpg,140.08,216.89,264.36,342.66,tomato
data/Laboro-Tomato/train/images/IMG_1051.jpg,205.56,340.25,287.61,413.23,tomato
data/Laboro-Tomato/train/images/IMG_1052.jpg,130.99,444.11,209.81,517.92,tomato
data/Laboro-Tomato/train/images/IMG_1052.jpg,176.87,208.65,224.46,251.44,tomato
data/Laboro-Tomato/train/images/IMG_1052.jpg,181.53,246.80,255.00,331.29,tomato
data/Laboro-Tomato/train/images/IMG_1052.jpg,252.59,259.75,312.77,318.03,tomato
data/Laboro-Tomato/train/images/IMG_1053.jpg,123.06,215.00,290.85,362.16,tomato
data/Laboro-Tomato/train/images/IMG_1053.jpg,154.82,182.65,234.54,249.68,tomato
data/Laboro-Tomato/train/images/IMG_1053.jpg,278.75,262.99,358.08,341.72,tomato
data/Laboro-Tomato/train/images/IMG_1054.jpg,244.49,162.60,397.40,288.68,tomato
data/Laboro-Tomato/train/images/IMG_1054.jpg,254.74,116.71,351.25,185.81,tomato
data/Laboro-Tomato/train/images/IMG_1054.jpg,323.78,445.20,367.84,511.86,tomato
data/Laboro-Tomato/train/images/IMG_1054.jpg,214.61,194.22,265.58,274.77,tomato
data/Laboro-Tomato/train/images/IMG_1056.jpg,295.44,285.63,358.18,353.79,tomato
data/Laboro-Tomato/train/images/IMG_1056.jpg,267.39,326.70,324.38,383.99,tomato
data/Laboro-Tomato/train/images/IMG_1056.jpg,92.76,296.50,131.96,334.84,tomato
data/Laboro-Tomato/train/images/IMG_1056.jpg,243.65,253.87,281.30,293.34,tomato
data/Laboro-Tomato/train/images/IMG_1056.jpg,212.44,275.50,255.09,316.58,tomato
data/Laboro-Tomato/train/images/IMG_1056.jpg,216.07,297.18,278.11,350.32,tomato
data/Laboro-Tomato/train/images/IMG_1056.jpg,292.72,473.27,332.39,517.77,tomato
data/Laboro-Tomato/train/images/IMG_1056.jpg,258.96,458.46,286.11,513.21,tomato
data/Laboro-Tomato/train/images/IMG_1057.jpg,239.96,231.62,345.52,336.00,tomato
data/Laboro-Tomato/train/images/IMG_1057.jpg,137.98,166.82,264.98,298.65,tomato
data/Laboro-Tomato/train/images/IMG_1058.jpg,220.30,219.01,357.48,350.69,tomato
data/Laboro-Tomato/train/images/IMG_1058.jpg,109.09,160.81,247.32,302.18,tomato
data/Laboro-Tomato/train/images/IMG_1060.jpg,190.78,108.29,252.90,161.07,tomato
data/Laboro-Tomato/train/images/IMG_1060.jpg,228.79,212.33,341.92,321.83,tomato
data/Laboro-Tomato/train/images/IMG_1060.jpg,93.94,61.20,122.30,94.09,tomato
data/Laboro-Tomato/train/images/IMG_1061.jpg,312.36,226.81,406.45,321.24,tomato
data/Laboro-Tomato/train/images/IMG_1061.jpg,208.55,284.46,365.12,404.79,tomato
data/Laboro-Tomato/train/images/IMG_1061.jpg,123.51,293.47,228.48,397.23,tomato
data/Laboro-Tomato/train/images/IMG_1061.jpg,142.21,208.44,265.87,313.39,tomato
data/Laboro-Tomato/train/images/IMG_1062.jpg,199.81,293.78,295.15,381.58,tomato
data/Laboro-Tomato/train/images/IMG_1062.jpg,198.90,263.33,261.95,323.05,tomato
data/Laboro-Tomato/train/images/IMG_1062.jpg,291.83,359.85,318.36,383.99,tomato
data/Laboro-Tomato/train/images/IMG_1063.jpg,276.67,219.09,386.35,332.58,tomato
data/Laboro-Tomato/train/images/IMG_1063.jpg,214.49,309.61,325.92,416.73,tomato
data/Laboro-Tomato/train/images/IMG_1063.jpg,176.38,206.35,290.76,318.49,tomato
data/Laboro-Tomato/train/images/IMG_1064.jpg,424.89,262.86,453.52,302.69,tomato
data/Laboro-Tomato/train/images/IMG_1064.jpg,381.74,259.75,427.28,300.10,tomato
data/Laboro-Tomato/train/images/IMG_1064.jpg,83.24,225.95,106.51,250.61,tomato
data/Laboro-Tomato/train/images/IMG_1064.jpg,153.60,339.39,194.97,378.35,tomato
data/Laboro-Tomato/train/images/IMG_1064.jpg,279.30,251.44,327.94,301.27,tomato
data/Laboro-Tomato/train/images/IMG_1064.jpg,265.17,221.81,306.39,260.76,tomato
data/Laboro-Tomato/train/images/IMG_1064.jpg,242.74,173.35,291.53,227.48,tomato
data/Laboro-Tomato/train/images/IMG_1064.jpg,225.16,229.01,284.48,294.90,tomato
data/Laboro-Tomato/train/images/IMG_1065.jpg,285.80,0.28,347.93,19.61,tomato
data/Laboro-Tomato/train/images/IMG_1065.jpg,254.61,184.51,302.74,236.73,tomato
data/Laboro-Tomato/train/images/IMG_1065.jpg,239.81,237.45,283.12,278.27,tomato
data/Laboro-Tomato/train/images/IMG_1065.jpg,215.58,200.96,266.01,252.50,tomato
data/Laboro-Tomato/train/images/IMG_1065.jpg,219.95,251.80,261.25,296.97,tomato
data/Laboro-Tomato/train/images/IMG_1065.jpg,210.38,291.74,263.76,339.39,tomato
data/Laboro-Tomato/train/images/IMG_1065.jpg,256.43,262.73,311.64,320.43,tomato
data/Laboro-Tomato/train/images/IMG_1065.jpg,85.59,441.13,114.81,469.41,tomato
data/Laboro-Tomato/train/images/IMG_1065.jpg,65.52,443.82,91.98,476.66,tomato
data/Laboro-Tomato/train/images/IMG_1065.jpg,241.63,406.45,285.18,463.69,tomato
data/Laboro-Tomato/train/images/IMG_1065.jpg,94.66,186.74,123.53,213.47,tomato
data/Laboro-Tomato/train/images/IMG_1067.jpg,249.58,226.50,370.24,358.64,tomato
data/Laboro-Tomato/train/images/IMG_1067.jpg,106.63,254.29,253.83,396.94,tomato
data/Laboro-Tomato/train/images/IMG_1067.jpg,88.82,145.69,219.12,284.46,tomato
data/Laboro-Tomato/train/images/IMG_1067.jpg,333.16,446.13,377.80,478.71,tomato
data/Laboro-Tomato/train/images/IMG_1067.jpg,297.54,466.93,350.33,517.59,tomato
data/Laboro-Tomato/train/images/IMG_1068.jpg,251.05,162.86,311.66,224.50,tomato
data/Laboro-Tomato/train/images/IMG_1068.jpg,238.60,227.19,287.20,278.48,tomato
data/Laboro-Tomato/train/images/IMG_1068.jpg,236.35,217.92,275.94,244.75,tomato
data/Laboro-Tomato/train/images/IMG_1068.jpg,239.79,306.68,289.59,355.22,tomato
data/Laboro-Tomato/train/images/IMG_1068.jpg,250.84,288.47,290.89,321.32,tomato
data/Laboro-Tomato/train/images/IMG_1068.jpg,200.26,302.69,243.81,342.73,tomato
data/Laboro-Tomato/train/images/IMG_1068.jpg,67.51,241.65,97.77,289.10,tomato
data/Laboro-Tomato/train/images/IMG_1069.jpg,134.39,231.34,287.30,385.18,tomato
data/Laboro-Tomato/train/images/IMG_1069.jpg,249.87,222.61,366.92,337.24,tomato
data/Laboro-Tomato/train/images/IMG_1070.jpg,264.65,130.30,380.50,271.77,tomato
data/Laboro-Tomato/train/images/IMG_1070.jpg,229.08,236.78,335.26,335.09,tomato
data/Laboro-Tomato/train/images/IMG_1070.jpg,135.57,150.82,287.28,299.22,tomato
data/Laboro-Tomato/train/images/IMG_1070.jpg,65.29,461.20,133.16,517.30,tomato
data/Laboro-Tomato/train/images/IMG_1070.jpg,139.18,144.19,232.39,207.54,tomato
data/Laboro-Tomato/train/images/IMG_1071.jpg,210.67,251.28,337.36,387.00,tomato
data/Laboro-Tomato/train/images/IMG_1072.jpg,184.17,146.98,279.78,247.53,tomato
data/Laboro-Tomato/train/images/IMG_1072.jpg,196.06,226.31,284.91,290.96,tomato
data/Laboro-Tomato/train/images/IMG_1072.jpg,228.56,113.99,266.79,152.06,tomato
data/Laboro-Tomato/train/images/IMG_1072.jpg,242.78,61.49,294.68,123.85,tomato
data/Laboro-Tomato/train/images/IMG_1073.jpg,168.48,165.60,274.34,271.79,tomato
data/Laboro-Tomato/train/images/IMG_1073.jpg,426.95,221.39,453.17,279.62,tomato
data/Laboro-Tomato/train/images/IMG_1073.jpg,238.33,1.97,327.57,85.68,tomato
data/Laboro-Tomato/train/images/IMG_1073.jpg,173.04,1.01,235.12,83.53,tomato
data/Laboro-Tomato/train/images/IMG_1074.jpg,171.06,184.02,311.31,321.03,tomato
data/Laboro-Tomato/train/images/IMG_1075.jpg,312.09,91.25,365.70,151.90,tomato
data/Laboro-Tomato/train/images/IMG_1075.jpg,159.77,206.09,186.70,231.62,tomato
data/Laboro-Tomato/train/images/IMG_1075.jpg,160.67,194.20,185.49,211.29,tomato
data/Laboro-Tomato/train/images/IMG_1075.jpg,171.35,310.62,193.77,334.08,tomato
data/Laboro-Tomato/train/images/IMG_1075.jpg,271.55,303.70,320.54,348.87,tomato
data/Laboro-Tomato/train/images/IMG_1075.jpg,310.18,299.56,318.11,305.78,tomato
data/Laboro-Tomato/train/images/IMG_1075.jpg,225.70,296.45,274.15,339.55,tomato
data/Laboro-Tomato/train/images/IMG_1075.jpg,336.06,231.44,359.68,248.33,tomato
data/Laboro-Tomato/train/images/IMG_1075.jpg,331.94,244.57,356.41,265.97,tomato
data/Laboro-Tomato/train/images/IMG_1076.jpg,301.17,163.20,379.88,237.11,tomato
data/Laboro-Tomato/train/images/IMG_1076.jpg,213.10,66.98,336.17,193.99,tomato
data/Laboro-Tomato/train/images/IMG_1076.jpg,247.59,247.86,312.63,307.95,tomato
data/Laboro-Tomato/train/images/IMG_1076.jpg,237.11,295.62,313.72,373.53,tomato
data/Laboro-Tomato/train/images/IMG_1076.jpg,182.31,346.75,266.50,425.17,tomato
data/Laboro-Tomato/train/images/IMG_1076.jpg,150.53,260.22,242.87,355.68,tomato
data/Laboro-Tomato/train/images/IMG_1076.jpg,144.23,456.64,194.08,515.64,tomato
data/Laboro-Tomato/train/images/IMG_1076.jpg,159.44,402.36,205.37,450.89,tomato
data/Laboro-Tomato/train/images/IMG_1077.jpg,139.90,112.25,179.14,140.74,tomato
data/Laboro-Tomato/train/images/IMG_1077.jpg,110.40,0.03,130.02,19.66,tomato
data/Laboro-Tomato/train/images/IMG_1077.jpg,83.01,2.38,109.77,27.56,tomato
data/Laboro-Tomato/train/images/IMG_1077.jpg,133.40,105.70,145.48,117.97,tomato
data/Laboro-Tomato/train/images/IMG_1077.jpg,240.87,261.41,283.92,318.13,tomato
data/Laboro-Tomato/train/images/IMG_1077.jpg,205.40,307.61,266.09,366.93,tomato
data/Laboro-Tomato/train/images/IMG_1077.jpg,176.42,259.41,246.82,327.07,tomato
data/Laboro-Tomato/train/images/IMG_1078.jpg,307.75,96.43,328.62,115.75,tomato
data/Laboro-Tomato/train/images/IMG_1078.jpg,288.10,70.86,324.50,111.58,tomato
data/Laboro-Tomato/train/images/IMG_1078.jpg,309.68,31.57,345.73,84.36,tomato
data/Laboro-Tomato/train/images/IMG_1078.jpg,269.14,0.00,331.41,71.59,tomato
data/Laboro-Tomato/train/images/IMG_1078.jpg,421.43,67.78,440.04,82.96,tomato
data/Laboro-Tomato/train/images/IMG_1078.jpg,407.81,68.82,417.29,77.98,tomato
data/Laboro-Tomato/train/images/IMG_1078.jpg,399.19,278.68,416.59,296.30,tomato
data/Laboro-Tomato/train/images/IMG_1078.jpg,169.47,347.16,255.71,446.83,tomato
data/Laboro-Tomato/train/images/IMG_1078.jpg,137.71,419.24,174.11,454.93,tomato
data/Laboro-Tomato/train/images/IMG_1078.jpg,132.23,372.52,180.68,419.09,tomato
data/Laboro-Tomato/train/images/IMG_1078.jpg,105.66,363.71,158.61,423.75,tomato
data/Laboro-Tomato/train/images/IMG_1078.jpg,393.38,81.35,402.90,90.21,tomato
data/Laboro-Tomato/train/images/IMG_1080.jpg,294.84,217.46,376.89,299.82,tomato
data/Laboro-Tomato/train/images/IMG_1080.jpg,242.97,212.64,301.79,257.60,tomato
data/Laboro-Tomato/train/images/IMG_1080.jpg,228.46,247.68,309.31,330.30,tomato
data/Laboro-Tomato/train/images/IMG_1080.jpg,223.84,241.80,243.69,270.29,tomato
data/Laboro-Tomato/train/images/IMG_1080.jpg,170.67,241.98,237.03,325.23,tomato
data/Laboro-Tomato/train/images/IMG_1081.jpg,261.35,0.03,443.55,66.07,tomato
data/Laboro-Tomato/train/images/IMG_1081.jpg,272.25,280.94,347.26,364.59,tomato
data/Laboro-Tomato/train/images/IMG_1081.jpg,223.22,316.32,287.20,384.23,tomato
data/Laboro-Tomato/train/images/IMG_1081.jpg,192.53,255.22,270.96,324.22,tomato
data/Laboro-Tomato/train/images/IMG_1082.jpg,138.14,123.49,169.33,152.19,tomato
data/Laboro-Tomato/train/images/IMG_1082.jpg,116.48,140.61,140.64,162.94,tomato
data/Laboro-Tomato/train/images/IMG_1082.jpg,238.45,313.67,269.49,344.39,tomato
data/Laboro-Tomato/train/images/IMG_1083.jpg,294.25,265.76,401.64,370.14,tomato
data/Laboro-Tomato/train/images/IMG_1083.jpg,220.65,282.03,306.32,374.90,tomato
data/Laboro-Tomato/train/images/IMG_1083.jpg,140.72,261.20,227.28,344.13,tomato
data/Laboro-Tomato/train/images/IMG_1086.jpg,192.23,197.51,323.39,332.09,tomato
data/Laboro-Tomato/train/images/IMG_1087.jpg,140.41,250.38,318.96,419.30,tomato
data/Laboro-Tomato/train/images/IMG_1087.jpg,118.98,104.69,268.90,265.16,tomato
data/Laboro-Tomato/train/images/IMG_1088.jpg,152.45,288.06,352.45,496.81,tomato
data/Laboro-Tomato/train/images/IMG_1088.jpg,121.10,77.83,325.92,290.78,tomato
data/Laboro-Tomato/train/images/IMG_1089.jpg,187.75,152.32,309.93,256.38,tomato
data/Laboro-Tomato/train/images/IMG_1089.jpg,151.89,127.87,229.39,208.73,tomato
data/Laboro-Tomato/train/images/IMG_1089.jpg,92.43,319.45,151.25,377.36,tomato
data/Laboro-Tomato/train/images/IMG_1089.jpg,66.18,174.93,95.13,202.07,tomato
data/Laboro-Tomato/train/images/IMG_1090.jpg,283.28,166.82,342.84,225.82,tomato
data/Laboro-Tomato/train/images/IMG_1090.jpg,238.43,116.99,301.36,182.31,tomato
data/Laboro-Tomato/train/images/IMG_1090.jpg,223.72,161.59,299.52,245.25,tomato
data/Laboro-Tomato/train/images/IMG_1090.jpg,190.17,220.36,261.50,291.94,tomato
data/Laboro-Tomato/train/images/IMG_1090.jpg,146.62,157.89,226.34,235.28,tomato
data/Laboro-Tomato/train/images/IMG_1090.jpg,162.07,202.75,174.93,213.52,tomato
data/Laboro-Tomato/train/images/IMG_1090.jpg,217.68,316.60,258.08,353.59,tomato
data/Laboro-Tomato/train/images/IMG_1090.jpg,393.32,43.46,416.79,76.92,tomato
data/Laboro-Tomato/train/images/IMG_1090.jpg,373.29,58.30,408.30,93.68,tomato
data/Laboro-Tomato/train/images/IMG_1090.jpg,394.88,10.02,425.41,44.16,tomato
data/Laboro-Tomato/train/images/IMG_1090.jpg,386.60,21.76,397.63,37.09,tomato
data/Laboro-Tomato/train/images/IMG_1090.jpg,186.35,290.42,241.55,344.03,tomato
data/Laboro-Tomato/train/images/IMG_1090.jpg,147.05,278.68,191.88,321.26,tomato
data/Laboro-Tomato/train/images/IMG_1090.jpg,187.55,273.87,225.66,302.15,tomato
data/Laboro-Tomato/train/images/IMG_1090.jpg,105.46,389.77,138.06,417.69,tomato
data/Laboro-Tomato/train/images/IMG_1091.jpg,229.32,280.76,283.59,349.86,tomato
data/Laboro-Tomato/train/images/IMG_1091.jpg,266.71,312.46,351.56,397.31,tomato
data/Laboro-Tomato/train/images/IMG_1092.jpg,234.39,135.43,249.38,155.37,tomato
data/Laboro-Tomato/train/images/IMG_1092.jpg,195.85,106.92,240.68,154.78,tomato
data/Laboro-Tomato/train/images/IMG_1092.jpg,222.09,317.33,263.78,366.95,tomato
data/Laboro-Tomato/train/images/IMG_1092.jpg,260.03,301.17,302.92,361.87,tomato
data/Laboro-Tomato/train/images/IMG_1093.jpg,371.39,46.78,422.94,96.50,tomato
data/Laboro-Tomato/train/images/IMG_1093.jpg,323.92,287.18,348.97,315.36,tomato
data/Laboro-Tomato/train/images/IMG_1093.jpg,316.59,306.81,335.63,321.83,tomato
data/Laboro-Tomato/train/images/IMG_1093.jpg,289.13,281.61,325.88,318.96,tomato
data/Laboro-Tomato/train/images/IMG_1093.jpg,245.05,239.96,273.99,270.99,tomato
data/Laboro-Tomato/train/images/IMG_1093.jpg,226.21,245.92,245.75,263.79,tomato
data/Laboro-Tomato/train/images/IMG_1093.jpg,175.24,228.20,201.31,253.22,tomato
data/Laboro-Tomato/train/images/IMG_1093.jpg,156.71,215.98,179.67,233.44,tomato
data/Laboro-Tomato/train/images/IMG_1093.jpg,180.56,120.98,195.75,134.60,tomato
data/Laboro-Tomato/train/images/IMG_1093.jpg,183.28,135.41,195.75,154.36,tomato
data/Laboro-Tomato/train/images/IMG_1094.jpg,182.04,210.83,354.57,415.95,tomato
data/Laboro-Tomato/train/images/IMG_1096.jpg,271.22,146.08,305.71,176.95,tomato
data/Laboro-Tomato/train/images/IMG_1096.jpg,287.59,95.91,332.77,150.04,tomato
data/Laboro-Tomato/train/images/IMG_1096.jpg,253.42,53.64,296.55,105.18,tomato
data/Laboro-Tomato/train/images/IMG_1096.jpg,230.17,142.11,275.35,192.83,tomato
data/Laboro-Tomato/train/images/IMG_1096.jpg,241.01,105.21,287.75,152.97,tomato
data/Laboro-Tomato/train/images/IMG_1096.jpg,193.59,169.52,228.09,202.30,tomato
data/Laboro-Tomato/train/images/IMG_1096.jpg,181.18,110.18,240.35,170.89,tomato
data/Laboro-Tomato/train/images/IMG_1096.jpg,210.32,305.93,276.71,383.73,tomato
data/Laboro-Tomato/train/images/IMG_1096.jpg,176.36,320.43,219.29,359.91,tomato
data/Laboro-Tomato/train/images/IMG_1096.jpg,149.63,359.05,219.29,421.99,tomato
data/Laboro-Tomato/train/images/IMG_1098.jpg,390.08,177.44,452.35,234.68,tomato
data/Laboro-Tomato/train/images/IMG_1098.jpg,301.15,96.94,337.86,133.67,tomato
data/Laboro-Tomato/train/images/IMG_1098.jpg,254.92,202.30,299.17,247.42,tomato
data/Laboro-Tomato/train/images/IMG_1098.jpg,203.19,199.15,255.25,250.27,tomato
data/Laboro-Tomato/train/images/IMG_1098.jpg,211.17,301.53,237.71,326.91,tomato
data/Laboro-Tomato/train/images/IMG_1098.jpg,194.74,304.58,219.02,331.93,tomato
data/Laboro-Tomato/train/images/IMG_1098.jpg,74.42,139.34,107.64,172.60,tomato
data/Laboro-Tomato/train/images/IMG_1098.jpg,75.33,118.83,102.45,143.90,tomato
data/Laboro-Tomato/train/images/IMG_1099.jpg,204.67,218.39,339.48,357.73,tomato
data/Laboro-Tomato/train/images/IMG_1099.jpg,187.77,129.11,302.37,240.43,tomato
data/Laboro-Tomato/train/images/IMG_1100.jpg,125.94,181.87,249.60,298.32,tomato
data/Laboro-Tomato/train/images/IMG_1100.jpg,216.71,213.86,305.68,310.67,tomato
data/Laboro-Tomato/train/images/IMG_1100.jpg,238.72,284.72,321.97,354.70,tomato
data/Laboro-Tomato/train/images/IMG_1101.jpg,237.80,206.92,356.06,324.55,tomato
data/Laboro-Tomato/train/images/IMG_1102.jpg,213.99,205.70,350.04,325.46,tomato
data/Laboro-Tomato/train/images/IMG_1102.jpg,163.64,250.06,266.20,354.75,tomato
data/Laboro-Tomato/train/images/IMG_1102.jpg,166.05,96.53,250.82,197.90,tomato
data/Laboro-Tomato/train/images/IMG_1104.jpg,188.66,259.41,291.22,358.04,tomato
data/Laboro-Tomato/train/images/IMG_1104.jpg,236.83,243.67,345.15,337.84,tomato
data/Laboro-Tomato/train/images/IMG_1104.jpg,213.72,386.32,267.87,442.48,tomato
data/Laboro-Tomato/train/images/IMG_1105.jpg,186.56,240.71,314.15,376.74,tomato
data/Laboro-Tomato/train/images/IMG_1105.jpg,145.81,232.27,233.30,306.45,tomato
data/Laboro-Tomato/train/images/IMG_1106.jpg,165.72,131.81,282.77,246.75,tomato
data/Laboro-Tomato/train/images/IMG_1106.jpg,280.35,186.09,390.76,293.78,tomato
data/Laboro-Tomato/train/images/IMG_1106.jpg,197.52,243.15,301.64,342.29,tomato
data/Laboro-Tomato/train/images/IMG_1106.jpg,149.23,318.93,214.03,381.61,tomato
data/Laboro-Tomato/train/images/IMG_1109.jpg,71.00,398.45,136.46,449.52,tomato
data/Laboro-Tomato/train/images/IMG_1109.jpg,186.41,298.11,267.14,362.44,tomato
data/Laboro-Tomato/train/images/IMG_1109.jpg,174.58,227.40,246.18,303.13,tomato
data/Laboro-Tomato/train/images/IMG_1109.jpg,184.81,159.65,209.21,203.88,tomato
data/Laboro-Tomato/train/images/IMG_1109.jpg,144.91,187.72,190.99,256.62,tomato
data/Laboro-Tomato/train/images/IMG_1109.jpg,240.49,242.24,314.84,315.44,tomato
data/Laboro-Tomato/train/images/IMG_1110.jpg,258.03,85.99,319.37,149.60,tomato
data/Laboro-Tomato/train/images/IMG_1110.jpg,242.29,61.59,297.26,114.53,tomato
data/Laboro-Tomato/train/images/IMG_1110.jpg,300.47,127.74,349.96,176.33,tomato
data/Laboro-Tomato/train/images/IMG_1110.jpg,259.64,139.34,302.76,178.81,tomato
data/Laboro-Tomato/train/images/IMG_1110.jpg,277.18,186.82,300.92,208.94,tomato
data/Laboro-Tomato/train/images/IMG_1110.jpg,317.80,197.75,360.92,240.17,tomato
data/Laboro-Tomato/train/images/IMG_1110.jpg,344.93,237.43,378.69,270.94,tomato
data/Laboro-Tomato/train/images/IMG_1110.jpg,381.22,243.62,424.77,283.29,tomato
data/Laboro-Tomato/train/images/IMG_1110.jpg,422.25,257.24,440.93,276.20,tomato
data/Laboro-Tomato/train/images/IMG_1110.jpg,403.09,275.06,422.25,291.01,tomato
data/Laboro-Tomato/train/images/IMG_1110.jpg,277.66,205.08,315.97,244.96,tomato
data/Laboro-Tomato/train/images/IMG_1110.jpg,289.75,257.94,321.92,291.04,tomato
data/Laboro-Tomato/train/images/IMG_1110.jpg,268.96,287.39,300.90,320.02,tomato
data/Laboro-Tomato/train/images/IMG_1110.jpg,246.41,254.08,284.29,289.41,tomato
data/Laboro-Tomato/train/images/IMG_1110.jpg,228.13,182.00,267.84,221.94,tomato
data/Laboro-Tomato/train/images/IMG_1110.jpg,232.50,137.53,262.84,174.72,tomato
data/Laboro-Tomato/train/images/IMG_1110.jpg,232.27,178.17,251.89,190.24,tomato
data/Laboro-Tomato/train/images/IMG_1110.jpg,170.69,84.38,211.76,129.76,tomato
data/Laboro-Tomato/train/images/IMG_1110.jpg,190.99,115.88,230.46,155.76,tomato
data/Laboro-Tomato/train/images/IMG_1110.jpg,174.58,148.04,218.36,190.00,tomato
data/Laboro-Tomato/train/images/IMG_1110.jpg,155.15,214.14,196.22,254.75,tomato
data/Laboro-Tomato/train/images/IMG_1110.jpg,139.90,137.74,179.14,181.77,tomato
data/Laboro-Tomato/train/images/IMG_1110.jpg,116.63,186.56,152.68,222.14,tomato
data/Laboro-Tomato/train/images/IMG_1110.jpg,77.65,223.72,103.87,250.87,tomato
data/Laboro-Tomato/train/images/IMG_1110.jpg,95.61,285.11,110.45,296.50,tomato
data/Laboro-Tomato/train/images/IMG_1111.jpg,397.11,80.55,412.30,95.36,tomato
data/Laboro-Tomato/train/images/IMG_1111.jpg,374.87,100.91,391.42,119.35,tomato
data/Laboro-Tomato/train/images/IMG_1111.jpg,411.41,68.97,426.60,84.15,tomato
data/Laboro-Tomato/train/images/IMG_1111.jpg,260.34,151.26,275.88,186.79,tomato
data/Laboro-Tomato/train/images/IMG_1111.jpg,265.17,208.18,299.17,241.96,tomato
data/Laboro-Tomato/train/images/IMG_1111.jpg,224.65,184.33,260.51,215.05,tomato
data/Laboro-Tomato/train/images/IMG_1111.jpg,212.22,222.33,238.45,251.13,tomato
data/Laboro-Tomato/train/images/IMG_1111.jpg,233.98,224.55,254.14,240.61,tomato
data/Laboro-Tomato/train/images/IMG_1111.jpg,228.27,236.80,256.04,262.65,tomato
data/Laboro-Tomato/train/images/IMG_1111.jpg,244.97,264.88,259.46,280.06,tomato
data/Laboro-Tomato/train/images/IMG_1111.jpg,210.86,259.73,227.92,277.86,tomato
data/Laboro-Tomato/train/images/IMG_1111.jpg,186.54,277.80,201.89,293.34,tomato
data/Laboro-Tomato/train/images/IMG_1111.jpg,202.74,310.44,220.34,327.32,tomato
data/Laboro-Tomato/train/images/IMG_1111.jpg,217.04,354.23,232.39,368.38,tomato
data/Laboro-Tomato/train/images/IMG_1111.jpg,257.40,313.21,275.00,329.94,tomato
data/Laboro-Tomato/train/images/IMG_1111.jpg,185.84,288.19,195.52,297.67,tomato
data/Laboro-Tomato/train/images/IMG_1112.jpg,362.94,185.86,398.29,218.49,tomato
data/Laboro-Tomato/train/images/IMG_1112.jpg,341.05,214.87,377.76,247.91,tomato
data/Laboro-Tomato/train/images/IMG_1112.jpg,300.92,136.18,327.84,177.93,tomato
data/Laboro-Tomato/train/images/IMG_1112.jpg,267.39,120.23,311.17,165.60,tomato
data/Laboro-Tomato/train/images/IMG_1112.jpg,232.73,78.48,275.82,117.22,tomato
data/Laboro-Tomato/train/images/IMG_1112.jpg,247.30,137.32,287.90,179.07,tomato
data/Laboro-Tomato/train/images/IMG_1112.jpg,207.64,109.04,244.35,150.79,tomato
data/Laboro-Tomato/train/images/IMG_1112.jpg,205.13,154.21,241.18,193.89,tomato
data/Laboro-Tomato/train/images/IMG_1112.jpg,196.66,175.39,217.87,196.84,tomato
data/Laboro-Tomato/train/images/IMG_1112.jpg,257.58,178.55,289.28,212.33,tomato
data/Laboro-Tomato/train/images/IMG_1112.jpg,294.78,207.77,321.00,238.33,tomato
data/Laboro-Tomato/train/images/IMG_1112.jpg,272.85,220.54,304.08,249.49,tomato
data/Laboro-Tomato/train/images/IMG_1112.jpg,261.45,258.43,298.62,291.27,tomato
data/Laboro-Tomato/train/images/IMG_1112.jpg,170.01,183.58,198.29,211.65,tomato
data/Laboro-Tomato/train/images/IMG_1112.jpg,153.34,161.93,182.09,193.42,tomato
data/Laboro-Tomato/train/images/IMG_1112.jpg,200.76,227.17,214.01,247.94,tomato
data/Laboro-Tomato/train/images/IMG_1112.jpg,92.45,96.71,132.81,133.18,tomato
data/Laboro-Tomato/train/images/IMG_1112.jpg,104.74,136.42,133.49,163.09,tomato
data/Laboro-Tomato/train/images/IMG_1112.jpg,127.33,148.02,144.00,170.14,tomato
data/Laboro-Tomato/train/images/IMG_1112.jpg,212.42,360.61,242.53,393.91,tomato
data/Laboro-Tomato/train/images/IMG_1112.jpg,218.13,322.97,248.00,353.53,tomato
data/Laboro-Tomato/train/images/IMG_1112.jpg,81.72,379.98,104.06,401.89,tomato
data/Laboro-Tomato/train/images/IMG_1112.jpg,105.91,384.33,123.24,401.89,tomato
data/Laboro-Tomato/train/images/IMG_1112.jpg,65.29,341.67,78.31,366.74,tomato
data/Laboro-Tomato/train/images/IMG_1112.jpg,124.62,383.16,144.47,401.40,tomato
data/Laboro-Tomato/train/images/IMG_1112.jpg,141.94,391.14,158.38,406.89,tomato
data/Laboro-Tomato/train/images/IMG_1112.jpg,269.20,350.35,308.20,393.71,tomato
data/Laboro-Tomato/train/images/IMG_1112.jpg,255.54,349.42,278.58,378.17,tomato
data/Laboro-Tomato/train/images/IMG_1112.jpg,255.54,314.79,285.88,346.70,tomato
data/Laboro-Tomato/train/images/IMG_1112.jpg,289.28,375.89,310.49,398.94,tomato
data/Laboro-Tomato/train/images/IMG_1112.jpg,254.39,384.54,264.18,395.26,tomato
data/Laboro-Tomato/train/images/IMG_1112.jpg,284.50,434.71,295.69,447.24,tomato
data/Laboro-Tomato/train/images/IMG_1112.jpg,289.75,307.25,325.57,344.19,tomato
data/Laboro-Tomato/train/images/IMG_1112.jpg,310.03,485.34,334.19,510.67,tomato
data/Laboro-Tomato/train/images/IMG_1112.jpg,374.13,416.73,385.09,428.33,tomato
data/Laboro-Tomato/train/images/IMG_1112.jpg,331.22,349.42,365.68,386.35,tomato
data/Laboro-Tomato/train/images/IMG_1112.jpg,260.53,454.78,271.02,464.36,tomato
data/Laboro-Tomato/train/images/IMG_1113.jpg,159.58,80.32,172.67,95.80,tomato
data/Laboro-Tomato/train/images/IMG_1113.jpg,125.66,46.80,155.62,77.73,tomato
data/Laboro-Tomato/train/images/IMG_1113.jpg,129.61,24.40,153.62,50.19,tomato
data/Laboro-Tomato/train/images/IMG_1113.jpg,80.05,12.72,115.76,48.20,tomato
data/Laboro-Tomato/train/images/IMG_1113.jpg,66.94,41.28,85.59,61.69,tomato
data/Laboro-Tomato/train/images/IMG_1113.jpg,96.49,68.63,113.54,84.28,tomato
data/Laboro-Tomato/train/images/IMG_1113.jpg,75.88,73.76,94.14,92.00,tomato
data/Laboro-Tomato/train/images/IMG_1113.jpg,132.99,95.21,150.24,115.62,tomato
data/Laboro-Tomato/train/images/IMG_1113.jpg,107.99,96.37,129.63,115.80,tomato
data/Laboro-Tomato/train/images/IMG_1113.jpg,127.41,127.35,141.52,144.81,tomato
data/Laboro-Tomato/train/images/IMG_1113.jpg,109.97,131.68,130.21,150.74,tomato
data/Laboro-Tomato/train/images/IMG_1113.jpg,99.48,140.40,126.25,165.22,tomato
data/Laboro-Tomato/train/images/IMG_1113.jpg,104.04,164.83,124.48,181.09,tomato
data/Laboro-Tomato/train/images/IMG_1113.jpg,160.38,256.85,196.66,286.01,tomato
data/Laboro-Tomato/train/images/IMG_1113.jpg,160.94,282.62,198.43,315.36,tomato
data/Laboro-Tomato/train/images/IMG_1113.jpg,184.37,307.43,218.67,337.37,tomato
data/Laboro-Tomato/train/images/IMG_1113.jpg,123.88,296.89,164.94,337.76,tomato
data/Laboro-Tomato/train/images/IMG_1113.jpg,134.99,336.16,178.62,369.67,tomato
data/Laboro-Tomato/train/images/IMG_1113.jpg,132.79,358.02,175.84,400.85,tomato
data/Laboro-Tomato/train/images/IMG_1113.jpg,298.39,100.96,335.49,138.46,tomato
data/Laboro-Tomato/train/images/IMG_1113.jpg,271.64,114.87,303.97,141.03,tomato
data/Laboro-Tomato/train/images/IMG_1113.jpg,290.47,136.67,325.78,172.57,tomato
data/Laboro-Tomato/train/images/IMG_1113.jpg,273.61,131.49,301.38,163.25,tomato
data/Laboro-Tomato/train/images/IMG_1113.jpg,266.28,159.23,296.43,187.21,tomato
data/Laboro-Tomato/train/images/IMG_1113.jpg,284.33,172.57,308.14,198.94,tomato
data/Laboro-Tomato/train/images/IMG_1113.jpg,291.28,181.87,320.23,209.63,tomato
data/Laboro-Tomato/train/images/IMG_1113.jpg,299.01,193.78,327.57,222.17,tomato
data/Laboro-Tomato/train/images/IMG_1113.jpg,324.58,51.18,363.23,93.24,tomato
data/Laboro-Tomato/train/images/IMG_1113.jpg,328.56,129.34,356.92,159.08,tomato
data/Laboro-Tomato/train/images/IMG_1113.jpg,342.04,147.16,369.62,167.57,tomato
data/Laboro-Tomato/train/images/IMG_1113.jpg,341.46,156.51,369.82,175.94,tomato
data/Laboro-Tomato/train/images/IMG_1113.jpg,356.10,136.83,376.93,156.88,tomato
data/Laboro-Tomato/train/images/IMG_1113.jpg,394.60,19.45,416.83,43.64,tomato
data/Laboro-Tomato/train/images/IMG_1113.jpg,414.44,0.39,449.36,20.02,tomato
data/Laboro-Tomato/train/images/IMG_1113.jpg,353.54,90.65,386.25,127.32,tomato
data/Laboro-Tomato/train/images/IMG_1113.jpg,375.35,58.33,392.41,78.74,tomato
data/Laboro-Tomato/train/images/IMG_1113.jpg,390.25,46.41,417.21,79.56,tomato
data/Laboro-Tomato/train/images/IMG_1113.jpg,407.70,44.63,442.19,80.32,tomato
data/Laboro-Tomato/train/images/IMG_1113.jpg,407.07,94.20,427.51,113.83,tomato
data/Laboro-Tomato/train/images/IMG_1113.jpg,380.50,120.77,409.87,152.73,tomato
data/Laboro-Tomato/train/images/IMG_1113.jpg,391.03,137.63,421.95,168.19,tomato
data/Laboro-Tomato/train/images/IMG_1113.jpg,387.86,154.10,411.44,174.51,tomato
data/Laboro-Tomato/train/images/IMG_1113.jpg,444.95,200.49,453.50,220.33,tomato
data/Laboro-Tomato/train/images/IMG_1113.jpg,400.16,197.15,413.45,213.21,tomato
data/Laboro-Tomato/train/images/IMG_1113.jpg,416.98,182.65,433.06,197.15,tomato
data/Laboro-Tomato/train/images/IMG_1113.jpg,425.72,35.30,450.51,57.11,tomato
data/Laboro-Tomato/train/images/IMG_1113.jpg,390.23,179.72,414.05,201.11,tomato
data/Laboro-Tomato/train/images/IMG_1113.jpg,384.85,197.36,403.11,214.04,tomato
data/Laboro-Tomato/train/images/IMG_1113.jpg,353.73,85.11,370.98,101.37,tomato
data/Laboro-Tomato/train/images/IMG_1113.jpg,202.02,377.65,217.49,395.10,tomato
data/Laboro-Tomato/train/images/IMG_1115.jpg,260.30,13.68,282.44,38.75,tomato
data/Laboro-Tomato/train/images/IMG_1115.jpg,433.67,54.93,453.52,103.99,tomato
data/Laboro-Tomato/train/images/IMG_1115.jpg,434.09,159.00,453.48,193.65,tomato
data/Laboro-Tomato/train/images/IMG_1115.jpg,398.51,142.32,436.62,177.70,tomato
data/Laboro-Tomato/train/images/IMG_1115.jpg,421.33,138.88,449.85,167.16,tomato
data/Laboro-Tomato/train/images/IMG_1115.jpg,395.11,88.06,416.09,108.57,tomato
data/Laboro-Tomato/train/images/IMG_1115.jpg,379.82,103.78,417.93,140.71,tomato
data/Laboro-Tomato/train/images/IMG_1115.jpg,365.47,93.76,396.47,126.81,tomato
data/Laboro-Tomato/train/images/IMG_1115.jpg,412.45,111.99,445.52,142.55,tomato
data/Laboro-Tomato/train/images/IMG_1115.jpg,388.50,136.39,416.55,164.47,tomato
data/Laboro-Tomato/train/images/IMG_1115.jpg,344.00,132.50,371.16,159.44,tomato
data/Laboro-Tomato/train/images/IMG_1115.jpg,371.88,162.63,395.57,186.82,tomato
data/Laboro-Tomato/train/images/IMG_1115.jpg,330.81,167.62,351.09,189.07,tomato
data/Laboro-Tomato/train/images/IMG_1115.jpg,342.45,202.54,350.88,211.45,tomato
data/Laboro-Tomato/train/images/IMG_1115.jpg,335.12,193.19,342.43,201.42,tomato
data/Laboro-Tomato/train/images/IMG_1115.jpg,365.25,197.98,388.06,222.64,tomato
data/Laboro-Tomato/train/images/IMG_1115.jpg,414.51,184.95,447.11,215.98,tomato
data/Laboro-Tomato/train/images/IMG_1115.jpg,437.32,218.98,453.29,243.59,tomato
data/Laboro-Tomato/train/images/IMG_1115.jpg,415.89,222.82,424.67,231.26,tomato
data/Laboro-Tomato/train/images/IMG_1115.jpg,377.80,226.94,389.18,237.30,tomato
data/Laboro-Tomato/train/images/IMG_1115.jpg,388.13,332.84,427.10,371.33,tomato
data/Laboro-Tomato/train/images/IMG_1115.jpg,249.23,192.80,289.48,239.01,tomato
data/Laboro-Tomato/train/images/IMG_1115.jpg,261.33,274.10,311.72,323.67,tomato
data/Laboro-Tomato/train/images/IMG_1115.jpg,247.03,266.56,271.62,291.74,tomato
data/Laboro-Tomato/train/images/IMG_1115.jpg,198.64,205.65,250.39,256.82,tomato
data/Laboro-Tomato/train/images/IMG_1115.jpg,195.09,201.11,207.17,211.63,tomato
data/Laboro-Tomato/train/images/IMG_1115.jpg,190.50,237.81,210.36,261.02,tomato
data/Laboro-Tomato/train/images/IMG_1115.jpg,178.21,215.98,195.07,230.85,tomato
data/Laboro-Tomato/train/images/IMG_1115.jpg,192.10,259.41,221.04,285.00,tomato
data/Laboro-Tomato/train/images/IMG_1115.jpg,195.07,287.98,230.97,323.67,tomato
data/Laboro-Tomato/train/images/IMG_1115.jpg,180.21,276.28,211.95,309.38,tomato
data/Laboro-Tomato/train/images/IMG_1115.jpg,176.64,301.45,202.00,328.44,tomato
data/Laboro-Tomato/train/images/IMG_1115.jpg,157.77,325.87,186.13,355.61,tomato
data/Laboro-Tomato/train/images/IMG_1115.jpg,141.71,296.32,168.87,323.10,tomato
data/Laboro-Tomato/train/images/IMG_1115.jpg,115.54,268.74,138.54,286.97,tomato
data/Laboro-Tomato/train/images/IMG_1115.jpg,142.89,322.87,165.12,346.28,tomato
data/Laboro-Tomato/train/images/IMG_1115.jpg,186.15,338.75,217.51,372.68,tomato
data/Laboro-Tomato/train/images/IMG_1115.jpg,175.84,353.22,202.80,381.20,tomato
data/Laboro-Tomato/train/images/IMG_1115.jpg,190.72,387.72,215.50,412.69,tomato
data/Laboro-Tomato/train/images/IMG_1115.jpg,169.89,387.96,190.33,410.18,tomato
data/Laboro-Tomato/train/images/IMG_1115.jpg,156.61,397.64,174.63,414.68,tomato
data/Laboro-Tomato/train/images/IMG_1115.jpg,232.75,312.38,256.76,338.33,tomato
data/Laboro-Tomato/train/images/IMG_1115.jpg,254.59,336.39,271.45,352.45,tomato
data/Laboro-Tomato/train/images/IMG_1115.jpg,214.11,337.55,240.68,361.75,tomato
data/Laboro-Tomato/train/images/IMG_1115.jpg,220.87,352.24,244.25,377.21,tomato
data/Laboro-Tomato/train/images/IMG_1115.jpg,327.33,57.71,345.17,75.52,tomato
data/Laboro-Tomato/train/images/IMG_1115.jpg,210.94,273.30,236.93,299.09,tomato
data/Laboro-Tomato/train/images/IMG_1117.jpg,432.05,18.75,447.67,36.16,tomato
data/Laboro-Tomato/train/images/IMG_1117.jpg,413.02,5.52,432.21,26.08,tomato
data/Laboro-Tomato/train/images/IMG_1117.jpg,399.50,52.47,414.34,68.84,tomato
data/Laboro-Tomato/train/images/IMG_1117.jpg,371.45,21.73,391.11,37.01,tomato
data/Laboro-Tomato/train/images/IMG_1117.jpg,371.16,29.68,391.86,51.85,tomato
data/Laboro-Tomato/train/images/IMG_1117.jpg,365.17,0.16,389.30,25.23,tomato
data/Laboro-Tomato/train/images/IMG_1117.jpg,345.54,0.18,367.29,18.16,tomato
data/Laboro-Tomato/train/images/IMG_1117.jpg,327.24,0.31,350.47,25.80,tomato
data/Laboro-Tomato/train/images/IMG_1117.jpg,345.23,75.01,360.53,90.75,tomato
data/Laboro-Tomato/train/images/IMG_1117.jpg,330.54,93.27,339.09,102.85,tomato
data/Laboro-Tomato/train/images/IMG_1117.jpg,308.36,1.50,327.39,23.67,tomato
data/Laboro-Tomato/train/images/IMG_1117.jpg,309.97,19.35,330.36,43.33,tomato
data/Laboro-Tomato/train/images/IMG_1117.jpg,312.98,63.46,321.84,73.50,tomato
data/Laboro-Tomato/train/images/IMG_1117.jpg,304.57,67.03,311.91,74.07,tomato
data/Laboro-Tomato/train/images/IMG_1117.jpg,289.57,36.42,301.58,52.47,tomato
data/Laboro-Tomato/train/images/IMG_1117.jpg,312.67,94.92,319.12,101.81,tomato
data/Laboro-Tomato/train/images/IMG_1117.jpg,118.79,146.52,150.14,176.20,tomato
data/Laboro-Tomato/train/images/IMG_1117.jpg,195.42,162.99,208.47,175.89,tomato
data/Laboro-Tomato/train/images/IMG_1117.jpg,230.21,195.70,241.59,206.37,tomato
data/Laboro-Tomato/train/images/IMG_1117.jpg,211.46,204.12,234.85,228.10,tomato
data/Laboro-Tomato/train/images/IMG_1117.jpg,202.02,208.75,214.77,224.81,tomato
data/Laboro-Tomato/train/images/IMG_1117.jpg,170.65,181.90,199.44,209.19,tomato
data/Laboro-Tomato/train/images/IMG_1117.jpg,130.00,219.68,152.06,239.78,tomato
data/Laboro-Tomato/train/images/IMG_1117.jpg,101.81,248.04,122.67,268.30,tomato
data/Laboro-Tomato/train/images/IMG_1117.jpg,158.20,226.60,184.00,250.58,tomato
data/Laboro-Tomato/train/images/IMG_1117.jpg,214.75,249.55,239.34,273.84,tomato
data/Laboro-Tomato/train/images/IMG_1117.jpg,194.04,248.04,214.90,270.27,tomato
data/Laboro-Tomato/train/images/IMG_1117.jpg,272.21,233.36,309.39,268.89,tomato
data/Laboro-Tomato/train/images/IMG_1117.jpg,308.63,276.56,323.47,292.31,tomato
data/Laboro-Tomato/train/images/IMG_1117.jpg,294.97,293.37,313.27,312.69,tomato
data/Laboro-Tomato/train/images/IMG_1117.jpg,267.54,273.84,284.06,289.43,tomato
data/Laboro-Tomato/train/images/IMG_1117.jpg,265.00,295.13,286.91,319.42,tomato
data/Laboro-Tomato/train/images/IMG_1117.jpg,251.19,283.89,268.87,305.49,tomato
data/Laboro-Tomato/train/images/IMG_1117.jpg,227.06,282.08,254.22,306.06,tomato
data/Laboro-Tomato/train/images/IMG_1117.jpg,231.26,297.82,261.83,327.09,tomato
data/Laboro-Tomato/train/images/IMG_1117.jpg,196.31,270.68,224.21,297.36,tomato
data/Laboro-Tomato/train/images/IMG_1117.jpg,151.75,252.08,173.35,272.75,tomato
data/Laboro-Tomato/train/images/IMG_1117.jpg,146.97,269.93,163.91,286.40,tomato
data/Laboro-Tomato/train/images/IMG_1117.jpg,169.45,279.54,187.44,294.09,tomato
data/Laboro-Tomato/train/images/IMG_1117.jpg,148.18,280.45,167.53,299.51,tomato
data/Laboro-Tomato/train/images/IMG_1117.jpg,266.50,346.57,291.09,371.48,tomato
data/Laboro-Tomato/train/images/IMG_1117.jpg,226.75,342.06,246.84,363.35,tomato
data/Laboro-Tomato/train/images/IMG_1117.jpg,238.76,371.48,252.70,386.35,tomato
data/Laboro-Tomato/train/images/IMG_1117.jpg,205.31,322.12,236.35,353.15,tomato
data/Laboro-Tomato/train/images/IMG_1117.jpg,187.01,299.92,202.59,310.59,tomato
data/Laboro-Tomato/train/images/IMG_1117.jpg,178.75,304.43,204.08,327.84,tomato
data/Laboro-Tomato/train/images/IMG_1117.jpg,155.50,309.97,176.05,330.38,tomato
data/Laboro-Tomato/train/images/IMG_1117.jpg,145.92,301.29,167.84,321.55,tomato
data/Laboro-Tomato/train/images/IMG_1117.jpg,136.78,287.62,157.02,310.88,tomato
data/Laboro-Tomato/train/images/IMG_1117.jpg,111.13,294.85,127.02,306.55,tomato
data/Laboro-Tomato/train/images/IMG_1117.jpg,117.45,299.30,138.43,317.02,tomato
data/Laboro-Tomato/train/images/IMG_1117.jpg,115.62,312.69,137.69,334.60,tomato
data/Laboro-Tomato/train/images/IMG_1117.jpg,99.40,301.14,118.01,321.39,tomato
data/Laboro-Tomato/train/images/IMG_1117.jpg,100.16,318.65,117.72,334.86,tomato
data/Laboro-Tomato/train/images/IMG_1117.jpg,125.37,333.95,144.25,352.40,tomato
data/Laboro-Tomato/train/images/IMG_1117.jpg,81.43,319.86,101.09,339.24,tomato
data/Laboro-Tomato/train/images/IMG_1117.jpg,89.24,332.94,106.03,347.50,tomato
data/Laboro-Tomato/train/images/IMG_1117.jpg,95.54,348.51,108.43,359.60,tomato
data/Laboro-Tomato/train/images/IMG_1117.jpg,77.10,347.76,96.88,365.32,tomato
data/Laboro-Tomato/train/images/IMG_1117.jpg,65.08,350.94,75.72,371.04,tomato
data/Laboro-Tomato/train/images/IMG_1117.jpg,101.09,369.98,109.95,379.15,tomato
data/Laboro-Tomato/train/images/IMG_1117.jpg,136.76,353.30,148.02,365.89,tomato
data/Laboro-Tomato/train/images/IMG_1117.jpg,104.82,381.69,115.93,392.62,tomato
data/Laboro-Tomato/train/images/IMG_1117.jpg,125.51,366.41,139.77,380.03,tomato
data/Laboro-Tomato/train/images/IMG_1117.jpg,116.20,388.58,127.32,399.09,tomato
data/Laboro-Tomato/train/images/IMG_1117.jpg,85.47,386.58,100.47,401.29,tomato
data/Laboro-Tomato/train/images/IMG_1117.jpg,65.25,392.31,83.24,409.56,tomato
data/Laboro-Tomato/train/images/IMG_1117.jpg,127.20,407.15,133.18,415.13,tomato
data/Laboro-Tomato/train/images/IMG_1117.jpg,178.73,337.27,195.40,355.09,tomato
data/Laboro-Tomato/train/images/IMG_1117.jpg,164.96,345.20,182.68,362.91,tomato
data/Laboro-Tomato/train/images/IMG_1117.jpg,162.42,386.04,178.31,399.97,tomato
data/Laboro-Tomato/train/images/IMG_1117.jpg,197.83,359.91,220.91,383.73,tomato
data/Laboro-Tomato/train/images/IMG_1117.jpg,201.99,379.69,219.55,394.72,tomato
data/Laboro-Tomato/train/images/IMG_1118.jpg,182.62,193.06,288.48,294.69,tomato
data/Laboro-Tomato/train/images/IMG_1118.jpg,116.55,387.00,211.89,486.87,tomato
data/Laboro-Tomato/train/images/IMG_1118.jpg,65.58,441.59,152.45,517.33,tomato
data/Laboro-Tomato/train/images/IMG_1118.jpg,386.23,11.45,425.43,52.47,tomato
data/Laboro-Tomato/train/images/IMG_1118.jpg,312.65,11.78,351.85,54.31,tomato
data/Laboro-Tomato/train/images/IMG_1118.jpg,345.50,237.71,384.11,274.80,tomato
data/Laboro-Tomato/train/images/IMG_1118.jpg,322.91,63.33,349.75,91.97,tomato
data/Laboro-Tomato/train/images/IMG_1118.jpg,309.02,101.06,334.97,131.21,tomato
data/Laboro-Tomato/train/images/IMG_1118.jpg,356.08,0.03,395.28,14.48,tomato
data/Laboro-Tomato/train/images/IMG_1118.jpg,423.62,16.29,452.30,48.25,tomato
data/Laboro-Tomato/train/images/IMG_1118.jpg,364.82,287.15,402.24,319.74,tomato
data/Laboro-Tomato/train/images/IMG_1118.jpg,423.33,282.62,452.90,310.07,tomato
data/Laboro-Tomato/train/images/IMG_1119.jpg,427.55,24.14,453.19,59.67,tomato
data/Laboro-Tomato/train/images/IMG_1119.jpg,390.82,9.17,430.87,52.06,tomato
data/Laboro-Tomato/train/images/IMG_1119.jpg,402.66,77.21,437.75,111.86,tomato
data/Laboro-Tomato/train/images/IMG_1119.jpg,418.69,123.44,446.90,149.24,tomato
data/Laboro-Tomato/train/images/IMG_1119.jpg,425.29,153.85,448.68,173.94,tomato
data/Laboro-Tomato/train/images/IMG_1119.jpg,343.26,72.88,376.87,107.07,tomato
data/Laboro-Tomato/train/images/IMG_1119.jpg,332.91,21.26,367.10,56.23,tomato
data/Laboro-Tomato/train/images/IMG_1119.jpg,304.74,47.81,332.48,79.62,tomato
data/Laboro-Tomato/train/images/IMG_1119.jpg,314.49,104.53,344.18,133.64,tomato
data/Laboro-Tomato/train/images/IMG_1119.jpg,284.66,86.51,307.89,111.27,tomato
data/Laboro-Tomato/train/images/IMG_1119.jpg,261.52,3.13,286.58,32.09,tomato
data/Laboro-Tomato/train/images/IMG_1119.jpg,292.76,129.11,312.84,152.06,tomato
data/Laboro-Tomato/train/images/IMG_1119.jpg,218.19,34.52,295.42,118.18,tomato
data/Laboro-Tomato/train/images/IMG_1119.jpg,349.56,191.48,370.42,211.73,tomato
data/Laboro-Tomato/train/images/IMG_1119.jpg,199.77,59.98,220.91,88.47,tomato
data/Laboro-Tomato/train/images/IMG_1119.jpg,182.52,85.00,205.60,108.73,tomato
data/Laboro-Tomato/train/images/IMG_1119.jpg,152.06,65.37,177.55,89.82,tomato
data/Laboro-Tomato/train/images/IMG_1119.jpg,143.52,97.93,165.58,120.56,tomato
data/Laboro-Tomato/train/images/IMG_1119.jpg,171.27,107.36,241.32,181.90,tomato
data/Laboro-Tomato/train/images/IMG_1119.jpg,207.56,166.90,271.00,231.55,tomato
data/Laboro-Tomato/train/images/IMG_1119.jpg,176.79,184.62,229.59,242.53,tomato
data/Laboro-Tomato/train/images/IMG_1119.jpg,173.66,237.68,212.05,279.38,tomato
data/Laboro-Tomato/train/images/IMG_1119.jpg,183.57,282.39,211.93,309.06,tomato
data/Laboro-Tomato/train/images/IMG_1119.jpg,151.62,261.41,187.16,298.13,tomato
data/Laboro-Tomato/train/images/IMG_1119.jpg,166.92,295.00,187.01,314.06,tomato
data/Laboro-Tomato/train/images/IMG_1119.jpg,158.53,296.32,168.28,308.49,tomato
data/Laboro-Tomato/train/images/IMG_1119.jpg,155.50,255.48,164.63,265.53,tomato
data/Laboro-Tomato/train/images/IMG_1119.jpg,138.45,276.20,149.29,287.80,tomato
data/Laboro-Tomato/train/images/IMG_1119.jpg,136.76,301.63,146.39,311.68,tomato
data/Laboro-Tomato/train/images/IMG_1119.jpg,200.49,324.37,226.01,345.61,tomato
data/Laboro-Tomato/train/images/IMG_1119.jpg,248.10,256.13,310.73,315.95,tomato
data/Laboro-Tomato/train/images/IMG_1119.jpg,285.71,249.55,325.72,298.19,tomato
data/Laboro-Tomato/train/images/IMG_1119.jpg,298.64,300.60,348.99,348.04,tomato
data/Laboro-Tomato/train/images/IMG_1119.jpg,341.57,342.86,360.38,360.48,tomato
data/Laboro-Tomato/train/images/IMG_1119.jpg,383.65,379.59,403.31,400.62,tomato
data/Laboro-Tomato/train/images/IMG_1119.jpg,427.98,311.81,452.99,334.76,tomato
data/Laboro-Tomato/train/images/IMG_1119.jpg,293.30,0.85,317.27,26.91,tomato
data/Laboro-Tomato/train/images/IMG_1119.jpg,319.33,16.06,337.09,35.53,tomato
data/Laboro-Tomato/train/images/IMG_1120.jpg,274.30,222.61,309.31,261.51,tomato
data/Laboro-Tomato/train/images/IMG_1120.jpg,189.26,256.72,229.08,293.50,tomato
data/Laboro-Tomato/train/images/IMG_1120.jpg,198.92,291.66,227.28,317.30,tomato
data/Laboro-Tomato/train/images/IMG_1120.jpg,208.59,140.25,226.07,165.89,tomato
data/Laboro-Tomato/train/images/IMG_1120.jpg,256.84,307.67,280.38,333.62,tomato
data/Laboro-Tomato/train/images/IMG_1120.jpg,195.28,205.72,222.13,237.68,tomato
data/Laboro-Tomato/train/images/IMG_1120.jpg,338.85,347.50,370.24,373.76,tomato
data/Laboro-Tomato/train/images/IMG_1120.jpg,185.96,201.19,209.77,224.71,tomato
data/Laboro-Tomato/train/images/IMG_1120.jpg,344.62,374.64,358.18,389.10,tomato
data/Laboro-Tomato/train/images/IMG_1120.jpg,89.40,74.83,105.40,92.90,tomato
data/Laboro-Tomato/train/images/IMG_1120.jpg,141.92,163.79,157.00,180.37,tomato
data/Laboro-Tomato/train/images/IMG_1123.jpg,370.87,295.60,411.58,338.44,tomato
data/Laboro-Tomato/train/images/IMG_1123.jpg,357.60,250.06,399.83,293.52,tomato
data/Laboro-Tomato/train/images/IMG_1123.jpg,300.57,221.99,334.64,258.20,tomato
data/Laboro-Tomato/train/images/IMG_1123.jpg,253.52,257.91,287.90,292.62,tomato
data/Laboro-Tomato/train/images/IMG_1123.jpg,216.73,286.56,253.83,323.96,tomato
data/Laboro-Tomato/train/images/IMG_1123.jpg,253.54,333.93,304.20,384.02,tomato
data/Laboro-Tomato/train/images/IMG_1123.jpg,303.58,340.56,329.22,368.89,tomato
data/Laboro-Tomato/train/images/IMG_1123.jpg,260.47,378.84,279.16,397.54,tomato
data/Laboro-Tomato/train/images/IMG_1123.jpg,288.21,370.71,332.54,417.48,tomato
data/Laboro-Tomato/train/images/IMG_1123.jpg,135.55,269.39,171.60,307.46,tomato
data/Laboro-Tomato/train/images/IMG_1123.jpg,96.57,308.37,147.89,351.46,tomato
data/Laboro-Tomato/train/images/IMG_1123.jpg,362.49,237.19,381.88,254.29,tomato
data/Laboro-Tomato/train/images/IMG_1124.jpg,421.82,0.00,453.48,31.39,tomato
data/Laboro-Tomato/train/images/IMG_1124.jpg,441.86,72.11,453.48,97.18,tomato
data/Laboro-Tomato/train/images/IMG_1124.jpg,424.56,68.63,441.65,85.52,tomato
data/Laboro-Tomato/train/images/IMG_1124.jpg,401.50,34.19,424.07,64.54,tomato
data/Laboro-Tomato/train/images/IMG_1124.jpg,380.73,35.82,408.55,65.71,tomato
data/Laboro-Tomato/train/images/IMG_1124.jpg,401.48,104.45,415.85,117.46,tomato
data/Laboro-Tomato/train/images/IMG_1124.jpg,426.11,145.04,437.53,155.09,tomato
data/Laboro-Tomato/train/images/IMG_1124.jpg,361.60,60.22,377.57,77.78,tomato
data/Laboro-Tomato/train/images/IMG_1124.jpg,340.62,16.63,366.61,45.84,tomato
data/Laboro-Tomato/train/images/IMG_1124.jpg,307.33,41.08,332.85,69.57,tomato
data/Laboro-Tomato/train/images/IMG_1124.jpg,287.01,27.84,303.67,48.82,tomato
data/Laboro-Tomato/train/images/IMG_1124.jpg,400.84,143.46,408.80,150.97,tomato
data/Laboro-Tomato/train/images/IMG_1124.jpg,312.11,136.36,338.33,163.97,tomato
data/Laboro-Tomato/train/images/IMG_1124.jpg,277.88,109.95,308.45,144.60,tomato
data/Laboro-Tomato/train/images/IMG_1124.jpg,290.64,158.53,318.46,186.56,tomato
data/Laboro-Tomato/train/images/IMG_1124.jpg,258.47,141.85,291.11,175.16,tomato
data/Laboro-Tomato/train/images/IMG_1124.jpg,235.01,122.71,270.83,162.39,tomato
data/Laboro-Tomato/train/images/IMG_1124.jpg,220.87,89.41,251.87,122.25,tomato
data/Laboro-Tomato/train/images/IMG_1124.jpg,263.95,183.58,282.21,202.75,tomato
data/Laboro-Tomato/train/images/IMG_1124.jpg,252.10,183.84,270.13,200.93,tomato
data/Laboro-Tomato/train/images/IMG_1124.jpg,168.61,93.08,197.60,124.99,tomato
data/Laboro-Tomato/train/images/IMG_1124.jpg,166.11,136.86,196.45,167.21,tomato
data/Laboro-Tomato/train/images/IMG_1124.jpg,176.83,155.79,211.06,188.89,tomato
data/Laboro-Tomato/train/images/IMG_1124.jpg,165.45,180.19,184.83,195.47,tomato
data/Laboro-Tomato/train/images/IMG_1124.jpg,153.33,154.86,176.83,177.18,tomato
data/Laboro-Tomato/train/images/IMG_1124.jpg,218.81,181.35,257.35,215.33,tomato
data/Laboro-Tomato/train/images/IMG_1124.jpg,225.43,221.24,262.14,257.29,tomato
data/Laboro-Tomato/train/images/IMG_1124.jpg,183.47,200.72,219.95,233.57,tomato
data/Laboro-Tomato/train/images/IMG_1124.jpg,219.49,265.24,248.66,293.06,tomato
data/Laboro-Tomato/train/images/IMG_1124.jpg,249.58,229.91,267.60,255.45,tomato
data/Laboro-Tomato/train/images/IMG_1124.jpg,185.05,237.92,216.28,266.41,tomato
data/Laboro-Tomato/train/images/IMG_1124.jpg,188.47,266.61,216.75,294.69,tomato
data/Laboro-Tomato/train/images/IMG_1124.jpg,169.99,301.55,203.99,339.63,tomato
data/Laboro-Tomato/train/images/IMG_1124.jpg,229.74,326.16,266.46,367.24,tomato
data/Laboro-Tomato/train/images/IMG_1124.jpg,202.61,356.25,245.73,402.10,tomato
data/Laboro-Tomato/train/images/IMG_1124.jpg,178.89,333.67,204.41,348.02,tomato
data/Laboro-Tomato/train/images/IMG_1124.jpg,155.17,365.40,193.48,404.87,tomato
data/Laboro-Tomato/train/images/IMG_1124.jpg,223.37,374.07,257.13,411.01,tomato
data/Laboro-Tomato/train/images/IMG_1124.jpg,202.63,397.98,229.32,425.12,tomato
data/Laboro-Tomato/train/images/IMG_1124.jpg,166.57,403.26,199.63,438.18,tomato
data/Laboro-Tomato/train/images/IMG_1124.jpg,224.27,315.18,246.84,342.79,tomato
data/Laboro-Tomato/train/images/IMG_1124.jpg,282.91,285.99,317.80,320.90,tomato
data/Laboro-Tomato/train/images/IMG_1124.jpg,281.53,243.38,314.82,279.18,tomato
data/Laboro-Tomato/train/images/IMG_1124.jpg,338.54,253.15,369.78,284.64,tomato
data/Laboro-Tomato/train/images/IMG_1125.jpg,389.26,276.92,428.77,314.01,tomato
data/Laboro-Tomato/train/images/IMG_1125.jpg,418.50,300.44,444.14,323.96,tomato
data/Laboro-Tomato/train/images/IMG_1125.jpg,399.48,408.39,414.28,419.27,tomato
data/Laboro-Tomato/train/images/IMG_1125.jpg,359.68,371.02,395.89,407.23,tomato
data/Laboro-Tomato/train/images/IMG_1125.jpg,335.86,273.87,363.29,308.26,tomato
data/Laboro-Tomato/train/images/IMG_1125.jpg,320.48,329.68,361.81,373.14,tomato
data/Laboro-Tomato/train/images/IMG_1125.jpg,284.60,266.93,342.21,321.83,tomato
data/Laboro-Tomato/train/images/IMG_1125.jpg,304.78,95.34,361.19,151.44,tomato
data/Laboro-Tomato/train/images/IMG_1125.jpg,233.90,160.17,302.39,224.71,tomato
data/Laboro-Tomato/train/images/IMG_1125.jpg,222.15,94.43,276.15,145.71,tomato
data/Laboro-Tomato/train/images/IMG_1125.jpg,224.85,150.50,257.44,186.40,tomato
data/Laboro-Tomato/train/images/IMG_1125.jpg,206.78,186.69,238.45,218.08,tomato
data/Laboro-Tomato/train/images/IMG_1125.jpg,157.29,193.03,204.65,246.13,tomato
data/Laboro-Tomato/train/images/IMG_1125.jpg,164.83,237.06,204.65,266.64,tomato
data/Laboro-Tomato/train/images/IMG_1125.jpg,166.65,262.11,210.98,305.83,tomato
data/Laboro-Tomato/train/images/IMG_1125.jpg,248.68,378.84,280.07,412.04,tomato
data/Laboro-Tomato/train/images/IMG_1125.jpg,197.73,326.68,245.09,376.46,tomato
data/Laboro-Tomato/train/images/IMG_1125.jpg,184.44,315.20,221.86,349.60,tomato
data/Laboro-Tomato/train/images/IMG_1125.jpg,103.31,468.74,135.86,503.13,tomato
data/Laboro-Tomato/train/images/IMG_1125.jpg,65.27,474.77,88.82,504.04,tomato
data/Laboro-Tomato/train/images/IMG_1125.jpg,74.34,488.32,103.29,516.08,tomato
data/Laboro-Tomato/train/images/IMG_1126.jpg,100.43,322.71,154.28,373.37,tomato
data/Laboro-Tomato/train/images/IMG_1126.jpg,94.49,289.43,147.87,333.20,tomato
data/Laboro-Tomato/train/images/IMG_1126.jpg,81.74,255.43,126.89,294.90,tomato
data/Laboro-Tomato/train/images/IMG_1126.jpg,128.01,211.21,173.62,256.85,tomato
data/Laboro-Tomato/train/images/IMG_1126.jpg,155.87,240.17,205.37,287.15,tomato
data/Laboro-Tomato/train/images/IMG_1126.jpg,198.27,190.21,256.20,245.43,tomato
data/Laboro-Tomato/train/images/IMG_1126.jpg,170.01,271.17,222.46,325.46,tomato
data/Laboro-Tomato/train/images/IMG_1126.jpg,162.46,315.67,199.17,349.44,tomato
data/Laboro-Tomato/train/images/IMG_1126.jpg,151.29,340.95,187.11,371.30,tomato
data/Laboro-Tomato/train/images/IMG_1126.jpg,136.25,278.30,174.79,322.07,tomato
data/Laboro-Tomato/train/images/IMG_1126.jpg,174.77,359.47,215.60,403.03,tomato
data/Laboro-Tomato/train/images/IMG_1126.jpg,219.95,275.29,253.48,316.58,tomato
data/Laboro-Tomato/train/images/IMG_1126.jpg,201.95,314.76,232.95,350.35,tomato
data/Laboro-Tomato/train/images/IMG_1126.jpg,234.33,311.34,264.44,348.28,tomato
data/Laboro-Tomato/train/images/IMG_1126.jpg,235.71,218.93,281.08,264.57,tomato
data/Laboro-Tomato/train/images/IMG_1126.jpg,257.11,269.13,292.70,306.06,tomato
data/Laboro-Tomato/train/images/IMG_1126.jpg,259.17,305.15,301.13,349.18,tomato
data/Laboro-Tomato/train/images/IMG_1126.jpg,296.12,344.39,335.59,384.74,tomato
data/Laboro-Tomato/train/images/IMG_1126.jpg,257.33,358.77,288.13,391.40,tomato
data/Laboro-Tomato/train/images/IMG_1126.jpg,267.62,387.52,290.19,410.10,tomato
data/Laboro-Tomato/train/images/IMG_1126.jpg,343.55,357.60,368.88,381.79,tomato
data/Laboro-Tomato/train/images/IMG_1126.jpg,315.27,299.95,347.44,333.46,tomato
data/Laboro-Tomato/train/images/IMG_1126.jpg,298.88,239.03,330.11,268.92,tomato
data/Laboro-Tomato/train/images/IMG_1126.jpg,307.99,204.38,326.91,223.08,tomato
data/Laboro-Tomato/train/images/IMG_1126.jpg,326.67,143.23,352.66,168.09,tomato
data/Laboro-Tomato/train/images/IMG_1126.jpg,303.44,156.72,336.50,191.38,tomato
data/Laboro-Tomato/train/images/IMG_1126.jpg,309.13,108.78,336.95,132.30,tomato
data/Laboro-Tomato/train/images/IMG_1126.jpg,272.87,109.25,313.70,151.20,tomato
data/Laboro-Tomato/train/images/IMG_1126.jpg,276.71,141.18,311.17,168.79,tomato
data/Laboro-Tomato/train/images/IMG_1127.jpg,307.79,294.98,383.51,375.21,tomato
data/Laboro-Tomato/train/images/IMG_1127.jpg,252.59,258.22,343.69,353.85,tomato
data/Laboro-Tomato/train/images/IMG_1127.jpg,273.12,170.42,357.89,261.49,tomato
data/Laboro-Tomato/train/images/IMG_1127.jpg,226.36,177.36,276.44,235.28,tomato
data/Laboro-Tomato/train/images/IMG_1127.jpg,257.15,97.75,323.51,172.86,tomato
data/Laboro-Tomato/train/images/IMG_1127.jpg,321.37,128.46,388.35,197.25,tomato
data/Laboro-Tomato/train/images/IMG_1127.jpg,370.26,183.37,407.37,224.71,tomato
data/Laboro-Tomato/train/images/IMG_1133.jpg,416.42,142.04,439.84,163.48,tomato
data/Laboro-Tomato/train/images/IMG_1133.jpg,401.60,156.88,421.49,177.54,tomato
data/Laboro-Tomato/train/images/IMG_1133.jpg,387.55,135.41,411.76,157.26,tomato
data/Laboro-Tomato/train/images/IMG_1133.jpg,331.78,165.42,353.62,184.95,tomato
data/Laboro-Tomato/train/images/IMG_1133.jpg,348.16,126.00,372.36,148.64,tomato
data/Laboro-Tomato/train/images/IMG_1133.jpg,373.14,96.79,403.95,125.64,tomato
data/Laboro-Tomato/train/images/IMG_1133.jpg,360.63,67.11,392.60,97.93,tomato
data/Laboro-Tomato/train/images/IMG_1133.jpg,323.57,74.90,348.94,104.53,tomato
data/Laboro-Tomato/train/images/IMG_1133.jpg,165.93,388.60,200.66,425.28,tomato
data/Laboro-Tomato/train/images/IMG_1133.jpg,195.98,365.63,223.68,392.93,tomato
data/Laboro-Tomato/train/images/IMG_1133.jpg,301.73,422.17,333.71,457.29,tomato
data/Laboro-Tomato/train/images/IMG_1133.jpg,319.66,382.78,340.72,403.44,tomato
data/Laboro-Tomato/train/images/IMG_1133.jpg,273.64,370.29,301.73,404.22,tomato
data/Laboro-Tomato/train/images/IMG_1133.jpg,236.54,361.72,277.92,404.61,tomato
data/Laboro-Tomato/train/images/IMG_1133.jpg,150.33,202.51,192.87,243.49,tomato
data/Laboro-Tomato/train/images/IMG_1133.jpg,123.80,238.00,172.94,285.60,tomato
data/Laboro-Tomato/train/images/IMG_1133.jpg,212.75,329.68,247.48,365.99,tomato
data/Laboro-Tomato/train/images/IMG_1133.jpg,222.11,275.47,259.56,307.48,tomato
data/Laboro-Tomato/train/images/IMG_1133.jpg,228.38,292.26,275.59,342.61,tomato
data/Laboro-Tomato/train/images/IMG_1133.jpg,167.89,294.17,217.04,342.55,tomato
data/Laboro-Tomato/train/images/IMG_1135.jpg,228.29,16.45,249.03,40.95,tomato
data/Laboro-Tomato/train/images/IMG_1135.jpg,228.29,41.85,246.16,62.06,tomato
data/Laboro-Tomato/train/images/IMG_1135.jpg,206.49,40.56,227.63,63.66,tomato
data/Laboro-Tomato/train/images/IMG_1135.jpg,192.45,17.87,215.64,43.05,tomato
data/Laboro-Tomato/train/images/IMG_1135.jpg,136.35,0.13,161.41,26.18,tomato
data/Laboro-Tomato/train/images/IMG_1135.jpg,139.34,21.00,164.24,44.99,tomato
data/Laboro-Tomato/train/images/IMG_1135.jpg,146.66,0.00,163.21,6.11,tomato
data/Laboro-Tomato/train/images/IMG_1135.jpg,234.29,290.78,252.28,309.69,tomato
data/Laboro-Tomato/train/images/IMG_1135.jpg,227.49,286.76,243.54,305.31,tomato
data/Laboro-Tomato/train/images/IMG_1135.jpg,245.89,301.09,263.37,318.96,tomato
data/Laboro-Tomato/train/images/IMG_1135.jpg,241.71,284.74,253.79,297.59,tomato
data/Laboro-Tomato/train/images/IMG_1135.jpg,248.29,241.91,259.87,253.41,tomato
data/Laboro-Tomato/train/images/IMG_1135.jpg,253.54,250.53,264.42,261.15,tomato
data/Laboro-Tomato/train/images/IMG_1135.jpg,245.15,212.20,259.29,225.93,tomato
data/Laboro-Tomato/train/images/IMG_1135.jpg,261.00,202.12,272.42,213.00,tomato
data/Laboro-Tomato/train/images/IMG_1135.jpg,270.17,197.72,283.45,210.67,tomato
data/Laboro-Tomato/train/images/IMG_1135.jpg,336.76,105.28,350.74,118.91,tomato
data/Laboro-Tomato/train/images/IMG_1135.jpg,304.78,114.48,318.30,128.98,tomato
data/Laboro-Tomato/train/images/IMG_1135.jpg,329.35,116.68,342.06,129.78,tomato
data/Laboro-Tomato/train/images/IMG_1135.jpg,309.33,145.64,321.84,159.26,tomato
data/Laboro-Tomato/train/images/IMG_1135.jpg,301.65,125.12,314.28,138.44,tomato
data/Laboro-Tomato/train/images/IMG_1135.jpg,300.45,141.28,310.82,152.73,tomato
data/Laboro-Tomato/train/images/IMG_1135.jpg,305.21,160.04,318.03,173.45,tomato
data/Laboro-Tomato/train/images/IMG_1135.jpg,316.46,163.01,328.38,175.45,tomato
data/Laboro-Tomato/train/images/IMG_1135.jpg,318.42,133.10,329.37,144.55,tomato
data/Laboro-Tomato/train/images/IMG_1135.jpg,324.89,142.84,336.97,155.53,tomato
data/Laboro-Tomato/train/images/IMG_1135.jpg,320.71,143.54,327.70,150.17,tomato
data/Laboro-Tomato/train/images/IMG_1135.jpg,334.21,128.98,342.80,139.13,tomato
data/Laboro-Tomato/train/images/IMG_1135.jpg,327.70,129.63,337.26,140.97,tomato
data/Laboro-Tomato/train/images/IMG_1135.jpg,381.76,40.02,391.75,49.81,tomato
data/Laboro-Tomato/train/images/IMG_1135.jpg,374.25,37.94,383.88,48.98,tomato
data/Laboro-Tomato/train/images/IMG_1135.jpg,373.04,29.73,382.29,39.78,tomato
data/Laboro-Tomato/train/images/IMG_1135.jpg,389.75,27.43,398.68,38.15,tomato
data/Laboro-Tomato/train/images/IMG_1135.jpg,392.51,11.55,401.36,22.22,tomato
data/Laboro-Tomato/train/images/IMG_1135.jpg,369.89,4.04,377.51,12.64,tomato
data/Laboro-Tomato/train/images/IMG_1135.jpg,396.47,34.01,404.16,41.83,tomato
data/Laboro-Tomato/train/images/IMG_1135.jpg,410.92,23.78,418.22,31.96,tomato
data/Laboro-Tomato/train/images/IMG_1135.jpg,405.11,101.17,413.00,109.14,tomato
data/Laboro-Tomato/train/images/IMG_1135.jpg,404.45,108.99,411.25,116.65,tomato
data/Laboro-Tomato/train/images/IMG_1135.jpg,400.94,111.32,408.16,118.98,tomato
data/Laboro-Tomato/train/images/IMG_1135.jpg,422.34,124.37,429.34,131.62,tomato
data/Laboro-Tomato/train/images/IMG_1135.jpg,411.66,125.69,419.12,133.00,tomato
data/Laboro-Tomato/train/images/IMG_1136.jpg,215.16,146.44,277.86,211.91,tomato
data/Laboro-Tomato/train/images/IMG_1136.jpg,200.78,101.04,254.39,156.20,tomato
data/Laboro-Tomato/train/images/IMG_1136.jpg,240.93,190.68,288.83,225.80,tomato
data/Laboro-Tomato/train/images/IMG_1136.jpg,272.65,217.56,332.17,279.62,tomato
data/Laboro-Tomato/train/images/IMG_1136.jpg,208.08,295.96,233.96,321.50,tomato
data/Laboro-Tomato/train/images/IMG_1136.jpg,160.16,301.29,184.99,325.28,tomato
data/Laboro-Tomato/train/images/IMG_1136.jpg,188.97,317.48,211.89,339.55,tomato
data/Laboro-Tomato/train/images/IMG_1136.jpg,156.16,326.11,179.28,349.05,tomato
data/Laboro-Tomato/train/images/IMG_1136.jpg,168.59,259.03,188.60,276.79,tomato
data/Laboro-Tomato/train/images/IMG_1136.jpg,190.49,242.11,209.29,263.35,tomato
data/Laboro-Tomato/train/images/IMG_1136.jpg,229.45,341.13,245.15,357.34,tomato
data/Laboro-Tomato/train/images/IMG_1136.jpg,207.91,325.95,226.36,343.20,tomato
data/Laboro-Tomato/train/images/IMG_1136.jpg,181.53,338.72,200.68,350.12,tomato
data/Laboro-Tomato/train/images/IMG_1136.jpg,305.70,306.79,361.21,360.61,tomato
data/Laboro-Tomato/train/images/IMG_1136.jpg,298.45,293.21,339.16,329.94,tomato
data/Laboro-Tomato/train/images/IMG_1136.jpg,292.25,334.42,328.66,371.82,tomato
data/Laboro-Tomato/train/images/IMG_1136.jpg,278.27,370.45,306.74,397.33,tomato
data/Laboro-Tomato/train/images/IMG_1136.jpg,316.90,375.96,362.59,419.58,tomato
data/Laboro-Tomato/train/images/IMG_1136.jpg,314.15,412.54,343.83,442.89,tomato
data/Laboro-Tomato/train/images/IMG_1136.jpg,282.07,407.85,317.08,440.64,tomato
data/Laboro-Tomato/train/images/IMG_1136.jpg,357.42,152.14,377.08,171.10,tomato
data/Laboro-Tomato/train/images/IMG_1136.jpg,412.98,255.40,433.49,277.31,tomato
data/Laboro-Tomato/train/images/IMG_1136.jpg,410.40,277.49,432.11,297.18,tomato
data/Laboro-Tomato/train/images/IMG_1136.jpg,422.26,233.15,448.14,255.74,tomato
data/Laboro-Tomato/train/images/IMG_1136.jpg,406.59,218.31,430.56,239.19,tomato
data/Laboro-Tomato/train/images/IMG_1136.jpg,435.07,255.09,453.52,275.96,tomato
data/Laboro-Tomato/train/images/IMG_1136.jpg,371.60,250.22,392.97,273.17,tomato
data/Laboro-Tomato/train/images/IMG_1136.jpg,378.15,269.90,398.31,290.26,tomato
data/Laboro-Tomato/train/images/IMG_1136.jpg,376.56,288.22,394.86,304.58,tomato
data/Laboro-Tomato/train/images/IMG_1136.jpg,362.28,219.53,383.65,240.56,tomato
data/Laboro-Tomato/train/images/IMG_1136.jpg,352.10,184.72,369.35,200.05,tomato
data/Laboro-Tomato/train/images/IMG_1136.jpg,328.29,179.69,345.54,196.79,tomato
data/Laboro-Tomato/train/images/IMG_1136.jpg,335.86,192.44,351.56,206.94,tomato
data/Laboro-Tomato/train/images/IMG_1136.jpg,372.96,174.88,392.78,193.84,tomato
data/Laboro-Tomato/train/images/IMG_1136.jpg,317.78,169.54,332.42,184.36,tomato
data/Laboro-Tomato/train/images/IMG_1136.jpg,350.18,199.69,366.92,215.23,tomato
data/Laboro-Tomato/train/images/IMG_1136.jpg,380.87,192.28,398.47,208.86,tomato
data/Laboro-Tomato/train/images/IMG_1136.jpg,402.63,330.64,420.22,347.01,tomato
data/Laboro-Tomato/train/images/IMG_1136.jpg,380.91,207.82,396.95,221.29,tomato
data/Laboro-Tomato/train/images/IMG_1136.jpg,337.59,206.24,352.08,217.79,tomato
data/Laboro-Tomato/train/images/IMG_1136.jpg,324.32,192.95,339.32,209.53,tomato
data/Laboro-Tomato/train/images/IMG_1136.jpg,407.62,204.04,428.83,221.44,tomato
data/Laboro-Tomato/train/images/IMG_1136.jpg,193.26,285.06,209.31,300.60,tomato
data/Laboro-Tomato/train/images/IMG_1136.jpg,180.48,306.97,195.13,324.58,tomato
data/Laboro-Tomato/train/images/IMG_1138.jpg,210.36,109.09,274.34,179.64,tomato
data/Laboro-Tomato/train/images/IMG_1138.jpg,196.18,125.12,228.69,177.08,tomato
data/Laboro-Tomato/train/images/IMG_1138.jpg,263.87,156.85,291.92,181.51,tomato
data/Laboro-Tomato/train/images/IMG_1138.jpg,259.41,193.81,308.98,246.80,tomato
data/Laboro-Tomato/train/images/IMG_1138.jpg,289.84,292.75,310.55,310.31,tomato
data/Laboro-Tomato/train/images/IMG_1138.jpg,301.36,240.82,343.87,284.33,tomato
data/Laboro-Tomato/train/images/IMG_1138.jpg,283.26,324.19,309.75,353.04,tomato
data/Laboro-Tomato/train/images/IMG_1138.jpg,303.73,333.64,333.65,365.14,tomato
data/Laboro-Tomato/train/images/IMG_1138.jpg,296.41,362.76,331.80,399.22,tomato
data/Laboro-Tomato/train/images/IMG_1138.jpg,307.95,397.12,339.15,432.81,tomato
data/Laboro-Tomato/train/images/IMG_1138.jpg,271.74,116.96,302.16,148.98,tomato
data/Laboro-Tomato/train/images/IMG_1139.jpg,270.42,343.85,319.56,392.44,tomato
data/Laboro-Tomato/train/images/IMG_1139.jpg,243.26,326.68,310.51,377.08,tomato
data/Laboro-Tomato/train/images/IMG_1139.jpg,226.05,247.97,319.88,336.34,tomato
data/Laboro-Tomato/train/images/IMG_1139.jpg,164.83,198.19,232.39,269.98,tomato
data/Laboro-Tomato/train/images/IMG_1139.jpg,247.50,422.30,279.16,458.20,tomato
data/Laboro-Tomato/train/images/IMG_1139.jpg,235.43,447.94,270.71,493.78,tomato
data/Laboro-Tomato/train/images/IMG_1139.jpg,242.64,490.44,277.02,517.59,tomato
data/Laboro-Tomato/train/images/IMG_1139.jpg,213.68,398.16,244.45,426.18,tomato
data/Laboro-Tomato/train/images/IMG_1139.jpg,133.14,165.60,169.35,196.68,tomato
data/Laboro-Tomato/train/images/IMG_1140.jpg,325.51,311.37,409.00,392.90,tomato
data/Laboro-Tomato/train/images/IMG_1140.jpg,141.34,271.56,195.57,332.43,tomato
data/Laboro-Tomato/train/images/IMG_1140.jpg,148.76,339.06,218.22,429.97,tomato
data/Laboro-Tomato/train/images/IMG_1140.jpg,256.84,283.24,307.58,343.33,tomato
data/Laboro-Tomato/train/images/IMG_1140.jpg,330.60,374.57,392.25,410.83,tomato
data/Laboro-Tomato/train/images/IMG_1140.jpg,338.02,426.06,382.50,474.85,tomato
data/Laboro-Tomato/train/images/IMG_1141.jpg,362.69,181.56,453.48,267.24,tomato
data/Laboro-Tomato/train/images/IMG_1141.jpg,347.34,292.00,435.10,370.73,tomato
data/Laboro-Tomato/train/images/IMG_1141.jpg,325.92,366.20,391.96,439.81,tomato
data/Laboro-Tomato/train/images/IMG_1141.jpg,294.55,139.34,364.82,207.51,tomato
data/Laboro-Tomato/train/images/IMG_1141.jpg,273.12,199.97,337.69,259.08,tomato
data/Laboro-Tomato/train/images/IMG_1141.jpg,271.00,248.54,338.56,316.08,tomato
data/Laboro-Tomato/train/images/IMG_1141.jpg,255.64,321.24,319.27,381.58,tomato
data/Laboro-Tomato/train/images/IMG_1141.jpg,255.03,258.51,295.17,315.54,tomato
data/Laboro-Tomato/train/images/IMG_1141.jpg,244.78,308.86,287.32,358.95,tomato
data/Laboro-Tomato/train/images/IMG_1141.jpg,215.19,337.24,253.81,373.45,tomato
data/Laboro-Tomato/train/images/IMG_1141.jpg,191.40,306.16,238.45,348.07,tomato
data/Laboro-Tomato/train/images/IMG_1141.jpg,204.04,222.01,253.23,266.04,tomato
data/Laboro-Tomato/train/images/IMG_1141.jpg,217.91,180.39,266.79,233.18,tomato
data/Laboro-Tomato/train/images/IMG_1141.jpg,192.56,243.72,242.95,291.38,tomato
data/Laboro-Tomato/train/images/IMG_1141.jpg,153.66,248.25,197.71,294.72,tomato
data/Laboro-Tomato/train/images/IMG_1141.jpg,124.13,272.96,167.25,312.79,tomato
data/Laboro-Tomato/train/images/IMG_1141.jpg,121.68,167.11,170.87,218.70,tomato
data/Laboro-Tomato/train/images/IMG_1141.jpg,101.50,207.54,143.42,250.06,tomato
data/Laboro-Tomato/train/images/IMG_1141.jpg,96.97,257.01,138.00,289.59,tomato
data/Laboro-Tomato/train/images/IMG_1143.jpg,156.96,138.12,232.64,212.25,tomato
data/Laboro-Tomato/train/images/IMG_1143.jpg,292.37,162.73,360.24,230.23,tomato
data/Laboro-Tomato/train/images/IMG_1143.jpg,183.88,235.66,236.95,281.71,tomato
data/Laboro-Tomato/train/images/IMG_1143.jpg,241.22,215.77,292.35,274.67,tomato
data/Laboro-Tomato/train/images/IMG_1144.jpg,186.25,42.53,275.53,134.52,tomato
data/Laboro-Tomato/train/images/IMG_1144.jpg,324.69,117.95,409.74,206.01,tomato
data/Laboro-Tomato/train/images/IMG_1144.jpg,390.45,122.48,415.78,172.57,tomato
data/Laboro-Tomato/train/images/IMG_1144.jpg,313.54,209.32,399.21,285.06,tomato
data/Laboro-Tomato/train/images/IMG_1144.jpg,304.80,247.06,362.42,292.59,tomato
data/Laboro-Tomato/train/images/IMG_1144.jpg,286.37,290.81,368.73,372.55,tomato
data/Laboro-Tomato/train/images/IMG_1144.jpg,286.08,288.97,318.05,318.85,tomato
data/Laboro-Tomato/train/images/IMG_1144.jpg,266.18,357.42,290.62,385.18,tomato
data/Laboro-Tomato/train/images/IMG_1144.jpg,185.05,151.44,262.28,231.68,tomato
data/Laboro-Tomato/train/images/IMG_1144.jpg,239.96,175.55,276.75,230.15,tomato
data/Laboro-Tomato/train/images/IMG_1144.jpg,162.73,228.65,242.95,296.81,tomato
data/Laboro-Tomato/train/images/IMG_1144.jpg,165.45,296.81,230.91,361.98,tomato
data/Laboro-Tomato/train/images/IMG_1146.jpg,186.45,296.55,202.22,310.64,tomato
data/Laboro-Tomato/train/images/IMG_1146.jpg,209.23,288.19,222.79,300.57,tomato
data/Laboro-Tomato/train/images/IMG_1146.jpg,167.14,287.28,182.13,300.96,tomato
data/Laboro-Tomato/train/images/IMG_1146.jpg,180.17,311.65,195.05,325.07,tomato
data/Laboro-Tomato/train/images/IMG_1146.jpg,161.64,300.08,175.20,312.61,tomato
data/Laboro-Tomato/train/images/IMG_1146.jpg,170.79,324.22,183.84,337.37,tomato
data/Laboro-Tomato/train/images/IMG_1146.jpg,163.06,333.33,168.42,338.41,tomato
data/Laboro-Tomato/train/images/IMG_1146.jpg,149.01,316.11,159.31,325.90,tomato
data/Laboro-Tomato/train/images/IMG_1146.jpg,215.50,298.73,228.95,310.75,tomato
data/Laboro-Tomato/train/images/IMG_1146.jpg,242.68,271.61,255.38,283.16,tomato
data/Laboro-Tomato/train/images/IMG_1146.jpg,235.88,267.42,249.60,280.21,tomato
data/Laboro-Tomato/train/images/IMG_1146.jpg,218.42,269.64,229.30,279.95,tomato
data/Laboro-Tomato/train/images/IMG_1146.jpg,222.73,279.07,231.36,288.03,tomato
data/Laboro-Tomato/train/images/IMG_1146.jpg,230.44,279.62,242.14,292.77,tomato
data/Laboro-Tomato/train/images/IMG_1146.jpg,226.58,315.25,237.46,325.10,tomato
data/Laboro-Tomato/train/images/IMG_1146.jpg,235.43,324.86,238.93,327.82,tomato
data/Laboro-Tomato/train/images/IMG_1146.jpg,238.17,283.29,247.69,294.28,tomato
data/Laboro-Tomato/train/images/IMG_1146.jpg,238.81,295.08,246.43,302.80,tomato
data/Laboro-Tomato/train/images/IMG_1146.jpg,241.55,302.30,252.78,314.32,tomato
data/Laboro-Tomato/train/images/IMG_1146.jpg,248.84,318.67,257.00,326.13,tomato
data/Laboro-Tomato/train/images/IMG_1146.jpg,259.91,259.78,269.78,268.27,tomato
data/Laboro-Tomato/train/images/IMG_1146.jpg,255.60,283.97,268.42,295.99,tomato
data/Laboro-Tomato/train/images/IMG_1146.jpg,257.07,295.86,267.18,305.75,tomato
data/Laboro-Tomato/train/images/IMG_1146.jpg,239.98,67.70,249.62,77.44,tomato
data/Laboro-Tomato/train/images/IMG_1146.jpg,242.12,57.14,249.73,65.32,tomato
data/Laboro-Tomato/train/images/IMG_1146.jpg,256.08,74.05,263.58,84.25,tomato
data/Laboro-Tomato/train/images/IMG_1146.jpg,245.21,81.30,250.53,88.09,tomato
data/Laboro-Tomato/train/images/IMG_1146.jpg,285.32,36.29,296.43,52.50,tomato
data/Laboro-Tomato/train/images/IMG_1146.jpg,287.16,67.81,301.11,82.00,tomato
data/Laboro-Tomato/train/images/IMG_1146.jpg,294.97,45.12,308.92,59.52,tomato
data/Laboro-Tomato/train/images/IMG_1146.jpg,319.45,54.44,332.15,67.60,tomato
data/Laboro-Tomato/train/images/IMG_1146.jpg,305.29,55.22,319.82,69.62,tomato
data/Laboro-Tomato/train/images/IMG_1146.jpg,292.58,91.43,300.28,100.03,tomato
data/Laboro-Tomato/train/images/IMG_1146.jpg,296.99,103.42,305.50,112.59,tomato
data/Laboro-Tomato/train/images/IMG_1146.jpg,310.63,105.59,316.42,110.93,tomato
data/Laboro-Tomato/train/images/IMG_1146.jpg,312.77,94.48,322.28,104.12,tomato
data/Laboro-Tomato/train/images/IMG_1146.jpg,309.70,75.42,322.63,88.68,tomato
data/Laboro-Tomato/train/images/IMG_1146.jpg,320.15,77.34,332.85,91.53,tomato
data/Laboro-Tomato/train/images/IMG_1146.jpg,328.09,76.33,337.26,85.39,tomato
data/Laboro-Tomato/train/images/IMG_1146.jpg,319.70,95.03,325.37,102.85,tomato
data/Laboro-Tomato/train/images/IMG_1146.jpg,325.35,88.79,333.63,97.28,tomato
data/Laboro-Tomato/train/images/IMG_1146.jpg,327.98,96.17,336.60,105.44,tomato
data/Laboro-Tomato/train/images/IMG_1146.jpg,335.67,89.35,347.48,101.27,tomato
data/Laboro-Tomato/train/images/IMG_1146.jpg,317.99,256.28,327.16,265.45,tomato
data/Laboro-Tomato/train/images/IMG_1146.jpg,324.60,214.63,332.29,222.25,tomato
data/Laboro-Tomato/train/images/IMG_1146.jpg,371.74,138.46,381.03,146.96,tomato
data/Laboro-Tomato/train/images/IMG_1146.jpg,360.53,130.28,368.46,137.53,tomato
data/Laboro-Tomato/train/images/IMG_1146.jpg,373.12,152.45,383.76,162.29,tomato
data/Laboro-Tomato/train/images/IMG_1146.jpg,348.76,124.42,356.38,132.50,tomato
data/Laboro-Tomato/train/images/IMG_1146.jpg,389.88,152.14,399.95,162.60,tomato
data/Laboro-Tomato/train/images/IMG_1146.jpg,390.80,165.45,400.04,173.32,tomato
data/Laboro-Tomato/train/images/IMG_1146.jpg,383.38,172.23,390.29,180.73,tomato
data/Laboro-Tomato/train/images/IMG_1146.jpg,375.90,162.81,385.96,172.65,tomato
data/Laboro-Tomato/train/images/IMG_1146.jpg,371.45,159.34,380.23,167.11,tomato
data/Laboro-Tomato/train/images/IMG_1146.jpg,357.95,154.03,367.23,162.89,tomato
data/Laboro-Tomato/train/images/IMG_1146.jpg,345.73,135.09,352.02,141.41,tomato
data/Laboro-Tomato/train/images/IMG_1146.jpg,353.01,144.06,360.20,151.83,tomato
data/Laboro-Tomato/train/images/IMG_1146.jpg,369.00,171.30,377.47,179.28,tomato
data/Laboro-Tomato/train/images/IMG_1146.jpg,368.01,180.73,374.42,187.15,tomato
data/Laboro-Tomato/train/images/IMG_1146.jpg,357.25,164.41,365.52,172.18,tomato
data/Laboro-Tomato/train/images/IMG_1146.jpg,357.46,174.75,365.23,181.64,tomato
data/Laboro-Tomato/train/images/IMG_1146.jpg,347.19,197.75,354.37,204.43,tomato
data/Laboro-Tomato/train/images/IMG_1146.jpg,348.20,206.03,353.60,212.41,tomato
data/Laboro-Tomato/train/images/IMG_1146.jpg,343.40,205.78,349.85,211.94,tomato
data/Laboro-Tomato/train/images/IMG_1146.jpg,342.18,142.11,345.24,144.96,tomato
data/Laboro-Tomato/train/images/IMG_1146.jpg,352.41,307.74,358.16,313.34,tomato
data/Laboro-Tomato/train/images/IMG_1146.jpg,344.45,304.40,350.20,309.74,tomato
data/Laboro-Tomato/train/images/IMG_1147.jpg,153.07,293.81,246.31,385.91,tomato
data/Laboro-Tomato/train/images/IMG_1147.jpg,165.16,244.63,238.12,300.83,tomato
data/Laboro-Tomato/train/images/IMG_1147.jpg,126.52,313.73,176.05,384.74,tomato
data/Laboro-Tomato/train/images/IMG_1147.jpg,230.70,228.67,267.76,262.60,tomato
data/Laboro-Tomato/train/images/IMG_1147.jpg,93.34,375.71,154.61,431.13,tomato
data/Laboro-Tomato/train/images/IMG_1147.jpg,159.31,426.05,201.07,466.25,tomato
data/Laboro-Tomato/train/images/IMG_1147.jpg,208.45,370.65,236.15,393.29,tomato
data/Laboro-Tomato/train/images/IMG_1147.jpg,205.71,404.22,257.23,458.46,tomato
data/Laboro-Tomato/train/images/IMG_1147.jpg,242.39,458.43,276.73,492.00,tomato
data/Laboro-Tomato/train/images/IMG_1147.jpg,65.27,345.30,100.39,412.43,tomato
data/Laboro-Tomato/train/images/IMG_1147.jpg,279.47,403.42,325.51,428.80,tomato
data/Laboro-Tomato/train/images/IMG_1147.jpg,267.37,344.13,337.61,414.74,tomato
data/Laboro-Tomato/train/images/IMG_1148.jpg,262.86,207.54,327.43,270.27,tomato
data/Laboro-Tomato/train/images/IMG_1148.jpg,65.27,79.93,106.30,142.09,tomato
data/Laboro-Tomato/train/images/IMG_1148.jpg,185.65,227.17,258.65,303.16,tomato
data/Laboro-Tomato/train/images/IMG_1150.jpg,293.05,200.31,343.71,247.66,tomato
data/Laboro-Tomato/train/images/IMG_1150.jpg,295.44,247.03,342.18,292.00,tomato
data/Laboro-Tomato/train/images/IMG_1150.jpg,288.50,291.66,334.97,334.19,tomato
data/Laboro-Tomato/train/images/IMG_1150.jpg,280.64,326.68,315.64,358.33,tomato
data/Laboro-Tomato/train/images/IMG_1150.jpg,245.65,323.96,281.55,360.74,tomato
data/Laboro-Tomato/train/images/IMG_1150.jpg,269.82,297.72,294.84,332.69,tomato
data/Laboro-Tomato/train/images/IMG_1150.jpg,284.00,261.51,317.18,296.79,tomato
data/Laboro-Tomato/train/images/IMG_1150.jpg,240.85,193.37,291.24,247.66,tomato
data/Laboro-Tomato/train/images/IMG_1150.jpg,224.27,172.80,268.90,217.77,tomato
data/Laboro-Tomato/train/images/IMG_1150.jpg,228.48,218.10,264.07,254.00,tomato
data/Laboro-Tomato/train/images/IMG_1150.jpg,229.37,253.07,272.50,292.59,tomato
data/Laboro-Tomato/train/images/IMG_1150.jpg,225.45,268.17,256.22,295.93,tomato
data/Laboro-Tomato/train/images/IMG_1150.jpg,226.67,295.00,261.68,332.09,tomato
data/Laboro-Tomato/train/images/IMG_1151.jpg,253.19,234.68,373.86,352.94,tomato
data/Laboro-Tomato/train/images/IMG_1151.jpg,167.56,302.85,280.38,416.24,tomato
data/Laboro-Tomato/train/images/IMG_1151.jpg,138.89,195.44,246.58,305.26,tomato
data/Laboro-Tomato/train/images/IMG_1151.jpg,134.08,119.76,226.07,212.38,tomato
data/Laboro-Tomato/train/images/IMG_1153.jpg,184.44,301.63,249.28,363.79,tomato
data/Laboro-Tomato/train/images/IMG_1153.jpg,303.00,343.87,362.12,406.29,tomato
data/Laboro-Tomato/train/images/IMG_1153.jpg,234.50,412.33,290.60,480.81,tomato
data/Laboro-Tomato/train/images/IMG_1153.jpg,249.28,342.37,299.05,395.16,tomato
data/Laboro-Tomato/train/images/IMG_1153.jpg,190.47,242.53,237.51,286.25,tomato
data/Laboro-Tomato/train/images/IMG_1153.jpg,128.05,244.94,176.62,287.15,tomato
data/Laboro-Tomato/train/images/IMG_1153.jpg,168.15,256.10,201.64,292.88,tomato
data/Laboro-Tomato/train/images/IMG_1154.jpg,246.27,205.88,298.72,257.83,tomato
data/Laboro-Tomato/train/images/IMG_1154.jpg,174.40,259.41,220.32,308.73,tomato
data/Laboro-Tomato/train/images/IMG_1154.jpg,302.14,267.55,348.06,305.57,tomato
data/Laboro-Tomato/train/images/IMG_1154.jpg,248.41,347.27,284.85,387.15,tomato
data/Laboro-Tomato/train/images/IMG_1154.jpg,196.97,318.44,233.41,351.23,tomato
data/Laboro-Tomato/train/images/IMG_1154.jpg,170.46,317.12,199.32,346.23,tomato
data/Laboro-Tomato/train/images/IMG_1154.jpg,174.25,351.26,219.47,402.02,tomato
data/Laboro-Tomato/train/images/IMG_1154.jpg,150.82,397.46,187.73,431.96,tomato
data/Laboro-Tomato/train/images/IMG_1154.jpg,128.85,342.53,150.26,376.46,tomato
data/Laboro-Tomato/train/images/IMG_1154.jpg,115.16,372.68,143.52,401.22,tomato
data/Laboro-Tomato/train/images/IMG_1156.jpg,232.99,254.88,299.96,318.54,tomato
data/Laboro-Tomato/train/images/IMG_1156.jpg,243.55,162.89,286.99,205.10,tomato
data/Laboro-Tomato/train/images/IMG_1156.jpg,221.24,272.96,263.47,322.74,tomato
data/Laboro-Tomato/train/images/IMG_1156.jpg,183.53,138.75,231.78,190.91,tomato
data/Laboro-Tomato/train/images/IMG_1156.jpg,240.23,204.82,284.87,245.22,tomato
data/Laboro-Tomato/train/images/IMG_1156.jpg,178.11,198.78,219.72,238.00,tomato
data/Laboro-Tomato/train/images/IMG_1156.jpg,204.94,227.12,240.52,263.33,tomato
data/Laboro-Tomato/train/images/IMG_1156.jpg,198.29,267.26,234.50,305.85,tomato
data/Laboro-Tomato/train/images/IMG_1156.jpg,220.92,312.17,258.34,345.07,tomato
data/Laboro-Tomato/train/images/IMG_1156.jpg,230.29,324.86,290.93,390.60,tomato
data/Laboro-Tomato/train/images/IMG_1156.jpg,243.26,386.09,292.72,432.87,tomato
data/Laboro-Tomato/train/images/IMG_1156.jpg,290.00,301.63,332.54,343.28,tomato
data/Laboro-Tomato/train/images/IMG_1156.jpg,297.26,339.94,333.74,376.77,tomato
data/Laboro-Tomato/train/images/IMG_1156.jpg,331.03,338.75,370.85,378.58,tomato
data/Laboro-Tomato/train/images/IMG_1156.jpg,326.19,237.97,367.84,279.62,tomato
data/Laboro-Tomato/train/images/IMG_1156.jpg,350.35,195.78,419.43,262.13,tomato
data/Laboro-Tomato/train/images/IMG_1157.jpg,328.62,291.09,381.10,347.81,tomato
data/Laboro-Tomato/train/images/IMG_1157.jpg,309.00,358.35,374.15,423.21,tomato
data/Laboro-Tomato/train/images/IMG_1157.jpg,305.70,344.13,349.71,380.65,tomato
data/Laboro-Tomato/train/images/IMG_1157.jpg,294.84,382.21,322.89,420.80,tomato
data/Laboro-Tomato/train/images/IMG_1157.jpg,282.15,422.61,334.95,482.02,tomato
data/Laboro-Tomato/train/images/IMG_1157.jpg,306.88,462.99,338.27,497.07,tomato
data/Laboro-Tomato/train/images/IMG_1157.jpg,254.72,217.48,301.77,266.64,tomato
data/Laboro-Tomato/train/images/IMG_1157.jpg,217.60,144.47,261.35,192.13,tomato
data/Laboro-Tomato/train/images/IMG_1157.jpg,214.28,208.47,249.28,246.75,tomato
data/Laboro-Tomato/train/images/IMG_1157.jpg,188.08,129.99,218.22,161.95,tomato
data/Laboro-Tomato/train/images/IMG_1158.jpg,65.27,190.39,104.67,291.45,tomato
data/Laboro-Tomato/train/images/IMG_1158.jpg,88.29,297.69,185.45,397.56,tomato
data/Laboro-Tomato/train/images/IMG_1158.jpg,190.91,364.41,265.04,433.10,tomato
data/Laboro-Tomato/train/images/IMG_1158.jpg,239.28,431.16,345.42,517.40,tomato
data/Laboro-Tomato/train/images/IMG_1158.jpg,181.14,252.42,302.47,376.12,tomato
data/Laboro-Tomato/train/images/IMG_1159.jpg,377.20,191.22,438.12,251.57,tomato
data/Laboro-Tomato/train/images/IMG_1159.jpg,338.87,212.38,407.37,276.61,tomato
data/Laboro-Tomato/train/images/IMG_1159.jpg,367.25,75.39,394.99,103.73,tomato
data/Laboro-Tomato/train/images/IMG_1159.jpg,328.62,28.39,360.90,58.22,tomato
data/Laboro-Tomato/train/images/IMG_1159.jpg,287.01,19.89,314.16,51.28,tomato
data/Laboro-Tomato/train/images/IMG_1159.jpg,323.20,0.00,361.19,44.96,tomato
data/Laboro-Tomato/train/images/IMG_1159.jpg,365.43,32.30,401.64,64.88,tomato
data/Laboro-Tomato/train/images/IMG_1159.jpg,368.13,0.31,405.85,37.71,tomato
data/Laboro-Tomato/train/images/IMG_1159.jpg,383.22,252.16,409.17,283.55,tomato
data/Laboro-Tomato/train/images/IMG_1159.jpg,392.25,250.35,423.92,287.13,tomato
data/Laboro-Tomato/train/images/IMG_1159.jpg,314.46,255.76,386.56,323.05,tomato
data/Laboro-Tomato/train/images/IMG_1159.jpg,309.62,320.02,351.85,344.47,tomato
data/Laboro-Tomato/train/images/IMG_1159.jpg,310.22,333.33,361.81,384.61,tomato
data/Laboro-Tomato/train/images/IMG_1159.jpg,294.84,235.28,333.76,265.73,tomato
data/Laboro-Tomato/train/images/IMG_1159.jpg,266.79,197.85,328.33,251.26,tomato
data/Laboro-Tomato/train/images/IMG_1159.jpg,258.34,180.39,303.29,222.30,tomato
data/Laboro-Tomato/train/images/IMG_1159.jpg,226.07,222.27,293.05,287.44,tomato
data/Laboro-Tomato/train/images/IMG_1159.jpg,219.74,318.85,281.59,381.90,tomato
data/Laboro-Tomato/train/images/IMG_1159.jpg,142.53,263.33,220.65,335.69,tomato
data/Laboro-Tomato/train/images/IMG_1159.jpg,128.01,216.29,200.12,276.02,tomato
data/Laboro-Tomato/train/images/IMG_1159.jpg,97.85,151.70,155.77,208.73,tomato
data/Laboro-Tomato/train/images/IMG_1159.jpg,117.47,255.79,149.13,306.14,tomato
data/Laboro-Tomato/train/images/IMG_1159.jpg,117.80,208.75,155.79,249.16,tomato
data/Laboro-Tomato/train/images/IMG_1159.jpg,378.40,282.96,394.10,311.60,tomato
data/Laboro-Tomato/train/images/IMG_1160.jpg,242.06,194.53,292.91,243.80,tomato
data/Laboro-Tomato/train/images/IMG_1160.jpg,124.17,213.70,180.27,266.59,tomato
data/Laboro-Tomato/train/images/IMG_1160.jpg,207.17,288.50,251.65,336.62,tomato
data/Laboro-Tomato/train/images/IMG_1160.jpg,231.10,363.12,268.52,399.38,tomato
data/Laboro-Tomato/train/images/IMG_1160.jpg,241.86,390.26,271.27,417.20,tomato
data/Laboro-Tomato/train/images/IMG_1160.jpg,223.61,404.58,250.76,434.47,tomato
data/Laboro-Tomato/train/images/IMG_1160.jpg,193.48,367.44,233.18,411.01,tomato
data/Laboro-Tomato/train/images/IMG_1160.jpg,198.53,408.94,230.00,445.66,tomato
data/Laboro-Tomato/train/images/IMG_1160.jpg,160.20,363.30,196.68,398.68,tomato
data/Laboro-Tomato/train/images/IMG_1160.jpg,155.38,395.49,188.45,432.89,tomato
data/Laboro-Tomato/train/images/IMG_1160.jpg,126.67,345.30,170.46,392.95,tomato
data/Laboro-Tomato/train/images/IMG_1160.jpg,112.75,365.63,151.99,404.64,tomato
data/Laboro-Tomato/train/images/IMG_1160.jpg,115.49,398.21,149.48,429.45,tomato
data/Laboro-Tomato/train/images/IMG_1162.jpg,214.69,92.10,282.60,168.56,tomato
data/Laboro-Tomato/train/images/IMG_1162.jpg,141.38,151.39,198.33,210.70,tomato
data/Laboro-Tomato/train/images/IMG_1162.jpg,228.75,208.37,282.99,265.71,tomato
data/Laboro-Tomato/train/images/IMG_1162.jpg,171.80,217.35,223.31,267.29,tomato
data/Laboro-Tomato/train/images/IMG_1162.jpg,171.00,279.75,215.49,324.24,tomato
data/Laboro-Tomato/train/images/IMG_1162.jpg,227.22,274.31,274.42,321.91,tomato
data/Laboro-Tomato/train/images/IMG_1162.jpg,219.76,335.92,263.08,377.67,tomato
data/Laboro-Tomato/train/images/IMG_1162.jpg,209.64,365.99,246.31,402.30,tomato
data/Laboro-Tomato/train/images/IMG_1162.jpg,201.46,391.74,229.16,417.90,tomato
data/Laboro-Tomato/train/images/IMG_1162.jpg,174.91,331.68,213.14,369.90,tomato
data/Laboro-Tomato/train/images/IMG_1162.jpg,181.53,366.77,205.35,387.85,tomato
data/Laboro-Tomato/train/images/IMG_1163.jpg,189.57,7.82,262.57,90.18,tomato
data/Laboro-Tomato/train/images/IMG_1163.jpg,147.61,14.17,200.41,87.46,tomato
data/Laboro-Tomato/train/images/IMG_1163.jpg,140.08,175.58,226.05,262.44,tomato
data/Laboro-Tomato/train/images/IMG_1163.jpg,201.34,256.07,266.18,326.37,tomato
data/Laboro-Tomato/train/images/IMG_1163.jpg,147.05,311.27,246.58,406.89,tomato
data/Laboro-Tomato/train/images/IMG_1163.jpg,182.93,379.75,260.75,451.54,tomato
data/Laboro-Tomato/train/images/IMG_1163.jpg,178.09,419.30,236.91,475.39,tomato
data/Laboro-Tomato/train/images/IMG_1164.jpg,204.65,279.62,336.78,413.57,tomato
data/Laboro-Tomato/train/images/IMG_1164.jpg,173.27,213.86,260.77,304.35,tomato
data/Laboro-Tomato/train/images/IMG_1164.jpg,164.22,121.29,245.96,214.17,tomato
data/Laboro-Tomato/train/images/IMG_1164.jpg,235.43,406.89,306.61,472.36,tomato
data/Laboro-Tomato/train/images/IMG_1166.jpg,137.46,109.66,224.87,199.79,tomato
data/Laboro-Tomato/train/images/IMG_1166.jpg,254.12,72.57,323.59,145.92,tomato
data/Laboro-Tomato/train/images/IMG_1166.jpg,235.38,190.03,297.03,254.00,tomato
data/Laboro-Tomato/train/images/IMG_1166.jpg,158.12,250.48,229.92,321.91,tomato
data/Laboro-Tomato/train/images/IMG_1166.jpg,227.20,259.49,281.04,318.39,tomato
data/Laboro-Tomato/train/images/IMG_1166.jpg,213.14,310.18,262.71,361.67,tomato
data/Laboro-Tomato/train/images/IMG_1166.jpg,223.29,362.08,250.61,403.42,tomato
data/Laboro-Tomato/train/images/IMG_1166.jpg,171.80,380.81,226.03,423.34,tomato
data/Laboro-Tomato/train/images/IMG_1166.jpg,161.62,328.90,231.08,396.81,tomato
data/Laboro-Tomato/train/images/IMG_1167.jpg,189.26,183.37,292.72,282.62,tomato
data/Laboro-Tomato/train/images/IMG_1167.jpg,180.50,149.60,254.70,217.46,tomato
data/Laboro-Tomato/train/images/IMG_1167.jpg,254.10,296.81,342.49,382.80,tomato
data/Laboro-Tomato/train/images/IMG_1167.jpg,257.13,288.97,306.90,329.11,tomato
data/Laboro-Tomato/train/images/IMG_1167.jpg,258.34,369.18,328.31,423.78,tomato
data/Laboro-Tomato/train/images/IMG_1168.jpg,215.84,180.65,259.39,220.80,tomato
data/Laboro-Tomato/train/images/IMG_1168.jpg,212.65,225.59,238.87,259.36,tomato
data/Laboro-Tomato/train/images/IMG_1168.jpg,172.05,232.89,213.12,275.06,tomato
data/Laboro-Tomato/train/images/IMG_1168.jpg,304.35,264.10,349.50,314.50,tomato
data/Laboro-Tomato/train/images/IMG_1168.jpg,260.10,300.39,295.46,341.21,tomato
data/Laboro-Tomato/train/images/IMG_1168.jpg,284.72,346.93,322.13,388.42,tomato
data/Laboro-Tomato/train/images/IMG_1168.jpg,263.95,367.21,295.89,398.91,tomato
data/Laboro-Tomato/train/images/IMG_1168.jpg,280.36,400.05,314.13,439.73,tomato
data/Laboro-Tomato/train/images/IMG_1168.jpg,248.02,402.33,279.02,436.10,tomato
data/Laboro-Tomato/train/images/IMG_1169.jpg,218.48,276.46,285.10,347.53,tomato
data/Laboro-Tomato/train/images/IMG_1169.jpg,181.51,205.65,264.65,285.94,tomato
data/Laboro-Tomato/train/images/IMG_1169.jpg,232.11,180.96,291.13,246.28,tomato
data/Laboro-Tomato/train/images/IMG_1169.jpg,232.66,332.84,288.80,382.41,tomato
data/Laboro-Tomato/train/images/IMG_1169.jpg,65.84,120.93,100.45,181.79,tomato
data/Laboro-Tomato/train/images/IMG_1169.jpg,65.29,51.70,103.33,123.80,tomato
data/Laboro-Tomato/train/images/IMG_1171.jpg,235.73,177.96,286.11,230.43,tomato
data/Laboro-Tomato/train/images/IMG_1171.jpg,203.42,470.24,244.76,517.27,tomato
data/Laboro-Tomato/train/images/IMG_1171.jpg,187.14,451.57,225.14,491.40,tomato
data/Laboro-Tomato/train/images/IMG_1171.jpg,162.11,476.30,204.65,517.33,tomato
data/Laboro-Tomato/train/images/IMG_1172.jpg,165.14,226.24,239.92,302.85,tomato
data/Laboro-Tomato/train/images/IMG_1172.jpg,101.19,244.94,150.64,293.78,tomato
data/Laboro-Tomato/train/images/IMG_1172.jpg,143.13,207.56,171.49,240.71,tomato
data/Laboro-Tomato/train/images/IMG_1172.jpg,154.28,272.65,194.99,315.80,tomato
data/Laboro-Tomato/train/images/IMG_1172.jpg,147.34,313.70,213.12,381.87,tomato
data/Laboro-Tomato/train/images/IMG_1172.jpg,68.92,298.32,119.58,349.60,tomato
data/Laboro-Tomato/train/images/IMG_1172.jpg,80.68,343.85,132.85,397.82,tomato
data/Laboro-Tomato/train/images/IMG_1172.jpg,156.39,371.30,208.26,412.64,tomato
data/Laboro-Tomato/train/images/IMG_1172.jpg,185.36,385.81,254.12,451.28,tomato
data/Laboro-Tomato/train/images/IMG_1172.jpg,158.51,426.83,209.48,480.81,tomato
data/Laboro-Tomato/train/images/IMG_1172.jpg,207.07,269.67,250.51,317.64,tomato
data/Laboro-Tomato/train/images/IMG_1172.jpg,189.28,204.53,229.69,233.49,tomato
data/Laboro-Tomato/train/images/IMG_1172.jpg,226.36,164.98,267.97,206.32,tomato
data/Laboro-Tomato/train/images/IMG_1172.jpg,233.01,239.19,256.82,275.71,tomato
data/Laboro-Tomato/train/images/IMG_1172.jpg,303.58,202.10,347.32,244.31,tomato
data/Laboro-Tomato/train/images/IMG_1172.jpg,254.43,197.00,284.89,227.14,tomato
data/Laboro-Tomato/train/images/IMG_1172.jpg,311.11,235.28,344.29,262.42,tomato
data/Laboro-Tomato/train/images/IMG_1172.jpg,321.70,250.69,379.01,306.16,tomato
data/Laboro-Tomato/train/images/IMG_1172.jpg,314.46,275.68,360.92,320.64,tomato
data/Laboro-Tomato/train/images/IMG_1172.jpg,340.06,421.11,376.50,453.38,tomato
data/Laboro-Tomato/train/images/IMG_1172.jpg,203.75,504.01,252.66,517.90,tomato
data/Laboro-Tomato/train/images/IMG_1174.jpg,148.24,141.49,214.01,210.54,tomato
data/Laboro-Tomato/train/images/IMG_1174.jpg,174.48,201.19,223.66,252.16,tomato
data/Laboro-Tomato/train/images/IMG_1174.jpg,232.09,267.86,254.70,311.58,tomato
data/Laboro-Tomato/train/images/IMG_1174.jpg,191.38,264.85,242.66,319.76,tomato
data/Laboro-Tomato/train/images/IMG_1174.jpg,236.02,314.58,272.54,349.60,tomato
data/Laboro-Tomato/train/images/IMG_1174.jpg,226.38,330.28,272.54,381.56,tomato
data/Laboro-Tomato/train/images/IMG_1174.jpg,245.09,372.83,284.60,415.67,tomato
data/Laboro-Tomato/train/images/IMG_1174.jpg,246.58,412.35,280.38,448.25,tomato
data/Laboro-Tomato/train/images/IMG_1174.jpg,234.83,405.67,253.83,435.56,tomato
data/Laboro-Tomato/train/images/IMG_1174.jpg,335.24,291.66,361.19,314.30,tomato
data/Laboro-Tomato/train/images/IMG_1174.jpg,342.19,263.64,364.81,285.03,tomato
data/Laboro-Tomato/train/images/IMG_1174.jpg,307.21,265.73,331.03,288.63,tomato
data/Laboro-Tomato/train/images/IMG_1174.jpg,297.58,288.94,318.98,309.76,tomato
data/Laboro-Tomato/train/images/IMG_1174.jpg,288.50,311.58,308.71,331.47,tomato
data/Laboro-Tomato/train/images/IMG_1174.jpg,327.10,320.67,351.23,339.06,tomato
data/Laboro-Tomato/train/images/IMG_1174.jpg,325.02,341.15,344.91,358.97,tomato
data/Laboro-Tomato/train/images/IMG_1174.jpg,313.83,253.69,336.44,273.01,tomato
data/Laboro-Tomato/train/images/IMG_1176.jpg,95.91,124.14,115.99,145.01,tomato
data/Laboro-Tomato/train/images/IMG_1176.jpg,65.16,129.89,75.72,148.69,tomato
data/Laboro-Tomato/train/images/IMG_1176.jpg,80.81,151.13,98.29,166.93,tomato
data/Laboro-Tomato/train/images/IMG_1176.jpg,65.82,184.67,84.08,203.73,tomato
data/Laboro-Tomato/train/images/IMG_1176.jpg,117.45,155.04,134.39,172.13,tomato
data/Laboro-Tomato/train/images/IMG_1176.jpg,135.71,173.58,143.01,182.08,tomato
data/Laboro-Tomato/train/images/IMG_1176.jpg,121.62,170.71,136.11,185.16,tomato
data/Laboro-Tomato/train/images/IMG_1176.jpg,107.00,181.02,119.51,193.29,tomato
data/Laboro-Tomato/train/images/IMG_1176.jpg,73.10,197.93,90.31,213.99,tomato
data/Laboro-Tomato/train/images/IMG_1176.jpg,65.54,208.68,82.09,224.58,tomato
data/Laboro-Tomato/train/images/IMG_1176.jpg,79.26,218.29,92.54,230.30,tomato
data/Laboro-Tomato/train/images/IMG_1176.jpg,69.45,235.61,84.95,248.92,tomato
data/Laboro-Tomato/train/images/IMG_1176.jpg,347.01,325.59,373.12,349.88,tomato
data/Laboro-Tomato/train/images/IMG_1176.jpg,337.28,274.90,361.72,294.38,tomato
data/Laboro-Tomato/train/images/IMG_1176.jpg,332.60,322.43,350.16,343.41,tomato
data/Laboro-Tomato/train/images/IMG_1176.jpg,335.05,345.69,356.34,367.60,tomato
data/Laboro-Tomato/train/images/IMG_1176.jpg,322.26,349.29,339.67,369.39,tomato
data/Laboro-Tomato/train/images/IMG_1176.jpg,344.93,370.68,362.61,384.36,tomato
data/Laboro-Tomato/train/images/IMG_1176.jpg,335.47,387.54,354.35,401.17,tomato
data/Laboro-Tomato/train/images/IMG_1176.jpg,319.29,382.26,335.03,399.20,tomato
data/Laboro-Tomato/train/images/IMG_1176.jpg,374.79,396.48,391.42,407.15,tomato
data/Laboro-Tomato/train/images/IMG_1176.jpg,407.75,477.52,421.24,497.46,tomato
data/Laboro-Tomato/train/images/IMG_1176.jpg,394.10,473.89,413.76,495.49,tomato
data/Laboro-Tomato/train/images/IMG_1176.jpg,381.04,462.94,398.60,482.41,tomato
data/Laboro-Tomato/train/images/IMG_1176.jpg,374.32,453.66,391.42,467.44,tomato
data/Laboro-Tomato/train/images/IMG_1176.jpg,365.93,463.09,383.03,482.57,tomato
data/Laboro-Tomato/train/images/IMG_1176.jpg,365.17,497.88,383.32,517.82,tomato
data/Laboro-Tomato/train/images/IMG_1176.jpg,254.80,420.05,272.48,438.18,tomato
data/Laboro-Tomato/train/images/IMG_1176.jpg,262.44,405.36,281.32,426.65,tomato
data/Laboro-Tomato/train/images/IMG_1176.jpg,257.48,385.88,278.03,410.49,tomato
data/Laboro-Tomato/train/images/IMG_1176.jpg,233.94,419.89,255.97,442.68,tomato
data/Laboro-Tomato/train/images/IMG_1176.jpg,231.39,436.98,250.74,458.12,tomato
data/Laboro-Tomato/train/images/IMG_1176.jpg,165.93,408.99,178.99,423.96,tomato
data/Laboro-Tomato/train/images/IMG_1176.jpg,164.11,382.47,176.77,396.30,tomato
data/Laboro-Tomato/train/images/IMG_1176.jpg,167.14,390.29,178.48,402.15,tomato
data/Laboro-Tomato/train/images/IMG_1176.jpg,155.00,419.79,169.49,434.50,tomato
data/Laboro-Tomato/train/images/IMG_1176.jpg,145.73,390.44,158.63,403.24,tomato
data/Laboro-Tomato/train/images/IMG_1176.jpg,158.38,360.19,172.71,373.61,tomato
data/Laboro-Tomato/train/images/IMG_1176.jpg,188.93,394.48,202.22,407.38,tomato
data/Laboro-Tomato/train/images/IMG_1176.jpg,179.10,396.06,191.77,409.63,tomato
data/Laboro-Tomato/train/images/IMG_1176.jpg,154.08,412.20,166.20,422.51,tomato
data/Laboro-Tomato/train/images/IMG_1177.jpg,318.98,137.53,391.36,209.32,tomato
data/Laboro-Tomato/train/images/IMG_1177.jpg,226.67,167.39,294.55,237.37,tomato
data/Laboro-Tomato/train/images/IMG_1177.jpg,248.10,99.25,304.51,164.10,tomato
data/Laboro-Tomato/train/images/IMG_1177.jpg,160.32,125.80,225.47,191.84,tomato
data/Laboro-Tomato/train/images/IMG_1177.jpg,136.76,192.72,196.20,253.07,tomato
data/Laboro-Tomato/train/images/IMG_1177.jpg,118.40,248.51,167.86,291.97,tomato
data/Laboro-Tomato/train/images/IMG_1177.jpg,213.41,216.58,277.35,275.11,tomato
data/Laboro-Tomato/train/images/IMG_1177.jpg,191.09,273.30,235.73,324.58,tomato
data/Laboro-Tomato/train/images/IMG_1177.jpg,137.98,281.12,178.11,319.45,tomato
data/Laboro-Tomato/train/images/IMG_1177.jpg,157.58,312.51,183.53,342.66,tomato
data/Laboro-Tomato/train/images/IMG_1177.jpg,170.89,311.60,212.80,356.82,tomato
data/Laboro-Tomato/train/images/IMG_1177.jpg,225.78,277.18,288.52,339.03,tomato
data/Laboro-Tomato/train/images/IMG_1177.jpg,227.88,335.43,287.90,392.15,tomato
data/Laboro-Tomato/train/images/IMG_1177.jpg,313.52,223.21,377.47,287.44,tomato
data/Laboro-Tomato/train/images/IMG_1177.jpg,302.37,287.15,356.38,339.32,tomato
data/Laboro-Tomato/train/images/IMG_1177.jpg,312.92,345.38,363.31,392.15,tomato
data/Laboro-Tomato/train/images/IMG_1177.jpg,285.49,368.61,324.69,409.63,tomato
data/Laboro-Tomato/train/images/IMG_1177.jpg,264.36,399.97,299.36,432.87,tomato
data/Laboro-Tomato/train/images/IMG_1177.jpg,241.15,381.90,290.02,421.42,tomato
data/Laboro-Tomato/train/images/IMG_1178.jpg,267.70,257.89,319.56,314.61,tomato
data/Laboro-Tomato/train/images/IMG_1178.jpg,171.78,191.53,246.88,267.52,tomato
data/Laboro-Tomato/train/images/IMG_1178.jpg,122.89,1.22,174.48,54.62,tomato
data/Laboro-Tomato/train/images/IMG_1178.jpg,108.10,50.38,156.08,99.22,tomato
data/Laboro-Tomato/train/images/IMG_1178.jpg,65.27,8.75,98.76,62.42,tomato
data/Laboro-Tomato/train/images/IMG_1178.jpg,68.59,61.23,105.70,101.63,tomato
data/Laboro-Tomato/train/images/IMG_1178.jpg,154.57,297.12,211.56,354.73,tomato
data/Laboro-Tomato/train/images/IMG_1178.jpg,242.35,319.42,280.35,365.58,tomato
data/Laboro-Tomato/train/images/IMG_1178.jpg,214.30,474.18,239.94,504.64,tomato
data/Laboro-Tomato/train/images/IMG_1178.jpg,146.12,365.92,192.27,416.58,tomato
data/Laboro-Tomato/train/images/IMG_1178.jpg,145.52,419.27,177.80,453.98,tomato
data/Laboro-Tomato/train/images/IMG_1178.jpg,159.72,454.86,182.64,482.62,tomato
data/Laboro-Tomato/train/images/IMG_1180.jpg,247.17,139.34,298.45,196.94,tomato
data/Laboro-Tomato/train/images/IMG_1180.jpg,196.22,42.22,238.14,99.51,tomato
data/Laboro-Tomato/train/images/IMG_1180.jpg,179.32,149.31,229.39,202.72,tomato
data/Laboro-Tomato/train/images/IMG_1180.jpg,185.98,195.47,209.91,214.17,tomato
data/Laboro-Tomato/train/images/IMG_1180.jpg,169.29,162.16,178.66,170.60,tomato
data/Laboro-Tomato/train/images/IMG_1180.jpg,159.72,213.73,184.11,237.45,tomato
data/Laboro-Tomato/train/images/IMG_1180.jpg,77.63,208.94,113.45,243.38,tomato
data/Laboro-Tomato/train/images/IMG_1180.jpg,110.45,221.68,138.04,242.45,tomato
data/Laboro-Tomato/train/images/IMG_1180.jpg,120.50,263.90,139.18,281.46,tomato
data/Laboro-Tomato/train/images/IMG_1180.jpg,82.87,268.69,117.53,300.60,tomato
data/Laboro-Tomato/train/images/IMG_1180.jpg,222.93,255.43,276.07,306.29,tomato
data/Laboro-Tomato/train/images/IMG_1180.jpg,221.78,324.11,266.50,369.49,tomato
data/Laboro-Tomato/train/images/IMG_1180.jpg,191.20,300.62,232.73,343.05,tomato
data/Laboro-Tomato/train/images/IMG_1180.jpg,177.53,333.23,211.76,372.91,tomato
data/Laboro-Tomato/train/images/IMG_1180.jpg,227.92,387.26,265.80,424.45,tomato
data/Laboro-Tomato/train/images/IMG_1180.jpg,205.58,386.58,228.38,416.21,tomato
data/Laboro-Tomato/train/images/IMG_1180.jpg,233.40,432.25,263.04,465.76,tomato
data/Laboro-Tomato/train/images/IMG_1180.jpg,214.71,422.38,234.33,444.96,tomato
data/Laboro-Tomato/train/images/IMG_1180.jpg,419.51,13.23,441.42,38.57,tomato
data/Laboro-Tomato/train/images/IMG_1180.jpg,388.72,27.84,408.80,49.96,tomato
data/Laboro-Tomato/train/images/IMG_1180.jpg,349.95,18.26,368.63,38.10,tomato
data/Laboro-Tomato/train/images/IMG_1180.jpg,397.38,104.48,419.95,127.27,tomato
data/Laboro-Tomato/train/images/IMG_1180.jpg,391.46,86.45,415.62,111.32,tomato
data/Laboro-Tomato/train/images/IMG_1180.jpg,423.60,131.34,440.27,147.55,tomato
data/Laboro-Tomato/train/images/IMG_1180.jpg,420.44,0.00,445.07,15.95,tomato
data/Laboro-Tomato/train/images/IMG_1180.jpg,417.49,58.20,434.58,72.55,tomato
data/Laboro-Tomato/train/images/IMG_1180.jpg,368.87,0.49,388.72,19.40,tomato
data/Laboro-Tomato/train/images/IMG_1180.jpg,398.06,171.30,416.09,187.26,tomato
data/Laboro-Tomato/train/images/IMG_1180.jpg,367.04,132.50,390.08,155.30,tomato
data/Laboro-Tomato/train/images/IMG_1180.jpg,346.31,134.81,367.52,156.72,tomato
data/Laboro-Tomato/train/images/IMG_1180.jpg,316.67,103.99,337.18,128.18,tomato
data/Laboro-Tomato/train/images/IMG_1180.jpg,297.96,115.85,320.54,139.11,tomato
data/Laboro-Tomato/train/images/IMG_1180.jpg,341.98,197.28,361.37,215.98,tomato
data/Laboro-Tomato/train/images/IMG_1180.jpg,308.65,207.33,321.66,221.26,tomato
data/Laboro-Tomato/train/images/IMG_1180.jpg,316.44,180.42,333.53,199.79,tomato
data/Laboro-Tomato/train/images/IMG_1180.jpg,440.50,45.14,448.94,53.59,tomato
data/Laboro-Tomato/train/images/IMG_1180.jpg,429.57,172.18,436.41,181.09,tomato
data/Laboro-Tomato/train/images/IMG_1180.jpg,342.64,40.59,351.07,49.03,tomato
data/Laboro-Tomato/train/images/IMG_1180.jpg,362.94,108.99,383.45,129.09,tomato
data/Laboro-Tomato/train/images/IMG_1180.jpg,390.08,162.65,409.93,184.30,tomato
data/Laboro-Tomato/train/images/IMG_1180.jpg,170.01,327.32,194.88,350.12,tomato
data/Laboro-Tomato/train/images/IMG_1180.jpg,150.14,343.93,173.18,365.84,tomato
data/Laboro-Tomato/train/images/IMG_1180.jpg,141.71,325.46,167.47,350.32,tomato
data/Laboro-Tomato/train/images/IMG_1180.jpg,127.59,462.34,152.22,487.88,tomato
data/Laboro-Tomato/train/images/IMG_1180.jpg,330.23,258.87,335.98,265.45,tomato
data/Laboro-Tomato/train/images/IMG_1180.jpg,384.52,49.34,401.03,66.90,tomato
data/Laboro-Tomato/train/images/IMG_1180.jpg,371.41,162.08,390.83,182.28,tomato
data/Laboro-Tomato/train/images/IMG_1180.jpg,322.87,147.66,339.92,163.66,tomato
data/Laboro-Tomato/train/images/IMG_1180.jpg,325.24,128.28,343.07,146.88,tomato
data/Laboro-Tomato/train/images/IMG_1181.jpg,280.64,436.98,345.01,500.60,tomato
data/Laboro-Tomato/train/images/IMG_1181.jpg,245.52,387.44,324.34,468.61,tomato
data/Laboro-Tomato/train/images/IMG_1181.jpg,407.44,362.08,452.70,416.68,tomato
data/Laboro-Tomato/train/images/IMG_1181.jpg,365.33,302.38,426.60,366.36,tomato
data/Laboro-Tomato/train/images/IMG_1181.jpg,281.04,300.41,371.95,391.32,tomato
data/Laboro-Tomato/train/images/IMG_1181.jpg,360.63,226.68,427.33,298.47,tomato
data/Laboro-Tomato/train/images/IMG_1181.jpg,306.01,210.28,367.27,274.67,tomato
data/Laboro-Tomato/train/images/IMG_1181.jpg,259.60,329.73,299.38,387.08,tomato
data/Laboro-Tomato/train/images/IMG_1181.jpg,247.50,244.24,314.20,314.06,tomato
data/Laboro-Tomato/train/images/IMG_1181.jpg,123.00,361.28,180.35,424.11,tomato
data/Laboro-Tomato/train/images/IMG_1181.jpg,137.47,405.00,186.23,441.31,tomato
data/Laboro-Tomato/train/images/IMG_1181.jpg,257.25,103.00,343.07,189.25,tomato
data/Laboro-Tomato/train/images/IMG_1181.jpg,249.81,185.70,301.32,242.68,tomato
data/Laboro-Tomato/train/images/IMG_1181.jpg,153.83,106.14,218.20,154.52,tomato
data/Laboro-Tomato/train/images/IMG_1181.jpg,140.97,143.98,226.01,231.78,tomato
data/Laboro-Tomato/train/images/IMG_1181.jpg,131.22,234.14,213.93,312.15,tomato
data/Laboro-Tomato/train/images/IMG_1181.jpg,74.23,253.64,133.94,312.54,tomato
data/Laboro-Tomato/train/images/IMG_1181.jpg,89.86,360.92,126.54,396.40,tomato
data/Laboro-Tomato/train/images/IMG_1181.jpg,160.09,285.24,226.40,347.66,tomato
data/Laboro-Tomato/train/images/IMG_1181.jpg,188.56,327.74,236.93,369.90,tomato
data/Laboro-Tomato/train/images/IMG_1181.jpg,198.31,369.88,222.91,397.59,tomato
data/Laboro-Tomato/train/images/IMG_1181.jpg,94.16,310.96,142.14,354.26,tomato
data/Laboro-Tomato/train/images/IMG_1182.jpg,404.47,9.61,430.58,38.25,tomato
data/Laboro-Tomato/train/images/IMG_1182.jpg,400.72,52.19,425.47,76.17,tomato
data/Laboro-Tomato/train/images/IMG_1182.jpg,410.47,85.50,430.87,105.75,tomato
data/Laboro-Tomato/train/images/IMG_1182.jpg,445.11,55.94,453.50,79.46,tomato
data/Laboro-Tomato/train/images/IMG_1182.jpg,167.06,8.11,198.99,44.83,tomato
data/Laboro-Tomato/train/images/IMG_1182.jpg,65.10,7.36,106.63,54.60,tomato
data/Laboro-Tomato/train/images/IMG_1182.jpg,317.02,168.74,342.82,195.10,tomato
data/Laboro-Tomato/train/images/IMG_1182.jpg,303.38,176.82,322.26,195.42,tomato
data/Laboro-Tomato/train/images/IMG_1182.jpg,276.40,161.69,292.45,176.97,tomato
data/Laboro-Tomato/train/images/IMG_1182.jpg,273.55,197.98,286.13,211.76,tomato
data/Laboro-Tomato/train/images/IMG_1182.jpg,350.49,222.25,368.48,244.16,tomato
data/Laboro-Tomato/train/images/IMG_1182.jpg,300.37,225.38,318.67,242.79,tomato
data/Laboro-Tomato/train/images/IMG_1182.jpg,253.91,219.71,291.71,256.75,tomato
data/Laboro-Tomato/train/images/IMG_1182.jpg,204.41,200.36,237.71,232.58,tomato
data/Laboro-Tomato/train/images/IMG_1182.jpg,202.45,233.18,238.89,270.53,tomato
data/Laboro-Tomato/train/images/IMG_1182.jpg,194.37,223.13,215.97,249.08,tomato
data/Laboro-Tomato/train/images/IMG_1182.jpg,157.33,268.87,188.21,299.48,tomato
data/Laboro-Tomato/train/images/IMG_1182.jpg,146.06,269.02,166.61,297.05,tomato
data/Laboro-Tomato/train/images/IMG_1182.jpg,192.56,268.30,230.37,305.02,tomato
data/Laboro-Tomato/train/images/IMG_1182.jpg,157.02,296.50,183.55,318.98,tomato
data/Laboro-Tomato/train/images/IMG_1182.jpg,152.35,321.08,173.06,342.99,tomato
data/Laboro-Tomato/train/images/IMG_1182.jpg,201.25,292.75,233.18,320.77,tomato
data/Laboro-Tomato/train/images/IMG_1182.jpg,212.07,311.21,236.97,332.35,tomato
data/Laboro-Tomato/train/images/IMG_1182.jpg,215.04,331.73,228.09,345.09,tomato
data/Laboro-Tomato/train/images/IMG_1182.jpg,178.91,324.97,207.42,355.68,tomato
data/Laboro-Tomato/train/images/IMG_1182.jpg,181.01,349.42,206.96,367.39,tomato
data/Laboro-Tomato/train/images/IMG_1182.jpg,244.88,241.15,275.33,272.18,tomato
data/Laboro-Tomato/train/images/IMG_1182.jpg,256.12,305.62,294.08,344.78,tomato
data/Laboro-Tomato/train/images/IMG_1182.jpg,245.21,278.32,276.56,310.44,tomato
data/Laboro-Tomato/train/images/IMG_1182.jpg,247.13,317.77,264.53,342.37,tomato
data/Laboro-Tomato/train/images/IMG_1182.jpg,237.69,341.62,272.19,375.81,tomato
data/Laboro-Tomato/train/images/IMG_1182.jpg,251.81,365.63,280.60,392.93,tomato
data/Laboro-Tomato/train/images/IMG_1182.jpg,271.90,266.04,298.74,295.57,tomato
data/Laboro-Tomato/train/images/IMG_1182.jpg,296.64,274.00,328.15,307.72,tomato
data/Laboro-Tomato/train/images/IMG_1182.jpg,295.89,307.72,325.41,339.37,tomato
data/Laboro-Tomato/train/images/IMG_1182.jpg,314.92,337.71,338.15,363.66,tomato
data/Laboro-Tomato/train/images/IMG_1182.jpg,310.73,287.33,338.47,317.17,tomato
data/Laboro-Tomato/train/images/IMG_1182.jpg,299.19,247.01,323.04,273.69,tomato
data/Laboro-Tomato/train/images/IMG_1182.jpg,337.42,243.38,352.88,258.25,tomato
data/Laboro-Tomato/train/images/IMG_1183.jpg,72.81,0.21,126.42,36.26,tomato
data/Laboro-Tomato/train/images/IMG_1183.jpg,167.95,63.64,203.77,100.57,tomato
data/Laboro-Tomato/train/images/IMG_1183.jpg,259.87,25.33,273.78,39.01,tomato
data/Laboro-Tomato/train/images/IMG_1183.jpg,184.76,282.59,211.13,307.20,tomato
data/Laboro-Tomato/train/images/IMG_1183.jpg,222.26,326.47,247.83,352.63,tomato
data/Laboro-Tomato/train/images/IMG_1183.jpg,223.84,311.58,248.43,329.81,tomato
data/Laboro-Tomato/train/images/IMG_1183.jpg,258.55,298.29,277.59,319.89,tomato
data/Laboro-Tomato/train/images/IMG_1183.jpg,261.93,335.35,296.04,372.86,tomato
data/Laboro-Tomato/train/images/IMG_1183.jpg,247.25,299.87,260.14,315.51,tomato
data/Laboro-Tomato/train/images/IMG_1183.jpg,252.98,328.46,278.97,358.40,tomato
data/Laboro-Tomato/train/images/IMG_1183.jpg,246.84,320.90,266.46,342.14,tomato
data/Laboro-Tomato/train/images/IMG_1183.jpg,281.16,354.00,306.96,377.62,tomato
data/Laboro-Tomato/train/images/IMG_1183.jpg,316.48,159.85,338.08,181.09,tomato
data/Laboro-Tomato/train/images/IMG_1183.jpg,316.44,145.20,334.70,163.64,tomato
data/Laboro-Tomato/train/images/IMG_1183.jpg,323.00,193.60,355.95,224.53,tomato
data/Laboro-Tomato/train/images/IMG_1183.jpg,281.55,204.69,310.30,233.85,tomato
data/Laboro-Tomato/train/images/IMG_1183.jpg,306.14,221.16,330.15,247.94,tomato
data/Laboro-Tomato/train/images/IMG_1183.jpg,323.00,245.95,347.40,271.74,tomato
data/Laboro-Tomato/train/images/IMG_1183.jpg,407.46,23.59,440.80,57.73,tomato
data/Laboro-Tomato/train/images/IMG_1183.jpg,426.71,85.06,453.09,113.44,tomato
data/Laboro-Tomato/train/images/IMG_1183.jpg,409.68,80.13,431.90,105.31,tomato
data/Laboro-Tomato/train/images/IMG_1183.jpg,442.58,56.93,453.31,86.45,tomato
data/Laboro-Tomato/train/images/IMG_1183.jpg,404.34,159.67,423.57,178.89,tomato
data/Laboro-Tomato/train/images/IMG_1183.jpg,387.84,181.66,406.10,197.93,tomato
data/Laboro-Tomato/train/images/IMG_1183.jpg,374.95,169.98,391.81,187.44,tomato
data/Laboro-Tomato/train/images/IMG_1183.jpg,369.39,134.47,387.65,150.12,tomato
data/Laboro-Tomato/train/images/IMG_1183.jpg,317.27,46.21,331.14,62.89,tomato
data/Laboro-Tomato/train/images/IMG_1183.jpg,358.32,47.79,377.35,65.45,tomato
data/Laboro-Tomato/train/images/IMG_1183.jpg,320.01,94.61,332.52,109.48,tomato
data/Laboro-Tomato/train/images/IMG_1183.jpg,400.35,174.51,416.20,188.40,tomato
data/Laboro-Tomato/train/images/IMG_1183.jpg,95.98,71.07,111.72,86.82,tomato
data/Laboro-Tomato/train/images/IMG_1183.jpg,118.55,82.91,134.83,97.05,tomato
data/Laboro-Tomato/train/images/IMG_1183.jpg,65.14,420.64,78.23,442.04,tomato
data/Laboro-Tomato/train/images/IMG_1183.jpg,69.43,482.54,92.35,506.84,tomato
data/Laboro-Tomato/train/images/IMG_1183.jpg,72.54,405.28,90.64,423.72,tomato
data/Laboro-Tomato/train/images/IMG_1185.jpg,419.10,291.06,453.48,351.98,tomato
data/Laboro-Tomato/train/images/IMG_1185.jpg,403.42,210.83,452.30,262.11,tomato
data/Laboro-Tomato/train/images/IMG_1185.jpg,395.57,321.24,433.57,357.76,tomato
data/Laboro-Tomato/train/images/IMG_1185.jpg,402.22,112.54,450.78,157.76,tomato
data/Laboro-Tomato/train/images/IMG_1185.jpg,323.18,45.22,355.46,86.56,tomato
data/Laboro-Tomato/train/images/IMG_1185.jpg,265.27,43.41,314.15,111.89,tomato
data/Laboro-Tomato/train/images/IMG_1185.jpg,274.03,255.17,369.95,354.73,tomato
data/Laboro-Tomato/train/images/IMG_1185.jpg,257.75,243.72,304.49,292.31,tomato
data/Laboro-Tomato/train/images/IMG_1185.jpg,184.76,186.09,273.14,277.21,tomato
data/Laboro-Tomato/train/images/IMG_1185.jpg,199.50,265.73,263.76,327.58,tomato
data/Laboro-Tomato/train/images/IMG_1185.jpg,248.66,347.50,296.64,400.28,tomato
data/Laboro-Tomato/train/images/IMG_1185.jpg,115.37,222.33,188.37,293.50,tomato
data/Laboro-Tomato/train/images/IMG_1185.jpg,112.34,117.66,178.11,187.65,tomato
data/Laboro-Tomato/train/images/IMG_1185.jpg,136.48,12.04,198.02,68.45,tomato
data/Laboro-Tomato/train/images/IMG_1185.jpg,211.89,57.94,259.83,110.10,tomato
data/Laboro-Tomato/train/images/IMG_1186.jpg,423.64,26.86,453.52,92.90,tomato
data/Laboro-Tomato/train/images/IMG_1186.jpg,432.99,193.08,453.50,238.31,tomato
data/Laboro-Tomato/train/images/IMG_1186.jpg,385.03,105.57,419.10,139.34,tomato
data/Laboro-Tomato/train/images/IMG_1186.jpg,357.00,171.02,397.40,210.54,tomato
data/Laboro-Tomato/train/images/IMG_1186.jpg,259.56,254.29,371.76,366.80,tomato
data/Laboro-Tomato/train/images/IMG_1186.jpg,216.73,170.40,292.14,240.69,tomato
data/Laboro-Tomato/train/images/IMG_1186.jpg,143.73,358.95,201.65,421.37,tomato
data/Laboro-Tomato/train/images/IMG_1186.jpg,65.27,175.52,147.63,263.01,tomato
data/Laboro-Tomato/train/images/IMG_1186.jpg,107.83,244.03,165.14,298.01,tomato
data/Laboro-Tomato/train/images/IMG_1186.jpg,65.27,259.39,129.84,332.37,tomato
data/Laboro-Tomato/train/images/IMG_1186.jpg,65.31,490.44,126.54,517.59,tomato
data/Laboro-Tomato/train/images/IMG_1186.jpg,68.61,420.20,112.36,473.87,tomato
data/Laboro-Tomato/train/images/IMG_1186.jpg,215.82,251.90,253.81,292.00,tomato
data/Laboro-Tomato/train/images/IMG_1187.jpg,102.02,301.74,130.77,327.53,tomato
data/Laboro-Tomato/train/images/IMG_1187.jpg,90.62,266.17,127.57,299.27,tomato
data/Laboro-Tomato/train/images/IMG_1187.jpg,130.77,231.26,159.76,261.36,tomato
data/Laboro-Tomato/train/images/IMG_1187.jpg,125.04,191.14,155.15,223.78,tomato
data/Laboro-Tomato/train/images/IMG_1187.jpg,136.48,143.23,171.60,180.42,tomato
data/Laboro-Tomato/train/images/IMG_1187.jpg,65.78,319.55,90.64,346.70,tomato
data/Laboro-Tomato/train/images/IMG_1187.jpg,98.37,322.27,118.88,343.46,tomato
data/Laboro-Tomato/train/images/IMG_1187.jpg,90.60,306.79,105.21,329.11,tomato
data/Laboro-Tomato/train/images/IMG_1187.jpg,65.29,288.32,81.26,308.83,tomato
data/Laboro-Tomato/train/images/IMG_1187.jpg,150.61,266.87,177.06,295.36,tomato
data/Laboro-Tomato/train/images/IMG_1187.jpg,175.47,260.92,201.93,287.85,tomato
data/Laboro-Tomato/train/images/IMG_1187.jpg,184.58,205.96,216.05,235.38,tomato
data/Laboro-Tomato/train/images/IMG_1187.jpg,165.00,303.60,189.40,324.11,tomato
data/Laboro-Tomato/train/images/IMG_1187.jpg,220.42,252.27,243.46,281.90,tomato
data/Laboro-Tomato/train/images/IMG_1187.jpg,227.26,245.20,260.55,278.71,tomato
data/Laboro-Tomato/train/images/IMG_1187.jpg,255.33,173.79,272.19,190.68,tomato
data/Laboro-Tomato/train/images/IMG_1187.jpg,136.02,393.91,160.42,420.38,tomato
data/Laboro-Tomato/train/images/IMG_1187.jpg,149.93,369.26,173.62,392.51,tomato
data/Laboro-Tomato/train/images/IMG_1187.jpg,73.72,338.95,100.88,362.21,tomato
data/Laboro-Tomato/train/images/IMG_1187.jpg,169.56,351.49,191.90,373.81,tomato
data/Laboro-Tomato/train/images/IMG_1187.jpg,185.51,339.16,196.93,349.88,tomato
data/Laboro-Tomato/train/images/IMG_1187.jpg,212.86,309.53,238.19,333.93,tomato
data/Laboro-Tomato/train/images/IMG_1187.jpg,222.48,330.92,244.58,354.18,tomato
data/Laboro-Tomato/train/images/IMG_1187.jpg,237.98,343.28,249.83,355.81,tomato
data/Laboro-Tomato/train/images/IMG_1187.jpg,258.36,304.25,281.36,324.09,tomato
data/Laboro-Tomato/train/images/IMG_1187.jpg,183.76,374.82,207.15,400.83,tomato
data/Laboro-Tomato/train/images/IMG_1187.jpg,173.88,375.45,189.92,400.83,tomato
data/Laboro-Tomato/train/images/IMG_1187.jpg,141.11,323.70,150.43,332.40,tomato
data/Laboro-Tomato/train/images/IMG_1187.jpg,159.58,410.98,186.35,438.12,tomato
data/Laboro-Tomato/train/images/IMG_1187.jpg,129.02,429.01,149.85,450.04,tomato
data/Laboro-Tomato/train/images/IMG_1187.jpg,154.61,469.07,181.38,497.82,tomato
data/Laboro-Tomato/train/images/IMG_1187.jpg,148.88,453.59,174.44,480.16,tomato
data/Laboro-Tomato/train/images/IMG_1187.jpg,174.03,485.31,193.26,508.11,tomato
data/Laboro-Tomato/train/images/IMG_1187.jpg,183.38,436.54,205.60,462.91,tomato
data/Laboro-Tomato/train/images/IMG_1187.jpg,204.80,428.57,229.01,455.76,tomato
data/Laboro-Tomato/train/images/IMG_1187.jpg,189.71,423.02,209.76,442.45,tomato
data/Laboro-Tomato/train/images/IMG_1187.jpg,219.49,408.18,239.11,429.01,tomato
data/Laboro-Tomato/train/images/IMG_1187.jpg,230.77,385.16,246.86,404.58,tomato
data/Laboro-Tomato/train/images/IMG_1187.jpg,212.73,392.67,228.00,412.72,tomato
data/Laboro-Tomato/train/images/IMG_1187.jpg,191.69,345.89,209.95,367.50,tomato
data/Laboro-Tomato/train/images/IMG_1187.jpg,232.56,469.85,251.21,491.87,tomato
data/Laboro-Tomato/train/images/IMG_1187.jpg,218.65,494.82,234.74,512.28,tomato
data/Laboro-Tomato/train/images/IMG_1187.jpg,247.44,441.70,272.23,471.85,tomato
data/Laboro-Tomato/train/images/IMG_1187.jpg,274.62,455.01,289.88,470.65,tomato
data/Laboro-Tomato/train/images/IMG_1187.jpg,190.72,458.74,209.76,481.95,tomato
data/Laboro-Tomato/train/images/IMG_1187.jpg,203.01,465.71,222.63,487.72,tomato
data/Laboro-Tomato/train/images/IMG_1187.jpg,110.77,345.12,129.41,362.57,tomato
data/Laboro-Tomato/train/images/IMG_1187.jpg,159.58,348.48,173.84,363.77,tomato
data/Laboro-Tomato/train/images/IMG_1187.jpg,260.92,346.70,272.42,357.99,tomato
data/Laboro-Tomato/train/images/IMG_1187.jpg,305.75,315.36,326.97,337.94,tomato
data/Laboro-Tomato/train/images/IMG_1187.jpg,291.46,266.74,313.29,288.97,tomato
data/Laboro-Tomato/train/images/IMG_1187.jpg,324.79,252.65,353.54,279.64,tomato
data/Laboro-Tomato/train/images/IMG_1187.jpg,336.10,298.50,356.14,319.89,tomato
data/Laboro-Tomato/train/images/IMG_1187.jpg,370.40,326.08,379.34,337.37,tomato
data/Laboro-Tomato/train/images/IMG_1187.jpg,352.35,353.04,357.91,359.41,tomato
data/Laboro-Tomato/train/images/IMG_1187.jpg,429.10,138.23,442.00,150.50,tomato
data/Laboro-Tomato/train/images/IMG_1187.jpg,423.37,105.10,442.21,120.95,tomato
data/Laboro-Tomato/train/images/IMG_1187.jpg,394.41,149.94,400.94,158.07,tomato
data/Laboro-Tomato/train/images/IMG_1187.jpg,375.74,118.60,386.66,128.90,tomato
data/Laboro-Tomato/train/images/IMG_1187.jpg,386.27,117.02,397.58,128.52,tomato
data/Laboro-Tomato/train/images/IMG_1187.jpg,388.23,100.54,402.53,114.01,tomato
data/Laboro-Tomato/train/images/IMG_1187.jpg,398.78,83.50,419.80,104.12,tomato
data/Laboro-Tomato/train/images/IMG_1187.jpg,430.48,64.47,447.15,79.75,tomato
data/Laboro-Tomato/train/images/IMG_1187.jpg,425.92,1.40,437.03,13.11,tomato
data/Laboro-Tomato/train/images/IMG_1187.jpg,422.56,34.11,441.79,55.71,tomato
data/Laboro-Tomato/train/images/IMG_1187.jpg,412.26,44.42,423.95,59.49,tomato
data/Laboro-Tomato/train/images/IMG_1187.jpg,407.31,27.17,413.45,33.13,tomato
data/Laboro-Tomato/train/images/IMG_1187.jpg,391.44,19.87,397.38,27.58,tomato
data/Laboro-Tomato/train/images/IMG_1187.jpg,122.46,404.04,148.26,426.62,tomato
data/Laboro-Tomato/train/images/IMG_1187.jpg,187.32,478.58,207.95,499.40,tomato
data/Laboro-Tomato/train/images/IMG_1188.jpg,221.08,184.07,261.21,230.85,tomato
data/Laboro-Tomato/train/images/IMG_1188.jpg,160.42,173.09,198.72,210.96,tomato
data/Laboro-Tomato/train/images/IMG_1188.jpg,121.86,149.83,162.69,190.18,tomato
data/Laboro-Tomato/train/images/IMG_1188.jpg,144.45,236.98,183.69,275.32,tomato
data/Laboro-Tomato/train/images/IMG_1188.jpg,212.65,163.51,245.71,186.56,tomato
data/Laboro-Tomato/train/images/IMG_1188.jpg,173.86,215.54,198.49,240.20,tomato
data/Laboro-Tomato/train/images/IMG_1188.jpg,190.31,244.29,226.79,284.90,tomato
data/Laboro-Tomato/train/images/IMG_1188.jpg,167.02,271.64,194.84,300.13,tomato
data/Laboro-Tomato/train/images/IMG_1188.jpg,252.76,115.62,299.54,167.62,tomato
data/Laboro-Tomato/train/images/IMG_1188.jpg,309.81,165.35,354.30,207.30,tomato
data/Laboro-Tomato/train/images/IMG_1188.jpg,321.45,123.15,364.11,154.18,tomato
data/Laboro-Tomato/train/images/IMG_1188.jpg,336.50,92.39,366.38,125.69,tomato
data/Laboro-Tomato/train/images/IMG_1188.jpg,318.73,202.10,349.50,225.36,tomato
data/Laboro-Tomato/train/images/IMG_1188.jpg,337.86,216.89,357.25,237.40,tomato
data/Laboro-Tomato/train/images/IMG_1188.jpg,275.14,183.81,307.77,216.91,tomato
data/Laboro-Tomato/train/images/IMG_1188.jpg,263.29,219.66,313.25,270.27,tomato
data/Laboro-Tomato/train/images/IMG_1188.jpg,193.26,152.78,222.67,179.25,tomato
data/Laboro-Tomato/train/images/IMG_1188.jpg,235.71,246.54,270.59,279.85,tomato
data/Laboro-Tomato/train/images/IMG_1188.jpg,241.15,289.41,273.55,318.83,tomato
data/Laboro-Tomato/train/images/IMG_1188.jpg,376.21,195.23,401.73,218.96,tomato
data/Laboro-Tomato/train/images/IMG_1188.jpg,186.64,302.67,218.11,317.28,tomato
data/Laboro-Tomato/train/images/IMG_1188.jpg,230.21,316.81,267.16,352.86,tomato
data/Laboro-Tomato/train/images/IMG_1188.jpg,258.96,356.98,281.53,381.58,tomato
data/Laboro-Tomato/train/images/IMG_1188.jpg,203.31,366.30,224.52,390.49,tomato
data/Laboro-Tomato/train/images/IMG_1188.jpg,166.13,357.89,201.95,400.98,tomato
data/Laboro-Tomato/train/images/IMG_1188.jpg,167.47,397.51,191.20,426.73,tomato
data/Laboro-Tomato/train/images/IMG_1188.jpg,232.25,425.38,268.30,469.62,tomato
data/Laboro-Tomato/train/images/IMG_1188.jpg,333.51,377.70,357.02,400.96,tomato
data/Laboro-Tomato/train/images/IMG_1188.jpg,338.99,411.71,373.22,451.39,tomato
data/Laboro-Tomato/train/images/IMG_1188.jpg,362.96,331.62,403.09,373.37,tomato
data/Laboro-Tomato/train/images/IMG_1189.jpg,260.71,116.71,308.69,174.93,tomato
data/Laboro-Tomato/train/images/IMG_1189.jpg,168.90,96.27,232.11,160.55,tomato
data/Laboro-Tomato/train/images/IMG_1189.jpg,189.38,168.66,244.97,224.81,tomato
data/Laboro-Tomato/train/images/IMG_1189.jpg,163.93,180.19,203.29,225.30,tomato
data/Laboro-Tomato/train/images/IMG_1189.jpg,167.86,227.43,213.50,269.64,tomato
data/Laboro-Tomato/train/images/IMG_1189.jpg,291.40,191.97,359.35,256.00,tomato
data/Laboro-Tomato/train/images/IMG_1189.jpg,265.17,183.35,307.95,226.39,tomato
data/Laboro-Tomato/train/images/IMG_1189.jpg,235.53,217.46,291.67,270.71,tomato
data/Laboro-Tomato/train/images/IMG_1189.jpg,289.84,244.96,328.66,268.58,tomato
data/Laboro-Tomato/train/images/IMG_1189.jpg,276.73,259.70,320.79,294.04,tomato
data/Laboro-Tomato/train/images/IMG_1189.jpg,280.38,294.56,313.95,324.97,tomato
data/Laboro-Tomato/train/images/IMG_1189.jpg,311.85,263.07,364.30,308.70,tomato
data/Laboro-Tomato/train/images/IMG_1189.jpg,325.76,306.11,364.30,342.84,tomato
data/Laboro-Tomato/train/images/IMG_1189.jpg,355.95,311.08,376.93,344.91,tomato
data/Laboro-Tomato/train/images/IMG_1189.jpg,214.53,302.41,243.13,331.00,tomato
data/Laboro-Tomato/train/images/IMG_1189.jpg,198.55,331.03,231.61,367.24,tomato
data/Laboro-Tomato/train/images/IMG_1189.jpg,159.48,318.41,200.66,356.95,tomato
data/Laboro-Tomato/train/images/IMG_1189.jpg,160.01,429.63,190.43,464.54,tomato
data/Laboro-Tomato/train/images/IMG_1189.jpg,190.16,385.34,219.80,415.49,tomato
data/Laboro-Tomato/train/images/IMG_1189.jpg,213.25,422.82,239.75,448.25,tomato
data/Laboro-Tomato/train/images/IMG_1189.jpg,167.33,470.58,196.70,499.95,tomato
data/Laboro-Tomato/train/images/IMG_1189.jpg,117.78,332.84,146.10,367.70,tomato
data/Laboro-Tomato/train/images/IMG_1189.jpg,102.82,369.85,139.53,403.94,tomato
data/Laboro-Tomato/train/images/IMG_1189.jpg,135.34,380.83,166.30,413.36,tomato
data/Laboro-Tomato/train/images/IMG_1189.jpg,171.00,400.00,185.18,411.81,tomato
data/Laboro-Tomato/train/images/IMG_1189.jpg,87.61,420.46,123.82,457.96,tomato
data/Laboro-Tomato/train/images/IMG_1189.jpg,108.86,447.97,139.01,479.98,tomato
data/Laboro-Tomato/train/images/IMG_1189.jpg,126.42,480.78,150.04,507.25,tomato
data/Laboro-Tomato/train/images/IMG_1189.jpg,224.54,121.42,249.44,154.47,tomato
data/Laboro-Tomato/train/images/IMG_1189.jpg,213.25,242.63,246.04,274.64,tomato
data/Laboro-Tomato/train/images/IMG_1189.jpg,213.78,208.00,252.59,241.83,tomato
data/Laboro-Tomato/train/images/IMG_1189.jpg,287.98,11.27,312.11,38.05,tomato
data/Laboro-Tomato/train/images/IMG_1189.jpg,276.46,59.78,299.54,83.40,tomato
data/Laboro-Tomato/train/images/IMG_1189.jpg,144.76,178.87,162.86,195.13,tomato
data/Laboro-Tomato/train/images/IMG_1191.jpg,429.72,137.43,453.11,174.51,tomato
data/Laboro-Tomato/train/images/IMG_1191.jpg,421.16,119.58,452.90,149.16,tomato
data/Laboro-Tomato/train/images/IMG_1191.jpg,393.40,78.32,429.68,115.20,tomato
data/Laboro-Tomato/train/images/IMG_1191.jpg,398.55,50.97,429.90,83.09,tomato
data/Laboro-Tomato/train/images/IMG_1191.jpg,360.26,33.33,395.77,71.82,tomato
data/Laboro-Tomato/train/images/IMG_1191.jpg,332.52,69.83,360.49,88.27,tomato
data/Laboro-Tomato/train/images/IMG_1191.jpg,198.86,16.65,227.02,50.58,tomato
data/Laboro-Tomato/train/images/IMG_1191.jpg,88.19,12.10,137.77,49.96,tomato
data/Laboro-Tomato/train/images/IMG_1191.jpg,73.31,33.31,143.32,105.31,tomato
data/Laboro-Tomato/train/images/IMG_1191.jpg,98.49,174.15,169.51,241.60,tomato
data/Laboro-Tomato/train/images/IMG_1191.jpg,65.16,181.30,98.88,236.62,tomato
data/Laboro-Tomato/train/images/IMG_1191.jpg,149.27,139.24,218.11,204.09,tomato
data/Laboro-Tomato/train/images/IMG_1191.jpg,130.21,95.39,179.20,147.76,tomato
data/Laboro-Tomato/train/images/IMG_1191.jpg,108.22,138.85,157.60,183.86,tomato
data/Laboro-Tomato/train/images/IMG_1191.jpg,171.27,116.42,189.11,141.03,tomato
data/Laboro-Tomato/train/images/IMG_1191.jpg,184.95,132.48,202.00,144.96,tomato
data/Laboro-Tomato/train/images/IMG_1191.jpg,174.83,240.56,249.81,310.18,tomato
data/Laboro-Tomato/train/images/IMG_1191.jpg,145.69,284.20,201.01,338.95,tomato
data/Laboro-Tomato/train/images/IMG_1191.jpg,119.68,257.26,163.93,302.28,tomato
data/Laboro-Tomato/train/images/IMG_1191.jpg,132.21,242.79,149.46,258.84,tomato
data/Laboro-Tomato/train/images/IMG_1191.jpg,189.73,230.64,217.89,248.51,tomato
data/Laboro-Tomato/train/images/IMG_1191.jpg,244.45,250.27,296.82,302.85,tomato
data/Laboro-Tomato/train/images/IMG_1191.jpg,173.24,347.86,212.32,395.88,tomato
data/Laboro-Tomato/train/images/IMG_1191.jpg,205.77,340.12,265.49,405.59,tomato
data/Laboro-Tomato/train/images/IMG_1191.jpg,265.10,311.40,310.90,359.00,tomato
data/Laboro-Tomato/train/images/IMG_1191.jpg,246.02,410.36,294.23,463.92,tomato
data/Laboro-Tomato/train/images/IMG_1191.jpg,306.12,331.78,339.26,364.72,tomato
data/Laboro-Tomato/train/images/IMG_1191.jpg,336.89,251.49,380.91,295.52,tomato
data/Laboro-Tomato/train/images/IMG_1191.jpg,392.82,331.42,417.99,357.42,tomato
data/Laboro-Tomato/train/images/IMG_1192.jpg,316.26,257.29,430.29,362.55,tomato
data/Laboro-Tomato/train/images/IMG_1192.jpg,204.96,166.82,272.83,202.10,tomato
data/Laboro-Tomato/train/images/IMG_1192.jpg,190.49,185.52,284.58,275.39,tomato
data/Laboro-Tomato/train/images/IMG_1192.jpg,175.99,294.41,262.24,378.27,tomato
data/Laboro-Tomato/train/images/IMG_1192.jpg,115.35,365.86,212.79,464.80,tomato
data/Laboro-Tomato/train/images/IMG_1192.jpg,88.23,216.29,164.84,282.34,tomato
data/Laboro-Tomato/train/images/IMG_1192.jpg,65.27,156.82,119.58,227.43,tomato
data/Laboro-Tomato/train/images/IMG_1192.jpg,77.63,397.64,118.26,445.66,tomato
data/Laboro-Tomato/train/images/IMG_1193.jpg,221.55,222.30,332.54,329.06,tomato
data/Laboro-Tomato/train/images/IMG_1194.jpg,91.83,238.88,187.44,322.74,tomato
data/Laboro-Tomato/train/images/IMG_1194.jpg,164.53,285.68,228.17,357.16,tomato
data/Laboro-Tomato/train/images/IMG_1194.jpg,223.97,268.76,303.00,349.31,tomato
data/Laboro-Tomato/train/images/IMG_1194.jpg,288.81,270.55,329.84,322.45,tomato
data/Laboro-Tomato/train/images/IMG_1194.jpg,196.22,191.53,263.47,261.20,tomato
data/Laboro-Tomato/train/images/IMG_1194.jpg,240.85,195.44,333.74,280.81,tomato
data/Laboro-Tomato/train/images/IMG_1195.jpg,278.83,170.71,335.24,219.87,tomato
data/Laboro-Tomato/train/images/IMG_1195.jpg,217.91,106.79,274.01,159.88,tomato
data/Laboro-Tomato/train/images/IMG_1195.jpg,145.23,186.12,194.10,236.47,tomato
data/Laboro-Tomato/train/images/IMG_1195.jpg,264.36,238.31,306.59,271.51,tomato
data/Laboro-Tomato/train/images/IMG_1195.jpg,235.09,275.39,274.01,317.61,tomato
data/Laboro-Tomato/train/images/IMG_1195.jpg,194.99,224.71,233.30,259.41,tomato
data/Laboro-Tomato/train/images/IMG_1195.jpg,175.39,243.10,218.24,281.43,tomato
data/Laboro-Tomato/train/images/IMG_1195.jpg,149.77,280.21,202.84,333.31,tomato
data/Laboro-Tomato/train/images/IMG_1195.jpg,126.54,326.65,170.28,375.24,tomato
data/Laboro-Tomato/train/images/IMG_1195.jpg,101.79,351.41,140.10,389.74,tomato
data/Laboro-Tomato/train/images/IMG_1196.jpg,312.30,165.79,388.95,248.82,tomato
data/Laboro-Tomato/train/images/IMG_1196.jpg,289.53,307.25,378.69,388.22,tomato
data/Laboro-Tomato/train/images/IMG_1196.jpg,267.16,249.52,332.62,316.34,tomato
data/Laboro-Tomato/train/images/IMG_1196.jpg,168.61,239.03,250.04,320.20,tomato
data/Laboro-Tomato/train/images/IMG_1197.jpg,275.82,239.19,338.56,299.84,tomato
data/Laboro-Tomato/train/images/IMG_1197.jpg,209.17,256.69,265.89,310.10,tomato
data/Laboro-Tomato/train/images/IMG_1197.jpg,281.28,303.42,337.38,360.14,tomato
data/Laboro-Tomato/train/images/IMG_1197.jpg,231.49,314.61,273.41,353.82,tomato
data/Laboro-Tomato/train/images/IMG_1197.jpg,261.64,345.66,303.87,387.00,tomato
data/Laboro-Tomato/train/images/IMG_1198.jpg,178.71,187.00,242.35,248.85,tomato
data/Laboro-Tomato/train/images/IMG_1198.jpg,280.05,215.67,342.49,272.39,tomato
data/Laboro-Tomato/train/images/IMG_1198.jpg,277.96,275.68,338.60,333.59,tomato
data/Laboro-Tomato/train/images/IMG_1198.jpg,269.22,337.24,315.95,389.72,tomato
data/Laboro-Tomato/train/images/IMG_1198.jpg,185.65,280.52,247.77,336.62,tomato
data/Laboro-Tomato/train/images/IMG_1198.jpg,212.49,336.93,268.01,392.72,tomato
data/Laboro-Tomato/train/images/IMG_1199.jpg,137.38,241.75,203.50,306.09,tomato
data/Laboro-Tomato/train/images/IMG_1199.jpg,256.01,224.19,313.70,285.52,tomato
data/Laboro-Tomato/train/images/IMG_1199.jpg,197.38,315.88,259.19,373.58,tomato
data/Laboro-Tomato/train/images/IMG_1199.jpg,289.98,293.78,339.48,346.26,tomato
data/Laboro-Tomato/train/images/IMG_1199.jpg,309.58,342.58,350.88,384.07,tomato
data/Laboro-Tomato/train/images/IMG_1199.jpg,241.17,363.58,289.07,412.38,tomato
data/Laboro-Tomato/train/images/IMG_1200.jpg,152.67,143.49,216.65,205.13,tomato
data/Laboro-Tomato/train/images/IMG_1200.jpg,236.60,164.44,283.53,214.53,tomato
data/Laboro-Tomato/train/images/IMG_1200.jpg,188.33,198.03,250.76,255.22,tomato
data/Laboro-Tomato/train/images/IMG_1200.jpg,263.60,211.16,313.17,261.77,tomato
data/Laboro-Tomato/train/images/IMG_1200.jpg,235.80,258.35,289.30,306.89,tomato
data/Laboro-Tomato/train/images/IMG_1200.jpg,296.12,252.60,342.27,298.24,tomato
data/Laboro-Tomato/train/images/IMG_1200.jpg,307.39,306.63,346.47,347.29,tomato
data/Laboro-Tomato/train/images/IMG_1200.jpg,262.55,299.56,311.35,348.87,tomato
data/Laboro-Tomato/train/images/IMG_1201.jpg,128.25,235.82,171.60,275.03,tomato
data/Laboro-Tomato/train/images/IMG_1201.jpg,193.03,156.02,260.98,219.22,tomato
data/Laboro-Tomato/train/images/IMG_1201.jpg,162.71,338.93,198.76,371.77,tomato
data/Laboro-Tomato/train/images/IMG_1201.jpg,197.38,344.63,240.93,380.68,tomato
data/Laboro-Tomato/train/images/IMG_1201.jpg,201.03,304.01,255.54,352.40,tomato
data/Laboro-Tomato/train/images/IMG_1201.jpg,234.52,273.25,275.35,310.64,tomato
data/Laboro-Tomato/train/images/IMG_1201.jpg,260.09,159.88,312.11,216.91,tomato
data/Laboro-Tomato/train/images/IMG_1201.jpg,267.60,223.28,299.07,254.31,tomato
data/Laboro-Tomato/train/images/IMG_1201.jpg,292.72,239.50,312.34,260.48,tomato
data/Laboro-Tomato/train/images/IMG_1201.jpg,270.57,279.18,308.22,320.46,tomato
data/Laboro-Tomato/train/images/IMG_1201.jpg,269.43,373.84,301.83,408.75,tomato
data/Laboro-Tomato/train/images/IMG_1202.jpg,158.94,477.03,180.54,498.26,tomato
data/Laboro-Tomato/train/images/IMG_1202.jpg,146.00,481.17,162.55,499.82,tomato
data/Laboro-Tomato/train/images/IMG_1202.jpg,137.55,469.26,157.72,490.29,tomato
data/Laboro-Tomato/train/images/IMG_1202.jpg,238.27,412.69,255.68,430.61,tomato
data/Laboro-Tomato/train/images/IMG_1202.jpg,238.62,438.41,255.02,455.14,tomato
data/Laboro-Tomato/train/images/IMG_1202.jpg,232.25,234.24,246.39,246.98,tomato
data/Laboro-Tomato/train/images/IMG_1202.jpg,215.66,230.56,229.65,244.55,tomato
data/Laboro-Tomato/train/images/IMG_1202.jpg,210.84,239.21,226.69,254.75,tomato
data/Laboro-Tomato/train/images/IMG_1202.jpg,220.32,259.91,234.46,275.08,tomato
data/Laboro-Tomato/train/images/IMG_1202.jpg,200.49,251.44,215.14,265.94,tomato
data/Laboro-Tomato/train/images/IMG_1202.jpg,191.53,236.62,208.78,252.16,tomato
data/Laboro-Tomato/train/images/IMG_1202.jpg,218.09,271.12,230.33,283.04,tomato
data/Laboro-Tomato/train/images/IMG_1203.jpg,301.50,186.71,366.34,253.38,tomato
data/Laboro-Tomato/train/images/IMG_1203.jpg,175.99,103.47,261.08,196.97,tomato
data/Laboro-Tomato/train/images/IMG_1203.jpg,262.84,228.93,338.56,302.23,tomato
data/Laboro-Tomato/train/images/IMG_1203.jpg,195.61,257.91,246.90,318.83,tomato
data/Laboro-Tomato/train/images/IMG_1203.jpg,131.34,237.71,217.31,319.45,tomato
data/Laboro-Tomato/train/images/IMG_1203.jpg,224.27,330.59,289.11,401.76,tomato
data/Laboro-Tomato/train/images/IMG_1203.jpg,191.07,395.13,247.48,460.61,tomato
data/Laboro-Tomato/train/images/IMG_1203.jpg,213.41,380.39,247.21,415.67,tomato
data/Laboro-Tomato/train/images/IMG_1203.jpg,384.11,206.01,425.76,253.35,tomato
data/Laboro-Tomato/train/images/IMG_1203.jpg,194.41,324.24,245.38,380.96,tomato
data/Laboro-Tomato/train/images/IMG_1203.jpg,300.59,89.87,338.58,137.84,tomato
data/Laboro-Tomato/train/images/IMG_1205.jpg,139.48,192.75,229.69,274.49,tomato
data/Laboro-Tomato/train/images/IMG_1205.jpg,206.74,191.56,254.10,259.10,tomato
data/Laboro-Tomato/train/images/IMG_1205.jpg,149.44,293.81,222.13,355.35,tomato
data/Laboro-Tomato/train/images/IMG_1205.jpg,177.82,353.20,236.64,416.86,tomato
data/Laboro-Tomato/train/images/IMG_1205.jpg,217.31,335.46,252.32,382.49,tomato
data/Laboro-Tomato/train/images/IMG_1205.jpg,229.39,283.55,283.98,328.52,tomato
data/Laboro-Tomato/train/images/IMG_1205.jpg,234.21,298.34,299.67,365.01,tomato
data/Laboro-Tomato/train/images/IMG_1205.jpg,284.89,321.83,338.58,380.37,tomato
data/Laboro-Tomato/train/images/IMG_1205.jpg,293.03,257.89,337.98,307.04,tomato
data/Laboro-Tomato/train/images/IMG_1205.jpg,311.44,226.52,378.69,288.68,tomato
data/Laboro-Tomato/train/images/IMG_1205.jpg,295.75,155.04,366.34,230.77,tomato
data/Laboro-Tomato/train/images/IMG_1212.jpg,148.53,334.19,202.84,387.90,tomato
data/Laboro-Tomato/train/images/IMG_1212.jpg,154.30,386.43,201.34,437.09,tomato
data/Laboro-Tomato/train/images/IMG_1212.jpg,129.53,433.75,183.84,493.78,tomato
data/Laboro-Tomato/train/images/IMG_1212.jpg,113.85,393.96,166.03,449.44,tomato
data/Laboro-Tomato/train/images/IMG_1212.jpg,178.38,151.39,249.28,225.61,tomato
data/Laboro-Tomato/train/images/IMG_1212.jpg,195.59,53.35,253.83,115.51,tomato
data/Laboro-Tomato/train/images/IMG_1212.jpg,224.58,116.14,294.23,184.30,tomato
data/Laboro-Tomato/train/images/IMG_1212.jpg,233.30,75.08,287.30,125.17,tomato
data/Laboro-Tomato/train/images/IMG_1212.jpg,280.13,124.55,321.82,184.38,tomato
data/Laboro-Tomato/train/images/IMG_1212.jpg,312.40,118.05,366.94,164.46,tomato
data/Laboro-Tomato/train/images/IMG_1212.jpg,287.47,79.77,338.87,127.22,tomato
data/Laboro-Tomato/train/images/IMG_1212.jpg,256.51,189.41,318.17,252.34,tomato
data/Laboro-Tomato/train/images/IMG_1212.jpg,237.90,226.11,280.13,271.48,tomato
data/Laboro-Tomato/train/images/IMG_1212.jpg,191.73,232.63,249.69,290.86,tomato
data/Laboro-Tomato/train/images/IMG_1212.jpg,263.60,256.25,318.69,312.92,tomato
data/Laboro-Tomato/train/images/IMG_1212.jpg,278.56,319.74,331.55,374.28,tomato
data/Laboro-Tomato/train/images/IMG_1212.jpg,210.88,301.35,262.01,353.30,tomato
data/Laboro-Tomato/train/images/IMG_1212.jpg,228.97,384.23,279.59,440.64,tomato
data/Laboro-Tomato/train/images/IMG_1212.jpg,263.85,0.03,320.77,47.22,tomato
data/Laboro-Tomato/train/images/IMG_1213.jpg,117.78,0.28,175.08,77.21,tomato
data/Laboro-Tomato/train/images/IMG_1213.jpg,68.28,0.00,154.57,67.55,tomato
data/Laboro-Tomato/train/images/IMG_1213.jpg,75.26,256.80,122.73,300.88,tomato
data/Laboro-Tomato/train/images/IMG_1213.jpg,125.12,251.54,163.15,289.04,tomato
data/Laboro-Tomato/train/images/IMG_1213.jpg,107.77,302.15,132.17,333.64,tomato
data/Laboro-Tomato/train/images/IMG_1213.jpg,148.70,296.66,183.32,330.22,tomato
data/Laboro-Tomato/train/images/IMG_1213.jpg,133.76,336.00,162.36,365.37,tomato
data/Laboro-Tomato/train/images/IMG_1213.jpg,182.04,382.93,231.88,431.99,tomato
data/Laboro-Tomato/train/images/IMG_1213.jpg,188.31,338.36,268.57,418.85,tomato
data/Laboro-Tomato/train/images/IMG_1213.jpg,254.96,367.44,279.08,407.59,tomato
data/Laboro-Tomato/train/images/IMG_1213.jpg,180.97,224.79,250.74,291.66,tomato
data/Laboro-Tomato/train/images/IMG_1213.jpg,259.68,253.35,316.86,301.11,tomato
data/Laboro-Tomato/train/images/IMG_1213.jpg,228.99,313.16,279.88,362.73,tomato
data/Laboro-Tomato/train/images/IMG_1213.jpg,250.49,190.68,319.99,258.84,tomato
data/Laboro-Tomato/train/images/IMG_1214.jpg,411.25,13.91,445.94,52.19,tomato
data/Laboro-Tomato/train/images/IMG_1214.jpg,405.85,0.03,453.52,35.30,tomato
data/Laboro-Tomato/train/images/IMG_1214.jpg,139.46,46.10,214.71,132.30,tomato
data/Laboro-Tomato/train/images/IMG_1214.jpg,183.24,112.22,290.43,221.47,tomato
data/Laboro-Tomato/train/images/IMG_1214.jpg,157.23,213.93,231.59,287.59,tomato
data/Laboro-Tomato/train/images/IMG_1214.jpg,164.07,148.72,223.82,225.80,tomato
data/Laboro-Tomato/train/images/IMG_1214.jpg,225.63,240.17,298.62,313.36,tomato
data/Laboro-Tomato/train/images/IMG_1214.jpg,254.86,296.94,314.38,353.98,tomato
data/Laboro-Tomato/train/images/IMG_1214.jpg,223.82,367.68,266.71,413.99,tomato
data/Laboro-Tomato/train/images/IMG_1214.jpg,218.34,339.81,250.28,374.72,tomato
data/Laboro-Tomato/train/images/IMG_1214.jpg,234.09,399.38,271.51,429.01,tomato
data/Laboro-Tomato/train/images/IMG_1214.jpg,119.82,359.00,148.80,384.33,tomato
data/Laboro-Tomato/train/images/IMG_1214.jpg,110.67,484.69,152.12,517.22,tomato
data/Laboro-Tomato/train/images/IMG_1214.jpg,101.50,508.08,138.21,517.77,tomato
data/Laboro-Tomato/train/images/IMG_1215.jpg,162.01,266.85,215.16,314.76,tomato
data/Laboro-Tomato/train/images/IMG_1215.jpg,235.01,385.91,266.24,413.26,tomato
data/Laboro-Tomato/train/images/IMG_1215.jpg,208.53,398.21,242.76,432.66,tomato
data/Laboro-Tomato/train/images/IMG_1215.jpg,196.93,401.19,217.21,436.31,tomato
data/Laboro-Tomato/train/images/IMG_1215.jpg,176.13,376.53,210.59,411.45,tomato
data/Laboro-Tomato/train/images/IMG_1215.jpg,154.26,366.54,191.44,403.73,tomato
data/Laboro-Tomato/train/images/IMG_1215.jpg,178.68,307.90,206.49,330.28,tomato
data/Laboro-Tomato/train/images/IMG_1215.jpg,153.81,282.80,174.56,314.97,tomato
data/Laboro-Tomato/train/images/IMG_1215.jpg,206.96,259.98,242.78,299.46,tomato
data/Laboro-Tomato/train/images/IMG_1215.jpg,192.58,254.78,224.05,273.69,tomato
data/Laboro-Tomato/train/images/IMG_1215.jpg,158.80,236.29,199.17,272.08,tomato
data/Laboro-Tomato/train/images/IMG_1215.jpg,184.83,225.56,218.36,257.94,tomato
data/Laboro-Tomato/train/images/IMG_1215.jpg,185.98,180.19,224.75,221.47,tomato
data/Laboro-Tomato/train/images/IMG_1215.jpg,214.24,160.35,258.49,205.05,tomato
data/Laboro-Tomato/train/images/IMG_1215.jpg,176.85,114.04,229.76,169.93,tomato
data/Laboro-Tomato/train/images/IMG_1215.jpg,257.56,85.06,309.11,135.92,tomato
data/Laboro-Tomato/train/images/IMG_1215.jpg,268.09,333.46,293.85,357.65,tomato
data/Laboro-Tomato/train/images/IMG_1215.jpg,292.91,128.67,341.05,183.16,tomato
data/Laboro-Tomato/train/images/IMG_1215.jpg,374.13,113.83,423.86,157.60,tomato
data/Laboro-Tomato/train/images/IMG_1215.jpg,326.23,184.30,365.93,227.40,tomato
data/Laboro-Tomato/train/images/IMG_1215.jpg,430.46,224.42,452.61,245.20,tomato
data/Laboro-Tomato/train/images/IMG_1215.jpg,431.37,244.06,450.76,259.54,tomato
data/Laboro-Tomato/train/images/IMG_1215.jpg,378.46,219.63,411.06,246.98,tomato
data/Laboro-Tomato/train/images/IMG_1215.jpg,327.37,234.03,342.64,254.34,tomato
data/Laboro-Tomato/train/images/IMG_1215.jpg,344.04,226.73,366.61,249.52,tomato
data/Laboro-Tomato/train/images/IMG_1215.jpg,342.18,246.57,365.45,264.59,tomato
data/Laboro-Tomato/train/images/IMG_1216.jpg,274.05,126.11,334.97,191.84,tomato
data/Laboro-Tomato/train/images/IMG_1216.jpg,297.56,183.11,356.06,237.40,tomato
data/Laboro-Tomato/train/images/IMG_1216.jpg,261.97,243.10,330.73,304.32,tomato
data/Laboro-Tomato/train/images/IMG_1216.jpg,215.50,365.89,274.01,425.93,tomato
data/Laboro-Tomato/train/images/IMG_1216.jpg,189.84,337.22,227.26,388.81,tomato
data/Laboro-Tomato/train/images/IMG_1216.jpg,189.59,278.74,250.51,339.96,tomato
data/Laboro-Tomato/train/images/IMG_1216.jpg,172.09,234.39,224.27,288.99,tomato
data/Laboro-Tomato/train/images/IMG_1216.jpg,124.73,215.38,186.85,270.29,tomato
data/Laboro-Tomato/train/images/IMG_1216.jpg,115.99,270.84,183.24,334.50,tomato
data/Laboro-Tomato/train/images/IMG_1217.jpg,444.49,36.73,453.50,49.78,tomato
data/Laboro-Tomato/train/images/IMG_1217.jpg,429.20,26.52,444.93,42.89,tomato
data/Laboro-Tomato/train/images/IMG_1217.jpg,429.82,39.26,441.20,47.97,tomato
data/Laboro-Tomato/train/images/IMG_1217.jpg,441.22,70.03,453.50,102.15,tomato
data/Laboro-Tomato/train/images/IMG_1217.jpg,438.19,88.32,453.50,114.84,tomato
data/Laboro-Tomato/train/images/IMG_1217.jpg,382.25,4.95,414.34,46.02,tomato
data/Laboro-Tomato/train/images/IMG_1217.jpg,389.90,50.69,415.70,88.66,tomato
data/Laboro-Tomato/train/images/IMG_1217.jpg,339.22,46.36,393.96,100.03,tomato
data/Laboro-Tomato/train/images/IMG_1217.jpg,311.04,82.78,351.98,131.05,tomato
data/Laboro-Tomato/train/images/IMG_1217.jpg,316.44,128.36,350.31,173.22,tomato
data/Laboro-Tomato/train/images/IMG_1217.jpg,327.55,134.96,374.32,181.02,tomato
data/Laboro-Tomato/train/images/IMG_1217.jpg,363.08,165.42,407.17,210.44,tomato
data/Laboro-Tomato/train/images/IMG_1217.jpg,320.79,177.54,367.56,216.24,tomato
data/Laboro-Tomato/train/images/IMG_1217.jpg,395.01,230.77,453.48,284.02,tomato
data/Laboro-Tomato/train/images/IMG_1217.jpg,379.70,202.62,429.78,251.67,tomato
data/Laboro-Tomato/train/images/IMG_1217.jpg,315.82,209.17,363.06,248.33,tomato
data/Laboro-Tomato/train/images/IMG_1217.jpg,215.49,214.92,272.48,272.52,tomato
data/Laboro-Tomato/train/images/IMG_1217.jpg,198.57,257.94,252.41,306.99,tomato
data/Laboro-Tomato/train/images/IMG_1217.jpg,164.53,211.32,220.17,267.11,tomato
data/Laboro-Tomato/train/images/IMG_1217.jpg,152.96,268.14,204.55,318.23,tomato
data/Laboro-Tomato/train/images/IMG_1217.jpg,120.57,214.27,166.92,260.63,tomato
data/Laboro-Tomato/train/images/IMG_1217.jpg,97.48,275.94,155.05,330.85,tomato
data/Laboro-Tomato/train/images/IMG_1217.jpg,145.63,351.98,196.18,404.30,tomato
data/Laboro-Tomato/train/images/IMG_1217.jpg,101.67,387.54,155.37,438.36,tomato
data/Laboro-Tomato/train/images/IMG_1217.jpg,84.89,347.45,138.27,399.51,tomato
data/Laboro-Tomato/train/images/IMG_1217.jpg,65.08,405.21,103.93,448.87,tomato
data/Laboro-Tomato/train/images/IMG_1217.jpg,185.36,492.05,219.70,517.84,tomato
data/Laboro-Tomato/train/images/IMG_1217.jpg,253.89,305.93,294.37,351.20,tomato
data/Laboro-Tomato/train/images/IMG_1217.jpg,280.44,340.56,315.52,374.18,tomato
data/Laboro-Tomato/train/images/IMG_1217.jpg,319.72,239.21,365.45,288.11,tomato
data/Laboro-Tomato/train/images/IMG_1217.jpg,299.77,285.96,344.76,329.01,tomato
data/Laboro-Tomato/train/images/IMG_1217.jpg,311.50,326.47,358.28,369.20,tomato
data/Laboro-Tomato/train/images/IMG_1217.jpg,390.04,286.76,445.24,335.35,tomato
data/Laboro-Tomato/train/images/IMG_1217.jpg,345.67,282.67,395.90,327.53,tomato
data/Laboro-Tomato/train/images/IMG_1217.jpg,348.66,325.28,393.22,367.70,tomato
data/Laboro-Tomato/train/images/IMG_1217.jpg,404.47,387.98,429.80,417.09,tomato
data/Laboro-Tomato/train/images/IMG_1217.jpg,391.55,414.68,422.75,438.36,tomato
data/Laboro-Tomato/train/images/IMG_1217.jpg,392.31,421.70,420.21,449.88,tomato
data/Laboro-Tomato/train/images/IMG_1217.jpg,363.06,423.08,388.54,450.38,tomato
data/Laboro-Tomato/train/images/IMG_1217.jpg,410.16,437.61,441.67,470.45,tomato
data/Laboro-Tomato/train/images/IMG_1217.jpg,404.63,466.54,438.35,501.19,tomato
data/Laboro-Tomato/train/images/IMG_1217.jpg,355.56,438.33,380.89,467.13,tomato
data/Laboro-Tomato/train/images/IMG_1217.jpg,375.06,449.00,404.59,479.88,tomato
data/Laboro-Tomato/train/images/IMG_1217.jpg,388.43,491.87,416.32,517.82,tomato
data/Laboro-Tomato/train/images/IMG_1217.jpg,379.43,488.60,404.34,515.28,tomato
data/Laboro-Tomato/train/images/IMG_1217.jpg,353.77,469.88,376.85,496.40,tomato
data/Laboro-Tomato/train/images/IMG_1217.jpg,360.67,508.52,376.25,517.84,tomato
data/Laboro-Tomato/train/images/IMG_1217.jpg,436.85,141.39,452.74,158.95,tomato
data/Laboro-Tomato/train/images/IMG_1217.jpg,443.01,160.94,453.50,176.38,tomato
data/Laboro-Tomato/train/images/IMG_1217.jpg,428.15,176.95,442.25,191.04,tomato
data/Laboro-Tomato/train/images/IMG_1217.jpg,435.63,210.57,451.25,229.32,tomato
data/Laboro-Tomato/train/images/IMG_1218.jpg,65.60,230.15,125.63,302.25,tomato
data/Laboro-Tomato/train/images/IMG_1218.jpg,65.58,295.29,108.71,334.50,tomato
data/Laboro-Tomato/train/images/IMG_1218.jpg,236.64,31.39,299.96,92.31,tomato
data/Laboro-Tomato/train/images/IMG_1218.jpg,211.58,66.38,265.89,122.79,tomato
data/Laboro-Tomato/train/images/IMG_1218.jpg,214.28,121.86,266.77,157.45,tomato
data/Laboro-Tomato/train/images/IMG_1218.jpg,99.69,338.44,148.26,391.84,tomato
data/Laboro-Tomato/train/images/IMG_1218.jpg,210.67,138.15,266.18,192.44,tomato
data/Laboro-Tomato/train/images/IMG_1218.jpg,162.42,313.13,215.21,367.11,tomato
data/Laboro-Tomato/train/images/IMG_1218.jpg,125.00,398.13,182.93,453.04,tomato
data/Laboro-Tomato/train/images/IMG_1218.jpg,180.81,383.68,236.60,441.91,tomato
data/Laboro-Tomato/train/images/IMG_1218.jpg,196.49,328.15,256.51,386.38,tomato
data/Laboro-Tomato/train/images/IMG_1218.jpg,191.67,263.95,241.13,320.36,tomato
data/Laboro-Tomato/train/images/IMG_1218.jpg,212.80,186.09,262.26,231.93,tomato
data/Laboro-Tomato/train/images/IMG_1218.jpg,195.28,222.58,250.18,270.55,tomato
data/Laboro-Tomato/train/images/IMG_1218.jpg,259.87,172.57,307.81,224.73,tomato
data/Laboro-Tomato/train/images/IMG_1218.jpg,262.28,226.81,318.38,276.90,tomato
data/Laboro-Tomato/train/images/IMG_1218.jpg,265.27,269.08,329.22,332.12,tomato
data/Laboro-Tomato/train/images/IMG_1218.jpg,237.82,344.50,300.57,406.91,tomato
data/Laboro-Tomato/train/images/IMG_1218.jpg,274.01,81.43,299.96,102.25,tomato
data/Laboro-Tomato/train/images/IMG_1218.jpg,274.91,93.19,303.27,111.01,tomato
data/Laboro-Tomato/train/images/IMG_1218.jpg,296.02,62.44,320.77,98.65,tomato
data/Laboro-Tomato/train/images/IMG_1218.jpg,316.26,32.89,348.86,77.54,tomato
data/Laboro-Tomato/train/images/IMG_1218.jpg,309.93,0.00,343.69,29.24,tomato
data/Laboro-Tomato/train/images/IMG_1218.jpg,387.75,45.53,417.00,79.93,tomato
data/Laboro-Tomato/train/images/IMG_1218.jpg,363.08,68.01,395.98,107.48,tomato
data/Laboro-Tomato/train/images/IMG_1218.jpg,363.87,98.37,392.62,117.22,tomato
data/Laboro-Tomato/train/images/IMG_1218.jpg,289.11,432.94,315.87,460.92,tomato
data/Laboro-Tomato/train/images/IMG_1218.jpg,292.86,422.22,323.00,448.02,tomato
data/Laboro-Tomato/train/images/IMG_1218.jpg,306.92,394.72,333.49,424.24,tomato
data/Laboro-Tomato/train/images/IMG_1218.jpg,359.87,292.36,377.12,318.16,tomato
data/Laboro-Tomato/train/images/IMG_1218.jpg,327.96,283.19,349.98,306.40,tomato
data/Laboro-Tomato/train/images/IMG_1218.jpg,305.36,448.41,335.90,481.92,tomato
data/Laboro-Tomato/train/images/IMG_1218.jpg,297.01,477.21,329.72,510.72,tomato
data/Laboro-Tomato/train/images/IMG_1218.jpg,261.29,429.99,286.89,458.17,tomato
data/Laboro-Tomato/train/images/IMG_1218.jpg,270.65,457.76,299.21,488.32,tomato
data/Laboro-Tomato/train/images/IMG_1218.jpg,269.64,497.02,306.74,517.64,tomato
data/Laboro-Tomato/train/images/IMG_1218.jpg,246.43,476.97,269.43,504.32,tomato
data/Laboro-Tomato/train/images/IMG_1218.jpg,136.89,375.08,179.12,401.29,tomato
data/Laboro-Tomato/train/images/IMG_1219.jpg,355.50,47.22,382.89,81.14,tomato
data/Laboro-Tomato/train/images/IMG_1219.jpg,333.32,68.25,364.05,106.11,tomato
data/Laboro-Tomato/train/images/IMG_1219.jpg,334.29,98.39,362.84,115.64,tomato
data/Laboro-Tomato/train/images/IMG_1219.jpg,280.95,0.18,317.04,29.55,tomato
data/Laboro-Tomato/train/images/IMG_1219.jpg,291.48,36.91,319.25,77.78,tomato
data/Laboro-Tomato/train/images/IMG_1219.jpg,248.82,88.45,275.20,110.05,tomato
data/Laboro-Tomato/train/images/IMG_1219.jpg,248.43,81.30,272.01,101.35,tomato
data/Laboro-Tomato/train/images/IMG_1219.jpg,211.13,32.53,272.63,92.83,tomato
data/Laboro-Tomato/train/images/IMG_1219.jpg,185.75,67.26,234.93,121.39,tomato
data/Laboro-Tomato/train/images/IMG_1219.jpg,189.71,119.19,241.07,156.90,tomato
data/Laboro-Tomato/train/images/IMG_1219.jpg,187.73,136.83,241.26,188.79,tomato
data/Laboro-Tomato/train/images/IMG_1219.jpg,190.50,184.87,238.48,228.49,tomato
data/Laboro-Tomato/train/images/IMG_1219.jpg,235.32,171.15,283.73,219.94,tomato
data/Laboro-Tomato/train/images/IMG_1219.jpg,65.17,228.70,104.45,297.69,tomato
data/Laboro-Tomato/train/images/IMG_1219.jpg,65.16,292.51,88.54,329.60,tomato
data/Laboro-Tomato/train/images/IMG_1219.jpg,174.05,219.53,228.21,266.15,tomato
data/Laboro-Tomato/train/images/IMG_1219.jpg,240.87,221.55,294.02,270.14,tomato
data/Laboro-Tomato/train/images/IMG_1219.jpg,243.65,261.80,304.14,321.89,tomato
data/Laboro-Tomato/train/images/IMG_1219.jpg,172.63,257.81,220.85,313.55,tomato
data/Laboro-Tomato/train/images/IMG_1219.jpg,218.87,333.38,278.58,391.30,tomato
data/Laboro-Tomato/train/images/IMG_1219.jpg,178.79,317.72,236.91,374.23,tomato
data/Laboro-Tomato/train/images/IMG_1219.jpg,144.31,307.80,195.09,359.39,tomato
data/Laboro-Tomato/train/images/IMG_1219.jpg,165.33,371.66,218.67,426.99,tomato
data/Laboro-Tomato/train/images/IMG_1219.jpg,112.77,386.56,167.89,438.72,tomato
data/Laboro-Tomato/train/images/IMG_1219.jpg,82.64,334.60,130.03,386.14,tomato
data/Laboro-Tomato/train/images/IMG_1219.jpg,288.27,387.31,312.28,415.49,tomato
data/Laboro-Tomato/train/images/IMG_1219.jpg,273.80,413.93,303.36,439.94,tomato
data/Laboro-Tomato/train/images/IMG_1219.jpg,270.23,424.22,296.60,451.20,tomato
data/Laboro-Tomato/train/images/IMG_1219.jpg,286.48,439.50,316.24,471.25,tomato
data/Laboro-Tomato/train/images/IMG_1219.jpg,279.14,465.71,310.69,499.02,tomato
data/Laboro-Tomato/train/images/IMG_1219.jpg,252.61,450.01,280.97,479.38,tomato
data/Laboro-Tomato/train/images/IMG_1219.jpg,243.65,424.01,268.63,451.20,tomato
data/Laboro-Tomato/train/images/IMG_1219.jpg,252.78,488.32,278.38,515.67,tomato
data/Laboro-Tomato/train/images/IMG_1219.jpg,229.76,469.83,251.99,495.83,tomato
data/Laboro-Tomato/train/images/IMG_1219.jpg,335.71,286.58,351.56,311.60,tomato
data/Laboro-Tomato/train/images/IMG_1219.jpg,304.16,278.06,326.38,301.27,tomato
data/Laboro-Tomato/train/images/IMG_1219.jpg,318.46,322.09,337.88,342.29,tomato
data/Laboro-Tomato/train/images/IMG_1219.jpg,235.78,439.57,258.86,466.10,tomato
data/Laboro-Tomato/train/images/IMG_1220.jpg,333.14,145.69,424.83,233.18,tomato
data/Laboro-Tomato/train/images/IMG_1220.jpg,255.03,83.86,330.75,175.24,tomato
data/Laboro-Tomato/train/images/IMG_1220.jpg,169.37,89.30,272.52,201.19,tomato
data/Laboro-Tomato/train/images/IMG_1220.jpg,138.58,189.41,240.21,297.10,tomato
data/Laboro-Tomato/train/images/IMG_1220.jpg,170.26,234.99,312.03,379.46,tomato
data/Laboro-Tomato/train/images/IMG_1220.jpg,138.58,324.86,258.94,428.62,tomato
data/Laboro-Tomato/train/images/IMG_1221.jpg,264.98,29.86,329.51,99.22,tomato
data/Laboro-Tomato/train/images/IMG_1221.jpg,268.88,80.86,347.91,169.54,tomato
data/Laboro-Tomato/train/images/IMG_1221.jpg,258.96,120.95,309.04,179.18,tomato
data/Laboro-Tomato/train/images/IMG_1221.jpg,281.26,167.42,351.23,238.90,tomato
data/Laboro-Tomato/train/images/IMG_1221.jpg,279.76,287.44,346.12,353.22,tomato
data/Laboro-Tomato/train/images/IMG_1221.jpg,188.06,337.30,252.59,394.74,tomato
data/Laboro-Tomato/train/images/IMG_1221.jpg,147.91,306.37,210.61,369.83,tomato
data/Laboro-Tomato/train/images/IMG_1221.jpg,244.70,308.44,298.20,362.99,tomato
data/Laboro-Tomato/train/images/IMG_1221.jpg,254.92,364.59,300.57,413.13,tomato
data/Laboro-Tomato/train/images/IMG_1221.jpg,273.59,415.23,325.26,472.42,tomato
data/Laboro-Tomato/train/images/IMG_1225.jpg,283.38,38.90,409.17,178.55,tomato
data/Laboro-Tomato/train/images/IMG_1225.jpg,164.51,96.24,280.95,215.38,tomato
data/Laboro-Tomato/train/images/IMG_1225.jpg,192.56,211.14,273.72,286.87,tomato
data/Laboro-Tomato/train/images/IMG_1225.jpg,164.51,286.87,262.84,402.07,tomato
data/Laboro-Tomato/train/images/IMG_1225.jpg,164.84,387.00,244.18,465.73,tomato
data/Laboro-Tomato/train/images/IMG_1225.jpg,165.74,444.60,217.02,481.69,tomato
data/Laboro-Tomato/train/images/IMG_1226.jpg,425.14,273.58,453.19,339.63,tomato
data/Laboro-Tomato/train/images/IMG_1226.jpg,403.73,303.16,426.97,329.42,tomato
data/Laboro-Tomato/train/images/IMG_1226.jpg,405.52,317.61,449.27,359.52,tomato
data/Laboro-Tomato/train/images/IMG_1226.jpg,148.06,228.10,198.64,277.67,tomato
data/Laboro-Tomato/train/images/IMG_1226.jpg,191.88,211.45,237.11,255.06,tomato
data/Laboro-Tomato/train/images/IMG_1226.jpg,203.03,188.42,247.25,228.46,tomato
data/Laboro-Tomato/train/images/IMG_1226.jpg,232.56,226.70,252.61,248.10,tomato
data/Laboro-Tomato/train/images/IMG_1226.jpg,222.25,244.94,261.52,283.63,tomato
data/Laboro-Tomato/train/images/IMG_1226.jpg,251.21,209.25,293.63,250.32,tomato
data/Laboro-Tomato/train/images/IMG_1226.jpg,185.36,249.52,229.57,279.67,tomato
data/Laboro-Tomato/train/images/IMG_1226.jpg,188.33,268.97,231.18,297.31,tomato
data/Laboro-Tomato/train/images/IMG_1226.jpg,181.18,301.06,223.64,344.68,tomato
data/Laboro-Tomato/train/images/IMG_1226.jpg,226.03,283.22,264.49,322.12,tomato
data/Laboro-Tomato/train/images/IMG_1226.jpg,240.31,314.58,272.83,346.49,tomato
data/Laboro-Tomato/train/images/IMG_1226.jpg,255.15,331.60,275.78,351.23,tomato
data/Laboro-Tomato/train/images/IMG_1226.jpg,143.90,0.18,168.30,22.82,tomato
data/Laboro-Tomato/train/images/IMG_1226.jpg,153.21,22.04,173.06,43.64,tomato
data/Laboro-Tomato/train/images/IMG_1226.jpg,131.80,19.24,154.22,43.02,tomato
data/Laboro-Tomato/train/images/IMG_1227.jpg,351.32,42.19,415.19,110.62,tomato
data/Laboro-Tomato/train/images/IMG_1227.jpg,318.92,81.64,354.04,135.92,tomato
data/Laboro-Tomato/train/images/IMG_1227.jpg,251.87,54.08,336.95,143.69,tomato
data/Laboro-Tomato/train/images/IMG_1227.jpg,341.30,161.51,397.40,217.15,tomato
data/Laboro-Tomato/train/images/IMG_1227.jpg,310.96,184.05,345.61,229.42,tomato
data/Laboro-Tomato/train/images/IMG_1227.jpg,264.86,179.28,320.07,234.50,tomato
data/Laboro-Tomato/train/images/IMG_1227.jpg,235.69,164.65,286.31,218.26,tomato
data/Laboro-Tomato/train/images/IMG_1227.jpg,235.45,140.97,269.68,173.14,tomato
data/Laboro-Tomato/train/images/IMG_1227.jpg,208.78,219.40,272.65,280.99,tomato
data/Laboro-Tomato/train/images/IMG_1227.jpg,139.20,203.00,205.79,268.69,tomato
data/Laboro-Tomato/train/images/IMG_1227.jpg,248.00,251.77,292.72,296.48,tomato
data/Laboro-Tomato/train/images/IMG_1227.jpg,211.74,274.13,257.11,323.85,tomato
data/Laboro-Tomato/train/images/IMG_1227.jpg,177.08,263.45,219.04,304.27,tomato
data/Laboro-Tomato/train/images/IMG_1227.jpg,207.40,322.48,247.77,362.63,tomato
data/Laboro-Tomato/train/images/IMG_1227.jpg,166.86,343.69,183.41,361.82,tomato
data/Laboro-Tomato/train/images/IMG_1227.jpg,113.58,291.27,157.91,334.58,tomato
data/Laboro-Tomato/train/images/IMG_1227.jpg,119.62,322.33,167.56,370.45,tomato
data/Laboro-Tomato/train/images/IMG_1227.jpg,110.98,362.34,142.72,390.62,tomato
data/Laboro-Tomato/train/images/IMG_1227.jpg,80.13,322.35,126.87,371.67,tomato
data/Laboro-Tomato/train/images/IMG_1227.jpg,96.14,383.22,140.47,424.97,tomato
data/Laboro-Tomato/train/images/IMG_1227.jpg,153.07,412.35,184.46,445.14,tomato
data/Laboro-Tomato/train/images/IMG_1227.jpg,120.98,423.39,158.05,461.87,tomato
data/Laboro-Tomato/train/images/IMG_1227.jpg,131.69,448.56,162.73,479.28,tomato
data/Laboro-Tomato/train/images/IMG_1227.jpg,216.88,408.57,242.41,436.70,tomato
data/Laboro-Tomato/train/images/IMG_1227.jpg,268.46,379.62,307.77,423.08,tomato
data/Laboro-Tomato/train/images/IMG_1227.jpg,257.42,329.55,304.67,377.52,tomato
data/Laboro-Tomato/train/images/IMG_1227.jpg,338.12,225.23,386.91,269.36,tomato
data/Laboro-Tomato/train/images/IMG_1227.jpg,302.26,255.56,340.72,291.45,tomato
data/Laboro-Tomato/train/images/IMG_1227.jpg,304.34,280.76,322.09,298.37,tomato
data/Laboro-Tomato/train/images/IMG_1227.jpg,333.65,294.77,363.48,321.13,tomato
data/Laboro-Tomato/train/images/IMG_1227.jpg,317.27,310.44,338.83,332.19,tomato
data/Laboro-Tomato/train/images/IMG_1227.jpg,305.36,310.07,313.13,318.36,tomato
data/Laboro-Tomato/train/images/IMG_1227.jpg,232.91,206.45,264.15,229.19,tomato
data/Laboro-Tomato/train/images/IMG_1228.jpg,328.33,0.00,453.50,68.79,tomato
data/Laboro-Tomato/train/images/IMG_1228.jpg,296.97,0.31,432.09,127.32,tomato
data/Laboro-Tomato/train/images/IMG_1228.jpg,398.31,79.62,445.67,124.27,tomato
data/Laboro-Tomato/train/images/IMG_1228.jpg,388.64,153.85,428.15,193.94,tomato
data/Laboro-Tomato/train/images/IMG_1228.jpg,274.32,3.34,322.58,65.76,tomato
data/Laboro-Tomato/train/images/IMG_1228.jpg,196.49,34.37,297.54,144.76,tomato
data/Laboro-Tomato/train/images/IMG_1228.jpg,129.84,93.50,249.58,212.02,tomato
data/Laboro-Tomato/train/images/IMG_1228.jpg,230.60,128.80,326.83,229.55,tomato
data/Laboro-Tomato/train/images/IMG_1228.jpg,169.06,251.85,260.16,340.84,tomato
data/Laboro-Tomato/train/images/IMG_1228.jpg,264.88,324.73,319.20,382.44,tomato
data/Laboro-Tomato/train/images/IMG_1228.jpg,216.36,342.84,285.36,413.65,tomato
data/Laboro-Tomato/train/images/IMG_1228.jpg,230.02,396.87,282.73,439.60,tomato
data/Laboro-Tomato/train/images/IMG_1228.jpg,354.90,113.80,392.66,141.36,tomato
data/Laboro-Tomato/train/images/IMG_1229.jpg,190.49,84.74,333.45,232.27,tomato
data/Laboro-Tomato/train/images/IMG_1229.jpg,206.16,225.33,335.26,355.04,tomato
data/Laboro-Tomato/train/images/IMG_1229.jpg,149.44,298.60,247.46,399.04,tomato
data/Laboro-Tomato/train/images/IMG_1230.jpg,434.21,410.51,453.52,454.23,tomato
data/Laboro-Tomato/train/images/IMG_1230.jpg,243.67,225.12,289.51,269.05,tomato
data/Laboro-Tomato/train/images/IMG_1230.jpg,242.97,266.64,285.40,309.27,tomato
data/Laboro-Tomato/train/images/IMG_1230.jpg,216.75,289.23,252.33,324.81,tomato
data/Laboro-Tomato/train/images/IMG_1230.jpg,177.55,0.03,211.97,34.68,tomato
data/Laboro-Tomato/train/images/IMG_1230.jpg,170.24,15.05,197.83,44.94,tomato
data/Laboro-Tomato/train/images/IMG_1230.jpg,204.45,95.08,227.49,115.85,tomato
data/Laboro-Tomato/train/images/IMG_1230.jpg,178.66,90.29,201.69,103.76,tomato
data/Laboro-Tomato/train/images/IMG_1230.jpg,195.56,115.41,214.24,131.36,tomato
data/Laboro-Tomato/train/images/IMG_1230.jpg,189.84,103.76,208.76,119.71,tomato
data/Laboro-Tomato/train/images/IMG_1230.jpg,98.41,157.08,118.77,177.44,tomato
data/Laboro-Tomato/train/images/IMG_1231.jpg,420.01,300.13,453.19,348.41,tomato
data/Laboro-Tomato/train/images/IMG_1231.jpg,382.04,307.07,426.36,347.47,tomato
data/Laboro-Tomato/train/images/IMG_1231.jpg,420.01,487.18,450.16,517.02,tomato
data/Laboro-Tomato/train/images/IMG_1231.jpg,349.15,337.53,377.20,368.30,tomato
data/Laboro-Tomato/train/images/IMG_1231.jpg,340.99,357.76,361.19,379.77,tomato
data/Laboro-Tomato/train/images/IMG_1231.jpg,337.38,299.51,360.92,323.96,tomato
data/Laboro-Tomato/train/images/IMG_1231.jpg,318.05,318.23,344.89,344.50,tomato
data/Laboro-Tomato/train/images/IMG_1231.jpg,293.92,115.54,371.74,195.47,tomato
data/Laboro-Tomato/train/images/IMG_1231.jpg,158.49,118.86,246.88,205.41,tomato
data/Laboro-Tomato/train/images/IMG_1231.jpg,65.27,316.14,86.41,369.80,tomato
data/Laboro-Tomato/train/images/IMG_1231.jpg,257.73,191.56,322.30,255.79,tomato
data/Laboro-Tomato/train/images/IMG_1231.jpg,174.19,232.84,247.19,301.63,tomato
data/Laboro-Tomato/train/images/IMG_1231.jpg,252.02,302.23,310.84,362.26,tomato
data/Laboro-Tomato/train/images/IMG_1231.jpg,191.07,339.32,252.61,399.66,tomato
data/Laboro-Tomato/train/images/IMG_1231.jpg,255.31,387.33,312.92,446.13,tomato
data/Laboro-Tomato/train/images/IMG_1231.jpg,273.74,436.16,309.33,463.30,tomato
data/Laboro-Tomato/train/images/IMG_1231.jpg,239.63,413.83,274.91,458.48,tomato
data/Laboro-Tomato/train/images/IMG_1231.jpg,207.06,393.94,256.51,442.53,tomato
data/Laboro-Tomato/train/images/IMG_1232.jpg,200.14,218.67,313.54,336.00,tomato
data/Laboro-Tomato/train/images/IMG_1232.jpg,65.29,71.46,163.62,196.66,tomato
data/Laboro-Tomato/train/images/IMG_1232.jpg,258.63,466.93,318.07,517.59,tomato
data/Laboro-Tomato/train/images/IMG_1232.jpg,153.36,233.46,210.36,318.21,tomato
data/Laboro-Tomato/train/images/IMG_1232.jpg,160.92,243.41,207.39,312.20,tomato
data/Laboro-Tomato/train/images/IMG_1232.jpg,65.29,187.59,120.50,275.08,tomato
data/Laboro-Tomato/train/images/IMG_1232.jpg,101.17,301.32,173.27,369.49,tomato
data/Laboro-Tomato/train/images/IMG_1232.jpg,75.53,351.70,129.84,411.73,tomato
data/Laboro-Tomato/train/images/IMG_1232.jpg,269.20,421.68,312.63,474.15,tomato
data/Laboro-Tomato/train/images/IMG_1233.jpg,123.86,0.39,174.05,52.14,tomato
data/Laboro-Tomato/train/images/IMG_1233.jpg,104.63,4.97,141.30,53.98,tomato
data/Laboro-Tomato/train/images/IMG_1233.jpg,266.01,27.82,337.18,110.18,tomato
data/Laboro-Tomato/train/images/IMG_1233.jpg,209.21,59.54,276.97,132.74,tomato
data/Laboro-Tomato/train/images/IMG_1233.jpg,249.58,120.43,327.35,202.80,tomato
data/Laboro-Tomato/train/images/IMG_1233.jpg,262.57,215.07,335.80,289.67,tomato
data/Laboro-Tomato/train/images/IMG_1233.jpg,191.65,170.16,276.27,252.94,tomato
data/Laboro-Tomato/train/images/IMG_1233.jpg,191.44,271.17,260.09,340.27,tomato
data/Laboro-Tomato/train/images/IMG_1233.jpg,244.56,369.05,289.94,422.87,tomato
data/Laboro-Tomato/train/images/IMG_1233.jpg,191.20,369.96,253.71,436.98,tomato
data/Laboro-Tomato/train/images/IMG_1234.jpg,424.54,93.81,453.48,209.32,tomato
data/Laboro-Tomato/train/images/IMG_1234.jpg,424.87,417.48,449.89,456.38,tomato
data/Laboro-Tomato/train/images/IMG_1234.jpg,380.81,407.51,430.00,458.79,tomato
data/Laboro-Tomato/train/images/IMG_1234.jpg,226.69,95.62,272.23,174.36,tomato
data/Laboro-Tomato/train/images/IMG_1234.jpg,245.69,154.75,324.71,238.62,tomato
data/Laboro-Tomato/train/images/IMG_1234.jpg,161.21,134.55,239.03,203.91,tomato
data/Laboro-Tomato/train/images/IMG_1234.jpg,134.95,201.48,228.77,298.60,tomato
data/Laboro-Tomato/train/images/IMG_1234.jpg,219.14,233.18,307.83,327.30,tomato
data/Laboro-Tomato/train/images/IMG_1234.jpg,202.53,324.84,282.17,404.20,tomato
data/Laboro-Tomato/train/images/IMG_1234.jpg,144.62,296.81,217.31,368.61,tomato
data/Laboro-Tomato/train/images/IMG_1234.jpg,269.53,317.95,329.24,385.50,tomato
data/Laboro-Tomato/train/images/IMG_1234.jpg,244.78,390.00,305.11,447.29,tomato
data/Laboro-Tomato/train/images/IMG_1234.jpg,155.77,378.24,221.55,447.03,tomato
data/Laboro-Tomato/train/images/IMG_1235.jpg,236.93,231.34,350.64,350.79,tomato
data/Laboro-Tomato/train/images/IMG_1235.jpg,207.06,168.95,284.56,248.56,tomato
data/Laboro-Tomato/train/images/IMG_1235.jpg,234.23,299.84,305.40,358.95,tomato
data/Laboro-Tomato/train/images/IMG_1235.jpg,223.04,335.12,301.75,401.79,tomato
data/Laboro-Tomato/train/images/IMG_1235.jpg,275.22,133.93,334.35,197.59,tomato
data/Laboro-Tomato/train/images/IMG_1235.jpg,153.68,273.56,232.11,355.92,tomato
data/Laboro-Tomato/train/images/IMG_1235.jpg,156.71,353.22,221.86,424.09,tomato
data/Laboro-Tomato/train/images/IMG_1235.jpg,217.91,401.19,292.43,479.62,tomato
data/Laboro-Tomato/train/images/IMG_1235.jpg,117.16,129.73,162.42,199.09,tomato
data/Laboro-Tomato/train/images/IMG_1235.jpg,121.12,231.08,160.32,271.79,tomato
data/Laboro-Tomato/train/images/IMG_1235.jpg,120.19,287.75,159.39,339.03,tomato
data/Laboro-Tomato/train/images/IMG_1236.jpg,222.75,102.98,297.77,179.02,tomato
data/Laboro-Tomato/train/images/IMG_1236.jpg,220.32,158.69,292.43,220.59,tomato
data/Laboro-Tomato/train/images/IMG_1236.jpg,294.33,94.87,350.04,154.18,tomato
data/Laboro-Tomato/train/images/IMG_1236.jpg,282.23,164.54,342.25,223.34,tomato
data/Laboro-Tomato/train/images/IMG_1236.jpg,191.86,210.90,260.51,275.60,tomato
data/Laboro-Tomato/train/images/IMG_1236.jpg,154.63,264.21,206.53,318.34,tomato
data/Laboro-Tomato/train/images/IMG_1236.jpg,240.85,359.78,272.59,391.84,tomato
data/Laboro-Tomato/train/images/IMG_1236.jpg,295.01,235.95,362.11,301.84,tomato
data/Laboro-Tomato/train/images/IMG_1236.jpg,333.12,195.93,390.89,251.10,tomato
data/Laboro-Tomato/train/images/IMG_1236.jpg,329.51,280.94,389.69,339.42,tomato
data/Laboro-Tomato/train/images/IMG_1236.jpg,303.97,327.35,362.09,384.80,tomato
data/Laboro-Tomato/train/images/IMG_1236.jpg,271.04,364.08,324.85,419.76,tomato
data/Laboro-Tomato/train/images/IMG_1237.jpg,201.97,140.84,272.79,212.74,tomato
data/Laboro-Tomato/train/images/IMG_1237.jpg,200.94,194.09,270.17,247.86,tomato
data/Laboro-Tomato/train/images/IMG_1237.jpg,174.17,239.99,240.52,302.67,tomato
data/Laboro-Tomato/train/images/IMG_1237.jpg,136.66,293.76,188.60,347.01,tomato
data/Laboro-Tomato/train/images/IMG_1237.jpg,269.10,130.64,323.14,187.83,tomato
data/Laboro-Tomato/train/images/IMG_1237.jpg,261.23,197.00,317.87,253.15,tomato
data/Laboro-Tomato/train/images/IMG_1237.jpg,309.77,225.30,365.91,277.26,tomato
data/Laboro-Tomato/train/images/IMG_1237.jpg,273.59,263.61,337.84,328.67,tomato
data/Laboro-Tomato/train/images/IMG_1237.jpg,308.96,307.41,368.52,361.95,tomato
data/Laboro-Tomato/train/images/IMG_1237.jpg,285.88,352.27,341.48,407.33,tomato
data/Laboro-Tomato/train/images/IMG_1237.jpg,252.33,388.47,304.78,443.54,tomato
data/Laboro-Tomato/train/images/IMG_1237.jpg,222.42,385.83,253.89,417.07,tomato
data/Laboro-Tomato/train/images/IMG_1238.jpg,309.31,119.45,410.98,224.71,tomato
data/Laboro-Tomato/train/images/IMG_1238.jpg,244.16,54.57,337.98,149.00,tomato
data/Laboro-Tomato/train/images/IMG_1238.jpg,203.13,144.19,306.90,241.00,tomato
data/Laboro-Tomato/train/images/IMG_1238.jpg,209.77,120.07,266.77,163.79,tomato
data/Laboro-Tomato/train/images/IMG_1238.jpg,258.67,227.14,352.76,315.51,tomato
data/Laboro-Tomato/train/images/IMG_1238.jpg,237.24,254.88,289.42,318.54,tomato
data/Laboro-Tomato/train/images/IMG_1238.jpg,196.51,206.35,273.43,268.76,tomato
data/Laboro-Tomato/train/images/IMG_1238.jpg,194.08,317.30,249.60,370.09,tomato
data/Laboro-Tomato/train/images/IMG_1238.jpg,167.23,275.37,237.20,340.84,tomato
data/Laboro-Tomato/train/images/IMG_1239.jpg,287.30,62.76,372.07,143.30,tomato
data/Laboro-Tomato/train/images/IMG_1239.jpg,226.97,113.11,290.60,169.20,tomato
data/Laboro-Tomato/train/images/IMG_1239.jpg,163.02,40.71,224.87,119.45,tomato
data/Laboro-Tomato/train/images/IMG_1239.jpg,183.55,117.02,230.60,161.67,tomato
data/Laboro-Tomato/train/images/IMG_1239.jpg,130.17,134.81,194.70,194.85,tomato
data/Laboro-Tomato/train/images/IMG_1239.jpg,179.80,161.64,237.53,255.87,tomato
data/Laboro-Tomato/train/images/IMG_1239.jpg,218.09,179.51,285.34,256.64,tomato
data/Laboro-Tomato/train/images/IMG_1239.jpg,143.13,217.35,204.20,277.44,tomato
data/Laboro-Tomato/train/images/IMG_1239.jpg,253.97,229.68,311.70,287.18,tomato
data/Laboro-Tomato/train/images/IMG_1239.jpg,205.58,257.21,268.24,321.08,tomato
data/Laboro-Tomato/train/images/IMG_1239.jpg,195.87,255.27,232.35,301.89,tomato
data/Laboro-Tomato/train/images/IMG_1239.jpg,245.85,296.92,297.21,350.06,tomato
data/Laboro-Tomato/train/images/IMG_1239.jpg,236.70,345.07,275.97,388.53,tomato
data/Laboro-Tomato/train/images/IMG_1239.jpg,190.52,316.73,240.49,369.10,tomato
data/Laboro-Tomato/train/images/IMG_1242.jpg,281.59,23.54,411.58,151.13,tomato
data/Laboro-Tomato/train/images/IMG_1242.jpg,242.37,204.79,322.59,294.98,tomato
data/Laboro-Tomato/train/images/IMG_1242.jpg,154.59,96.53,340.68,288.34,tomato
data/Laboro-Tomato/train/images/IMG_1242.jpg,166.94,309.76,251.09,401.76,tomato
data/Laboro-Tomato/train/images/IMG_1242.jpg,181.43,397.56,240.25,462.42,tomato
data/Laboro-Tomato/train/images/IMG_1242.jpg,197.71,448.87,251.40,504.35,tomato
data/Laboro-Tomato/train/images/IMG_1242.jpg,276.13,384.59,330.71,468.45,tomato
data/Laboro-Tomato/train/images/IMG_1245.jpg,274.34,66.36,349.13,149.03,tomato
data/Laboro-Tomato/train/images/IMG_1245.jpg,185.05,107.98,258.63,185.21,tomato
data/Laboro-Tomato/train/images/IMG_1245.jpg,242.35,189.43,313.52,261.54,tomato
data/Laboro-Tomato/train/images/IMG_1245.jpg,259.87,237.68,313.25,280.21,tomato
data/Laboro-Tomato/train/images/IMG_1245.jpg,158.20,191.22,229.37,261.82,tomato
data/Laboro-Tomato/train/images/IMG_1245.jpg,220.94,281.71,282.17,344.13,tomato
data/Laboro-Tomato/train/images/IMG_1245.jpg,167.84,295.91,221.53,348.69,tomato
data/Laboro-Tomato/train/images/IMG_1245.jpg,138.00,345.66,178.71,390.00,tomato
data/Laboro-Tomato/train/images/IMG_1245.jpg,230.89,352.32,279.76,398.47,tomato
data/Laboro-Tomato/train/images/IMG_1245.jpg,226.07,405.39,266.48,442.48,tomato
data/Laboro-Tomato/train/images/IMG_1245.jpg,183.53,385.50,226.97,426.21,tomato
data/Laboro-Tomato/train/images/IMG_1245.jpg,195.61,414.43,228.48,447.01,tomato
data/Laboro-Tomato/train/images/IMG_1245.jpg,301.77,471.46,325.90,500.10,tomato
data/Laboro-Tomato/train/images/IMG_1245.jpg,338.89,417.17,359.09,439.50,tomato
data/Laboro-Tomato/train/images/IMG_1245.jpg,358.78,424.11,378.99,445.82,tomato
data/Laboro-Tomato/train/images/IMG_1245.jpg,396.80,280.52,428.15,305.85,tomato
data/Laboro-Tomato/train/images/IMG_1245.jpg,430.89,263.95,453.50,292.28,tomato
data/Laboro-Tomato/train/images/IMG_1245.jpg,404.94,237.97,432.99,262.42,tomato
data/Laboro-Tomato/train/images/IMG_1245.jpg,403.73,325.46,429.06,345.97,tomato
data/Laboro-Tomato/train/images/IMG_1245.jpg,418.53,286.27,443.55,311.60,tomato
data/Laboro-Tomato/train/images/IMG_1245.jpg,397.69,347.16,419.10,364.36,tomato
data/Laboro-Tomato/train/images/IMG_1245.jpg,386.52,291.97,412.16,313.67,tomato
data/Laboro-Tomato/train/images/IMG_1245.jpg,283.05,495.57,302.98,516.70,tomato
data/Laboro-Tomato/train/images/IMG_1245.jpg,394.39,361.05,413.70,378.55,tomato
data/Laboro-Tomato/train/images/IMG_1245.jpg,436.62,312.48,453.21,335.43,tomato
data/Laboro-Tomato/train/images/IMG_1245.jpg,436.31,340.84,453.21,364.36,tomato
data/Laboro-Tomato/train/images/IMG_1247.jpg,198.29,0.21,261.70,61.12,tomato
data/Laboro-Tomato/train/images/IMG_1247.jpg,255.97,24.63,321.43,93.99,tomato
data/Laboro-Tomato/train/images/IMG_1247.jpg,248.68,89.17,311.62,157.81,tomato
data/Laboro-Tomato/train/images/IMG_1247.jpg,209.00,72.99,262.80,134.11,tomato
data/Laboro-Tomato/train/images/IMG_1247.jpg,136.93,97.41,212.42,176.09,tomato
data/Laboro-Tomato/train/images/IMG_1247.jpg,252.55,171.07,300.45,220.33,tomato
data/Laboro-Tomato/train/images/IMG_1247.jpg,230.66,186.09,291.34,247.68,tomato
data/Laboro-Tomato/train/images/IMG_1247.jpg,207.85,190.88,243.90,238.54,tomato
data/Laboro-Tomato/train/images/IMG_1247.jpg,206.47,246.08,247.07,287.36,tomato
data/Laboro-Tomato/train/images/IMG_1247.jpg,238.89,256.82,294.76,312.04,tomato
data/Laboro-Tomato/train/images/IMG_1247.jpg,243.46,315.64,290.66,363.56,tomato
data/Laboro-Tomato/train/images/IMG_1247.jpg,191.88,284.62,241.15,334.81,tomato
data/Laboro-Tomato/train/images/IMG_1247.jpg,193.01,331.65,235.67,374.07,tomato
data/Laboro-Tomato/train/images/IMG_1247.jpg,286.19,321.83,313.27,348.04,tomato
data/Laboro-Tomato/train/images/IMG_1247.jpg,337.28,437.53,365.21,467.21,tomato
data/Laboro-Tomato/train/images/IMG_1247.jpg,268.79,350.63,294.16,376.33,tomato
data/Laboro-Tomato/train/images/IMG_1247.jpg,253.11,395.26,275.88,420.28,tomato
data/Laboro-Tomato/train/images/IMG_1247.jpg,203.27,369.26,240.33,407.54,tomato
data/Laboro-Tomato/train/images/IMG_1247.jpg,219.45,401.48,238.60,419.24,tomato
data/Laboro-Tomato/train/images/IMG_1247.jpg,89.24,336.31,116.67,361.64,tomato
data/Laboro-Tomato/train/images/IMG_1247.jpg,65.29,330.92,86.70,355.94,tomato
data/Laboro-Tomato/train/images/IMG_1247.jpg,91.67,360.09,118.05,385.11,tomato
data/Laboro-Tomato/train/images/IMG_1247.jpg,65.49,353.04,92.72,378.58,tomato
data/Laboro-Tomato/train/images/IMG_1247.jpg,69.97,376.48,98.41,403.73,tomato
data/Laboro-Tomato/train/images/IMG_1247.jpg,141.85,236.13,181.01,272.34,tomato
data/Laboro-Tomato/train/images/IMG_1247.jpg,137.94,378.58,158.18,396.45,tomato
data/Laboro-Tomato/train/images/IMG_1248.jpg,175.45,64.28,266.75,168.40,tomato
data/Laboro-Tomato/train/images/IMG_1248.jpg,253.66,95.99,339.67,189.12,tomato
data/Laboro-Tomato/train/images/IMG_1248.jpg,195.67,164.75,284.83,256.80,tomato
data/Laboro-Tomato/train/images/IMG_1248.jpg,149.52,243.15,252.59,347.27,tomato
data/Laboro-Tomato/train/images/IMG_1248.jpg,231.34,267.26,295.09,346.98,tomato
data/Laboro-Tomato/train/images/IMG_1248.jpg,260.73,190.13,320.01,262.81,tomato
data/Laboro-Tomato/train/images/IMG_1248.jpg,293.24,264.93,370.09,343.10,tomato
data/Laboro-Tomato/train/images/IMG_1248.jpg,181.26,338.07,259.93,420.18,tomato
data/Laboro-Tomato/train/images/IMG_1248.jpg,294.27,322.90,359.58,378.48,tomato
data/Laboro-Tomato/train/images/IMG_1248.jpg,250.22,337.32,307.13,402.38,tomato
data/Laboro-Tomato/train/images/IMG_1248.jpg,225.04,391.58,280.64,444.57,tomato
data/Laboro-Tomato/train/images/IMG_1248.jpg,189.13,429.37,242.89,492.05,tomato
data/Laboro-Tomato/train/images/IMG_1248.jpg,147.67,317.64,192.27,361.46,tomato
data/Laboro-Tomato/train/images/IMG_1249.jpg,431.49,443.10,453.52,494.69,tomato
data/Laboro-Tomato/train/images/IMG_1249.jpg,400.12,378.53,448.37,424.99,tomato
data/Laboro-Tomato/train/images/IMG_1249.jpg,388.37,483.81,427.57,517.59,tomato
data/Laboro-Tomato/train/images/IMG_1249.jpg,350.64,437.35,392.87,482.31,tomato
data/Laboro-Tomato/train/images/IMG_1249.jpg,343.40,458.79,378.99,493.50,tomato
data/Laboro-Tomato/train/images/IMG_1249.jpg,368.44,503.44,392.87,517.64,tomato
data/Laboro-Tomato/train/images/IMG_1249.jpg,334.37,496.50,363.62,517.64,tomato
data/Laboro-Tomato/train/images/IMG_1249.jpg,243.28,135.72,332.25,221.39,tomato
data/Laboro-Tomato/train/images/IMG_1249.jpg,260.45,40.12,370.24,155.06,tomato
data/Laboro-Tomato/train/images/IMG_1249.jpg,138.29,208.42,223.95,291.35,tomato
data/Laboro-Tomato/train/images/IMG_1249.jpg,296.95,389.41,343.69,441.57,tomato
data/Laboro-Tomato/train/images/IMG_1249.jpg,245.67,407.54,297.54,463.64,tomato
data/Laboro-Tomato/train/images/IMG_1249.jpg,226.65,310.10,288.19,373.76,tomato
data/Laboro-Tomato/train/images/IMG_1249.jpg,202.82,364.65,263.47,428.31,tomato
data/Laboro-Tomato/train/images/IMG_1249.jpg,199.52,419.61,242.06,455.19,tomato
data/Laboro-Tomato/train/images/IMG_1249.jpg,171.47,401.17,214.01,430.12,tomato
data/Laboro-Tomato/train/images/IMG_1249.jpg,162.44,352.03,213.41,406.01,tomato
data/Laboro-Tomato/train/images/IMG_1249.jpg,115.72,439.99,150.18,475.11,tomato
data/Laboro-Tomato/train/images/IMG_1249.jpg,122.11,471.43,157.00,510.18,tomato
data/Laboro-Tomato/train/images/IMG_1249.jpg,198.04,442.48,225.20,468.69,tomato
data/Laboro-Tomato/train/images/IMG_1249.jpg,152.43,447.50,183.01,477.85,tomato
data/Laboro-Tomato/train/images/IMG_1249.jpg,159.29,427.66,186.87,457.08,tomato
data/Laboro-Tomato/train/images/IMG_1249.jpg,77.84,411.24,101.34,433.62,tomato
data/Laboro-Tomato/train/images/IMG_1249.jpg,65.31,385.91,87.46,411.91,tomato
data/Laboro-Tomato/train/images/IMG_1249.jpg,186.74,472.67,215.60,505.72,tomato
data/Laboro-Tomato/train/images/IMG_1250.jpg,287.57,163.20,393.17,266.64,tomato
data/Laboro-Tomato/train/images/IMG_1250.jpg,174.46,0.00,291.51,126.70,tomato
data/Laboro-Tomato/train/images/IMG_1250.jpg,122.28,231.93,218.83,326.37,tomato
data/Laboro-Tomato/train/images/IMG_1250.jpg,228.62,293.55,304.34,374.05,tomato
data/Laboro-Tomato/train/images/IMG_1250.jpg,132.35,311.34,205.11,362.88,tomato
data/Laboro-Tomato/train/images/IMG_1250.jpg,207.62,364.02,257.11,416.50,tomato
data/Laboro-Tomato/train/images/IMG_1250.jpg,147.40,379.28,200.31,434.71,tomato
data/Laboro-Tomato/train/images/IMG_1251.jpg,135.57,25.64,206.47,97.44,tomato
data/Laboro-Tomato/train/images/IMG_1251.jpg,153.36,127.92,230.87,203.91,tomato
data/Laboro-Tomato/train/images/IMG_1251.jpg,243.26,94.74,319.29,175.86,tomato
data/Laboro-Tomato/train/images/IMG_1251.jpg,266.50,249.78,331.34,314.01,tomato
data/Laboro-Tomato/train/images/IMG_1251.jpg,191.36,221.42,256.51,284.77,tomato
data/Laboro-Tomato/train/images/IMG_1251.jpg,200.43,309.79,261.66,372.83,tomato
data/Laboro-Tomato/train/images/IMG_1251.jpg,296.12,391.63,328.05,426.29,tomato
data/Laboro-Tomato/train/images/IMG_1251.jpg,280.40,427.87,316.88,465.06,tomato
data/Laboro-Tomato/train/images/IMG_1251.jpg,219.93,372.91,272.38,431.55,tomato
data/Laboro-Tomato/train/images/IMG_1251.jpg,247.11,431.99,279.70,467.37,tomato
data/Laboro-Tomato/train/images/IMG_1251.jpg,253.95,466.87,279.70,495.36,tomato
data/Laboro-Tomato/train/images/IMG_1251.jpg,178.77,412.54,216.73,451.70,tomato
data/Laboro-Tomato/train/images/IMG_1251.jpg,136.02,397.00,176.89,438.75,tomato
data/Laboro-Tomato/train/images/IMG_1251.jpg,113.74,366.64,150.30,408.39,tomato
data/Laboro-Tomato/train/images/IMG_1251.jpg,159.62,368.74,195.17,403.08,tomato
data/Laboro-Tomato/train/images/IMG_1251.jpg,158.24,444.44,190.49,476.87,tomato
data/Laboro-Tomato/train/images/IMG_1251.jpg,171.00,484.43,201.89,517.90,tomato
data/Laboro-Tomato/train/images/IMG_1251.jpg,209.13,497.23,230.35,517.74,tomato
data/Laboro-Tomato/train/images/IMG_1253.jpg,349.42,305.57,403.73,359.54,tomato
data/Laboro-Tomato/train/images/IMG_1253.jpg,275.53,173.74,363.02,256.41,tomato
data/Laboro-Tomato/train/images/IMG_1253.jpg,248.10,91.40,325.02,171.33,tomato
data/Laboro-Tomato/train/images/IMG_1253.jpg,235.12,266.36,267.99,304.38,tomato
data/Laboro-Tomato/train/images/IMG_1253.jpg,234.21,208.73,276.44,270.84,tomato
data/Laboro-Tomato/train/images/IMG_1253.jpg,208.55,255.79,242.35,296.81,tomato
data/Laboro-Tomato/train/images/IMG_1253.jpg,161.52,267.86,228.77,333.33,tomato
data/Laboro-Tomato/train/images/IMG_1253.jpg,231.78,452.76,249.89,474.15,tomato
data/Laboro-Tomato/train/images/IMG_1253.jpg,191.07,465.14,214.61,491.09,tomato
data/Laboro-Tomato/train/images/IMG_1253.jpg,178.13,343.85,226.07,394.51,tomato
data/Laboro-Tomato/train/images/IMG_1253.jpg,151.87,372.83,188.08,414.74,tomato
data/Laboro-Tomato/train/images/IMG_1253.jpg,100.90,336.31,167.25,382.15,tomato
data/Laboro-Tomato/train/images/IMG_1253.jpg,87.90,371.90,168.13,455.76,tomato
data/Laboro-Tomato/train/images/IMG_1253.jpg,83.67,416.86,111.13,453.38,tomato
data/Laboro-Tomato/train/images/IMG_1253.jpg,73.43,427.14,100.86,457.60,tomato
data/Laboro-Tomato/train/images/IMG_1253.jpg,77.96,238.31,156.08,315.85,tomato
data/Laboro-Tomato/train/images/IMG_1253.jpg,101.79,155.97,196.51,247.34,tomato
data/Laboro-Tomato/train/images/IMG_1253.jpg,65.60,216.55,115.06,269.96,tomato
data/Laboro-Tomato/train/images/IMG_1254.jpg,416.42,0.00,452.90,30.15,tomato
data/Laboro-Tomato/train/images/IMG_1254.jpg,348.84,228.33,407.66,262.42,tomato
data/Laboro-Tomato/train/images/IMG_1254.jpg,204.94,369.80,271.29,434.03,tomato
data/Laboro-Tomato/train/images/IMG_1254.jpg,201.03,277.21,283.67,364.39,tomato
data/Laboro-Tomato/train/images/IMG_1254.jpg,169.97,386.69,220.63,442.22,tomato
data/Laboro-Tomato/train/images/IMG_1254.jpg,178.40,287.75,210.96,349.60,tomato
data/Laboro-Tomato/train/images/IMG_1254.jpg,171.78,192.44,239.65,267.24,tomato
data/Laboro-Tomato/train/images/IMG_1254.jpg,209.77,159.88,300.57,254.31,tomato
data/Laboro-Tomato/train/images/IMG_1254.jpg,167.86,99.53,247.77,189.10,tomato
data/Laboro-Tomato/train/images/IMG_1256.jpg,159.72,94.41,261.35,198.78,tomato
data/Laboro-Tomato/train/images/IMG_1256.jpg,201.62,215.07,307.79,331.52,tomato
data/Laboro-Tomato/train/images/IMG_1256.jpg,251.07,310.70,337.36,413.57,tomato
data/Laboro-Tomato/train/images/IMG_1256.jpg,258.36,39.19,349.73,136.62,tomato
data/Laboro-Tomato/train/images/IMG_1256.jpg,304.80,263.90,387.75,344.75,tomato
data/Laboro-Tomato/train/images/IMG_1257.jpg,431.49,95.62,453.21,126.70,tomato
data/Laboro-Tomato/train/images/IMG_1257.jpg,424.27,107.98,453.21,136.31,tomato
data/Laboro-Tomato/train/images/IMG_1257.jpg,401.01,123.98,431.16,153.87,tomato
data/Laboro-Tomato/train/images/IMG_1257.jpg,417.60,147.50,451.40,179.15,tomato
data/Laboro-Tomato/train/images/IMG_1257.jpg,209.79,69.98,289.13,155.35,tomato
data/Laboro-Tomato/train/images/IMG_1257.jpg,212.51,174.64,288.81,252.19,tomato
data/Laboro-Tomato/train/images/IMG_1257.jpg,152.18,138.46,226.38,214.19,tomato
data/Laboro-Tomato/train/images/IMG_1257.jpg,138.00,211.76,210.10,280.55,tomato
data/Laboro-Tomato/train/images/IMG_1257.jpg,142.21,260.04,199.21,296.81,tomato
data/Laboro-Tomato/train/images/IMG_1257.jpg,203.15,239.81,267.41,306.47,tomato
data/Laboro-Tomato/train/images/IMG_1257.jpg,258.63,218.39,323.20,280.55,tomato
data/Laboro-Tomato/train/images/IMG_1257.jpg,296.95,271.46,362.73,328.49,tomato
data/Laboro-Tomato/train/images/IMG_1257.jpg,326.21,290.47,393.77,357.45,tomato
data/Laboro-Tomato/train/images/IMG_1257.jpg,315.93,333.59,375.37,392.13,tomato
data/Laboro-Tomato/train/images/IMG_1257.jpg,242.06,286.84,302.39,342.63,tomato
data/Laboro-Tomato/train/images/IMG_1257.jpg,277.04,329.37,322.89,381.84,tomato
data/Laboro-Tomato/train/images/IMG_1257.jpg,266.79,367.99,315.97,408.70,tomato
data/Laboro-Tomato/train/images/IMG_1257.jpg,257.73,391.53,299.07,431.36,tomato
data/Laboro-Tomato/train/images/IMG_1257.jpg,218.83,362.29,269.22,413.26,tomato
data/Laboro-Tomato/train/images/IMG_1257.jpg,201.93,308.26,255.03,365.86,tomato
data/Laboro-Tomato/train/images/IMG_1258.jpg,299.34,86.58,363.29,169.83,tomato
data/Laboro-Tomato/train/images/IMG_1258.jpg,285.51,171.33,343.71,244.94,tomato
data/Laboro-Tomato/train/images/IMG_1258.jpg,274.63,245.22,331.36,313.39,tomato
data/Laboro-Tomato/train/images/IMG_1258.jpg,206.74,136.05,261.64,209.04,tomato
data/Laboro-Tomato/train/images/IMG_1258.jpg,200.74,206.60,254.12,272.65,tomato
data/Laboro-Tomato/train/images/IMG_1258.jpg,182.64,272.68,236.33,327.27,tomato
data/Laboro-Tomato/train/images/IMG_1258.jpg,263.17,326.39,314.15,391.56,tomato
data/Laboro-Tomato/train/images/IMG_1258.jpg,239.65,393.32,279.16,444.60,tomato
data/Laboro-Tomato/train/images/IMG_1258.jpg,194.08,326.11,241.75,384.90,tomato
data/Laboro-Tomato/train/images/IMG_1258.jpg,172.67,375.27,215.21,431.05,tomato
data/Laboro-Tomato/train/images/IMG_1258.jpg,205.25,413.52,245.96,468.74,tomato
data/Laboro-Tomato/train/images/IMG_1259.jpg,415.19,295.29,451.09,337.50,tomato
data/Laboro-Tomato/train/images/IMG_1259.jpg,382.02,141.78,432.99,188.81,tomato
data/Laboro-Tomato/train/images/IMG_1259.jpg,334.06,239.21,380.79,277.23,tomato
data/Laboro-Tomato/train/images/IMG_1259.jpg,356.98,285.65,383.20,310.98,tomato
data/Laboro-Tomato/train/images/IMG_1259.jpg,249.91,123.67,302.08,169.83,tomato
data/Laboro-Tomato/train/images/IMG_1259.jpg,266.79,206.92,291.81,252.45,tomato
data/Laboro-Tomato/train/images/IMG_1259.jpg,248.39,271.17,290.93,312.20,tomato
data/Laboro-Tomato/train/images/IMG_1259.jpg,211.27,203.31,257.42,250.97,tomato
data/Laboro-Tomato/train/images/IMG_1259.jpg,186.25,237.68,232.72,281.14,tomato
data/Laboro-Tomato/train/images/IMG_1259.jpg,178.09,278.11,221.53,325.46,tomato
data/Laboro-Tomato/train/images/IMG_1259.jpg,181.43,362.26,214.92,405.10,tomato
data/Laboro-Tomato/train/images/IMG_1259.jpg,144.00,468.14,168.75,500.10,tomato
data/Laboro-Tomato/train/images/IMG_1259.jpg,107.83,461.80,134.37,495.57,tomato
data/Laboro-Tomato/train/images/IMG_1260.jpg,173.92,52.21,207.21,87.33,tomato
data/Laboro-Tomato/train/images/IMG_1260.jpg,183.07,114.63,211.11,143.23,tomato
data/Laboro-Tomato/train/images/IMG_1260.jpg,143.48,110.15,176.27,136.62,tomato
data/Laboro-Tomato/train/images/IMG_1260.jpg,108.05,168.12,164.46,235.51,tomato
data/Laboro-Tomato/train/images/IMG_1260.jpg,157.64,227.95,206.16,281.46,tomato
data/Laboro-Tomato/train/images/IMG_1260.jpg,124.87,214.84,173.12,260.99,tomato
data/Laboro-Tomato/train/images/IMG_1260.jpg,196.70,195.13,248.37,256.77,tomato
data/Laboro-Tomato/train/images/IMG_1260.jpg,250.22,196.97,297.19,246.02,tomato
data/Laboro-Tomato/train/images/IMG_1260.jpg,158.69,131.13,188.33,161.54,tomato
data/Laboro-Tomato/train/images/IMG_1260.jpg,218.73,244.21,268.30,294.30,tomato
data/Laboro-Tomato/train/images/IMG_1260.jpg,265.45,242.61,306.36,289.28,tomato
data/Laboro-Tomato/train/images/IMG_1260.jpg,312.67,258.61,351.21,299.79,tomato
data/Laboro-Tomato/train/images/IMG_1260.jpg,334.41,295.60,374.54,342.27,tomato
data/Laboro-Tomato/train/images/IMG_1260.jpg,293.75,280.89,335.47,329.42,tomato
data/Laboro-Tomato/train/images/IMG_1260.jpg,324.44,317.35,339.67,353.56,tomato
data/Laboro-Tomato/train/images/IMG_1260.jpg,273.57,287.75,300.33,333.64,tomato
data/Laboro-Tomato/train/images/IMG_1260.jpg,288.27,325.74,331.55,378.22,tomato
data/Laboro-Tomato/train/images/IMG_1260.jpg,228.69,291.69,270.15,338.62,tomato
data/Laboro-Tomato/train/images/IMG_1260.jpg,225.04,331.52,266.50,384.25,tomato
data/Laboro-Tomato/train/images/IMG_1260.jpg,276.19,401.32,319.47,452.45,tomato
data/Laboro-Tomato/train/images/IMG_1260.jpg,232.13,398.65,277.51,450.35,tomato
data/Laboro-Tomato/train/images/IMG_1261.jpg,245.36,109.19,307.79,180.37,tomato
data/Laboro-Tomato/train/images/IMG_1261.jpg,273.14,166.82,328.03,230.17,tomato
data/Laboro-Tomato/train/images/IMG_1261.jpg,199.21,154.44,267.70,228.67,tomato
data/Laboro-Tomato/train/images/IMG_1261.jpg,290.31,224.11,337.98,276.90,tomato
data/Laboro-Tomato/train/images/IMG_1261.jpg,233.61,222.92,292.74,299.22,tomato
data/Laboro-Tomato/train/images/IMG_1261.jpg,237.55,209.35,297.26,252.81,tomato
data/Laboro-Tomato/train/images/IMG_1261.jpg,270.42,269.05,317.47,330.28,tomato
data/Laboro-Tomato/train/images/IMG_1261.jpg,289.42,277.52,326.21,333.62,tomato
data/Laboro-Tomato/train/images/IMG_1261.jpg,263.17,348.07,311.11,408.11,tomato
data/Laboro-Tomato/train/images/IMG_1261.jpg,231.49,434.96,260.75,471.74,tomato
data/Laboro-Tomato/train/images/IMG_1261.jpg,161.52,380.68,215.80,439.21,tomato
data/Laboro-Tomato/train/images/IMG_1261.jpg,141.01,313.42,205.85,389.41,tomato
data/Laboro-Tomato/train/images/IMG_1261.jpg,137.38,229.53,208.86,305.26,tomato
data/Laboro-Tomato/train/images/IMG_1263.jpg,166.81,174.49,200.57,223.54,tomato
data/Laboro-Tomato/train/images/IMG_1263.jpg,153.81,218.26,198.95,260.48,tomato
data/Laboro-Tomato/train/images/IMG_1263.jpg,171.82,253.87,205.58,292.41,tomato
data/Laboro-Tomato/train/images/IMG_1263.jpg,219.27,232.40,254.63,277.31,tomato
data/Laboro-Tomato/train/images/IMG_1263.jpg,227.47,276.87,259.41,317.48,tomato
data/Laboro-Tomato/train/images/IMG_1263.jpg,205.85,133.46,229.98,159.52,tomato
data/Laboro-Tomato/train/images/IMG_1263.jpg,205.52,126.75,223.62,145.40,tomato
data/Laboro-Tomato/train/images/IMG_1263.jpg,218.77,139.89,241.38,168.32,tomato
data/Laboro-Tomato/train/images/IMG_1263.jpg,232.07,149.52,255.35,177.65,tomato
data/Laboro-Tomato/train/images/IMG_1263.jpg,247.05,170.03,266.01,192.46,tomato
data/Laboro-Tomato/train/images/IMG_1263.jpg,229.80,175.89,247.05,196.76,tomato
data/Laboro-Tomato/train/images/IMG_1263.jpg,223.62,175.91,233.80,188.66,tomato
data/Laboro-Tomato/train/images/IMG_1263.jpg,205.15,283.68,228.97,307.15,tomato
data/Laboro-Tomato/train/images/IMG_1263.jpg,234.83,312.66,257.25,334.21,tomato
data/Laboro-Tomato/train/images/IMG_1263.jpg,257.05,313.57,274.65,336.31,tomato
data/Laboro-Tomato/train/images/IMG_1263.jpg,238.27,329.06,265.00,356.46,tomato
data/Laboro-Tomato/train/images/IMG_1263.jpg,253.46,355.11,273.12,378.89,tomato
data/Laboro-Tomato/train/images/IMG_1263.jpg,227.41,334.39,241.20,358.17,tomato
data/Laboro-Tomato/train/images/IMG_1265.jpg,297.87,119.11,359.09,186.40,tomato
data/Laboro-Tomato/train/images/IMG_1265.jpg,310.82,207.85,337.98,267.26,tomato
data/Laboro-Tomato/train/images/IMG_1265.jpg,260.14,183.73,329.53,264.85,tomato
data/Laboro-Tomato/train/images/IMG_1265.jpg,243.26,234.96,309.04,303.44,tomato
data/Laboro-Tomato/train/images/IMG_1265.jpg,222.44,274.18,279.43,325.46,tomato
data/Laboro-Tomato/train/images/IMG_1265.jpg,216.09,319.42,260.14,372.83,tomato
data/Laboro-Tomato/train/images/IMG_1265.jpg,194.41,355.04,212.51,378.87,tomato
data/Laboro-Tomato/train/images/IMG_1266.jpg,281.28,193.63,376.31,292.57,tomato
data/Laboro-Tomato/train/images/IMG_1266.jpg,298.47,301.63,371.78,383.68,tomato
data/Laboro-Tomato/train/images/IMG_1266.jpg,264.36,319.42,311.41,393.34,tomato
data/Laboro-Tomato/train/images/IMG_1266.jpg,260.14,243.43,321.68,320.05,tomato
data/Laboro-Tomato/train/images/IMG_1266.jpg,212.79,227.45,279.45,302.56,tomato
data/Laboro-Tomato/train/images/IMG_1266.jpg,207.06,285.31,259.54,330.28,tomato
data/Laboro-Tomato/train/images/IMG_1266.jpg,157.91,161.67,232.70,236.78,tomato
data/Laboro-Tomato/train/images/IMG_1266.jpg,176.01,211.45,228.19,258.48,tomato
data/Laboro-Tomato/train/images/IMG_1266.jpg,173.27,246.44,213.99,293.21,tomato
data/Laboro-Tomato/train/images/IMG_1267.jpg,399.81,106.47,453.50,163.20,tomato
data/Laboro-Tomato/train/images/IMG_1267.jpg,296.33,75.14,361.48,148.12,tomato
data/Laboro-Tomato/train/images/IMG_1267.jpg,295.13,188.19,360.59,260.61,tomato
data/Laboro-Tomato/train/images/IMG_1267.jpg,217.33,116.42,281.28,193.65,tomato
data/Laboro-Tomato/train/images/IMG_1267.jpg,190.80,237.37,251.71,307.98,tomato
data/Laboro-Tomato/train/images/IMG_1267.jpg,154.59,216.26,197.40,278.11,tomato
data/Laboro-Tomato/train/images/IMG_1267.jpg,131.36,209.97,166.63,252.19,tomato
data/Laboro-Tomato/train/images/IMG_1267.jpg,172.98,170.76,243.88,250.38,tomato
data/Laboro-Tomato/train/images/IMG_1267.jpg,91.83,285.94,147.34,341.47,tomato
data/Laboro-Tomato/train/images/IMG_1267.jpg,93.34,266.61,128.34,298.32,tomato
data/Laboro-Tomato/train/images/IMG_1267.jpg,168.17,281.74,215.52,332.71,tomato
data/Laboro-Tomato/train/images/IMG_1267.jpg,119.00,306.76,164.53,353.79,tomato
data/Laboro-Tomato/train/images/IMG_1267.jpg,194.08,326.06,236.62,375.21,tomato
data/Laboro-Tomato/train/images/IMG_1267.jpg,153.38,341.78,193.79,389.74,tomato
data/Laboro-Tomato/train/images/IMG_1267.jpg,195.92,379.46,236.33,429.24,tomato
data/Laboro-Tomato/train/images/IMG_1269.jpg,374.46,196.35,411.87,235.87,tomato
data/Laboro-Tomato/train/images/IMG_1269.jpg,426.95,87.49,453.48,124.27,tomato
data/Laboro-Tomato/train/images/IMG_1269.jpg,413.08,109.51,442.64,140.59,tomato
data/Laboro-Tomato/train/images/IMG_1269.jpg,424.25,136.05,452.92,164.70,tomato
data/Laboro-Tomato/train/images/IMG_1269.jpg,335.86,179.77,366.94,218.36,tomato
data/Laboro-Tomato/train/images/IMG_1269.jpg,381.10,234.99,413.08,267.88,tomato
data/Laboro-Tomato/train/images/IMG_1269.jpg,341.01,209.32,370.26,241.03,tomato
data/Laboro-Tomato/train/images/IMG_1269.jpg,350.35,227.71,376.31,258.79,tomato
data/Laboro-Tomato/train/images/IMG_1269.jpg,355.77,252.76,380.21,281.40,tomato
data/Laboro-Tomato/train/images/IMG_1269.jpg,375.97,271.77,395.59,293.16,tomato
data/Laboro-Tomato/train/images/IMG_1269.jpg,395.28,280.81,416.69,301.94,tomato
data/Laboro-Tomato/train/images/IMG_1269.jpg,391.96,296.50,412.79,313.08,tomato
data/Laboro-Tomato/train/images/IMG_1269.jpg,302.08,185.50,331.96,223.83,tomato
data/Laboro-Tomato/train/images/IMG_1269.jpg,247.46,211.45,295.44,263.04,tomato
data/Laboro-Tomato/train/images/IMG_1269.jpg,234.52,175.24,279.78,229.21,tomato
data/Laboro-Tomato/train/images/IMG_1269.jpg,249.58,253.04,300.86,314.89,tomato
data/Laboro-Tomato/train/images/IMG_1269.jpg,210.10,256.07,255.64,305.85,tomato
data/Laboro-Tomato/train/images/IMG_1269.jpg,190.47,213.88,237.82,250.66,tomato
data/Laboro-Tomato/train/images/IMG_1269.jpg,145.54,259.39,206.45,315.80,tomato
data/Laboro-Tomato/train/images/IMG_1269.jpg,205.87,305.85,266.79,368.27,tomato
data/Laboro-Tomato/train/images/IMG_1269.jpg,169.68,294.69,221.86,348.67,tomato
data/Laboro-Tomato/train/images/IMG_1269.jpg,274.63,368.61,307.50,395.44,tomato
data/Laboro-Tomato/train/images/IMG_1269.jpg,261.95,349.00,299.05,374.64,tomato
data/Laboro-Tomato/train/images/IMG_1269.jpg,285.49,242.53,302.39,273.61,tomato
data/Laboro-Tomato/train/images/IMG_1270.jpg,133.73,116.29,190.29,173.79,tomato
data/Laboro-Tomato/train/images/IMG_1270.jpg,179.82,177.93,230.68,227.87,tomato
data/Laboro-Tomato/train/images/IMG_1270.jpg,244.80,203.24,290.87,251.36,tomato
data/Laboro-Tomato/train/images/IMG_1270.jpg,297.73,213.49,348.12,261.62,tomato
data/Laboro-Tomato/train/images/IMG_1270.jpg,290.87,160.14,347.44,215.10,tomato
data/Laboro-Tomato/train/images/IMG_1270.jpg,198.04,231.24,227.68,276.20,tomato
data/Laboro-Tomato/train/images/IMG_1270.jpg,132.60,176.79,181.63,227.87,tomato
data/Laboro-Tomato/train/images/IMG_1270.jpg,114.81,222.14,156.76,271.20,tomato
data/Laboro-Tomato/train/images/IMG_1270.jpg,98.61,268.69,130.77,309.30,tomato
data/Laboro-Tomato/train/images/IMG_1270.jpg,164.98,228.54,211.72,283.76,tomato
data/Laboro-Tomato/train/images/IMG_1270.jpg,128.93,293.06,152.43,329.78,tomato
data/Laboro-Tomato/train/images/IMG_1270.jpg,145.61,280.08,187.34,336.65,tomato
data/Laboro-Tomato/train/images/IMG_1270.jpg,186.62,279.85,224.50,324.55,tomato
data/Laboro-Tomato/train/images/IMG_1270.jpg,188.48,343.98,221.55,380.91,tomato
data/Laboro-Tomato/train/images/IMG_1270.jpg,216.30,286.69,260.78,334.60,tomato
data/Laboro-Tomato/train/images/IMG_1270.jpg,236.83,238.80,282.21,283.97,tomato
data/Laboro-Tomato/train/images/IMG_1270.jpg,242.06,270.71,282.42,305.62,tomato
data/Laboro-Tomato/train/images/IMG_1270.jpg,283.57,268.45,325.76,313.36,tomato
data/Laboro-Tomato/train/images/IMG_1270.jpg,275.82,318.41,313.93,370.42,tomato
data/Laboro-Tomato/train/images/IMG_1270.jpg,252.80,309.27,284.97,344.86,tomato
data/Laboro-Tomato/train/images/IMG_1270.jpg,237.05,330.02,274.93,379.75,tomato
data/Laboro-Tomato/train/images/IMG_1270.jpg,228.38,334.81,247.07,379.51,tomato
data/Laboro-Tomato/train/images/IMG_1270.jpg,357.02,219.40,383.24,241.31,tomato
data/Laboro-Tomato/train/images/IMG_1270.jpg,378.48,181.35,437.77,241.54,tomato
data/Laboro-Tomato/train/images/IMG_1270.jpg,352.45,255.22,406.06,309.50,tomato
data/Laboro-Tomato/train/images/IMG_1270.jpg,398.06,276.90,429.53,309.06,tomato
data/Laboro-Tomato/train/images/IMG_1270.jpg,378.23,296.74,429.32,353.98,tomato
data/Laboro-Tomato/train/images/IMG_1270.jpg,395.79,335.97,432.73,378.14,tomato
data/Laboro-Tomato/train/images/IMG_1271.jpg,289.09,226.24,412.16,320.05,tomato
data/Laboro-Tomato/train/images/IMG_1271.jpg,256.84,171.61,349.15,256.98,tomato
data/Laboro-Tomato/train/images/IMG_1271.jpg,314.15,85.65,385.63,155.63,tomato
data/Laboro-Tomato/train/images/IMG_1271.jpg,245.98,121.26,321.08,199.69,tomato
data/Laboro-Tomato/train/images/IMG_1271.jpg,334.95,294.38,438.10,406.89,tomato
data/Laboro-Tomato/train/images/IMG_1271.jpg,242.04,360.45,332.25,444.31,tomato
data/Laboro-Tomato/train/images/IMG_1271.jpg,216.73,238.56,277.06,315.80,tomato
data/Laboro-Tomato/train/images/IMG_1271.jpg,185.65,177.93,240.23,240.09,tomato
data/Laboro-Tomato/train/images/IMG_1271.jpg,144.64,219.61,198.02,276.64,tomato
data/Laboro-Tomato/train/images/IMG_1271.jpg,156.98,265.73,222.75,333.59,tomato
data/Laboro-Tomato/train/images/IMG_1271.jpg,129.86,271.17,168.75,328.46,tomato
data/Laboro-Tomato/train/images/IMG_1271.jpg,163.64,318.52,235.12,392.70,tomato
data/Laboro-Tomato/train/images/IMG_1271.jpg,198.04,362.88,255.03,419.61,tomato
data/Laboro-Tomato/train/images/IMG_1271.jpg,257.75,330.02,317.16,377.05,tomato
data/Laboro-Tomato/train/images/IMG_1272.jpg,142.82,77.54,214.61,151.72,tomato
data/Laboro-Tomato/train/images/IMG_1272.jpg,129.82,122.48,175.08,178.58,tomato
data/Laboro-Tomato/train/images/IMG_1272.jpg,139.49,168.92,204.34,230.46,tomato
data/Laboro-Tomato/train/images/IMG_1272.jpg,274.01,102.54,335.86,173.14,tomato
data/Laboro-Tomato/train/images/IMG_1272.jpg,332.52,185.81,391.65,250.04,tomato
data/Laboro-Tomato/train/images/IMG_1272.jpg,245.67,190.65,305.38,250.69,tomato
data/Laboro-Tomato/train/images/IMG_1272.jpg,191.36,206.92,249.28,259.08,tomato
data/Laboro-Tomato/train/images/IMG_1272.jpg,80.68,152.94,135.88,212.66,tomato
data/Laboro-Tomato/train/images/IMG_1272.jpg,65.60,231.34,110.55,286.56,tomato
data/Laboro-Tomato/train/images/IMG_1272.jpg,133.16,245.53,187.75,300.75,tomato
data/Laboro-Tomato/train/images/IMG_1272.jpg,190.49,304.64,241.15,355.92,tomato
data/Laboro-Tomato/train/images/IMG_1272.jpg,276.73,261.49,320.79,310.07,tomato
data/Laboro-Tomato/train/images/IMG_1272.jpg,251.11,272.39,308.73,334.50,tomato
data/Laboro-Tomato/train/images/IMG_1272.jpg,198.00,406.03,240.23,448.25,tomato
data/Laboro-Tomato/train/images/IMG_1272.jpg,277.35,326.96,321.41,374.62,tomato
data/Laboro-Tomato/train/images/IMG_1272.jpg,288.80,367.68,328.31,411.71,tomato
data/Laboro-Tomato/train/images/IMG_1272.jpg,281.28,424.40,317.18,465.42,tomato
data/Laboro-Tomato/train/images/IMG_1272.jpg,235.42,398.47,272.21,434.37,tomato
data/Laboro-Tomato/train/images/IMG_1272.jpg,333.73,329.06,375.06,372.52,tomato
data/Laboro-Tomato/train/images/IMG_1272.jpg,353.64,395.16,385.92,434.68,tomato
data/Laboro-Tomato/train/images/IMG_1272.jpg,382.02,327.56,427.86,374.33,tomato
data/Laboro-Tomato/train/images/IMG_1273.jpg,312.34,126.08,384.72,214.14,tomato
data/Laboro-Tomato/train/images/IMG_1273.jpg,232.99,130.30,291.81,206.92,tomato
data/Laboro-Tomato/train/images/IMG_1273.jpg,170.26,157.47,224.54,215.70,tomato
data/Laboro-Tomato/train/images/IMG_1273.jpg,157.89,173.12,224.87,259.10,tomato
data/Laboro-Tomato/train/images/IMG_1273.jpg,141.30,220.49,197.09,284.46,tomato
data/Laboro-Tomato/train/images/IMG_1273.jpg,110.22,234.39,174.79,315.20,tomato
data/Laboro-Tomato/train/images/IMG_1274.jpg,228.77,107.38,342.18,216.89,tomato
data/Laboro-Tomato/train/images/IMG_1274.jpg,159.41,207.25,272.54,312.82,tomato
data/Laboro-Tomato/train/images/IMG_1274.jpg,229.39,290.49,353.67,406.63,tomato
data/Laboro-Tomato/train/images/IMG_1274.jpg,149.17,312.82,232.11,394.87,tomato
data/Laboro-Tomato/train/images/IMG_1275.jpg,164.20,76.30,245.36,178.55,tomato
data/Laboro-Tomato/train/images/IMG_1275.jpg,182.62,161.67,240.54,229.53,tomato
data/Laboro-Tomato/train/images/IMG_1275.jpg,229.10,209.32,297.87,288.68,tomato
data/Laboro-Tomato/train/images/IMG_1275.jpg,207.37,223.18,244.16,286.53,tomato
data/Laboro-Tomato/train/images/IMG_1275.jpg,242.37,284.43,296.95,355.92,tomato
data/Laboro-Tomato/train/images/IMG_1275.jpg,292.72,306.19,332.85,353.85,tomato
data/Laboro-Tomato/train/images/IMG_1275.jpg,283.07,355.32,326.50,404.17,tomato
data/Laboro-Tomato/train/images/IMG_1275.jpg,278.83,345.97,304.47,380.37,tomato
data/Laboro-Tomato/train/images/IMG_1275.jpg,400.70,451.54,434.19,482.93,tomato
data/Laboro-Tomato/train/images/IMG_1275.jpg,426.03,36.83,451.67,70.29,tomato
data/Laboro-Tomato/train/images/IMG_1275.jpg,423.35,0.03,448.99,35.30,tomato
data/Laboro-Tomato/train/images/IMG_1275.jpg,413.08,428.93,439.92,451.26,tomato
data/Laboro-Tomato/train/images/IMG_1276.jpg,245.38,36.52,319.27,132.14,tomato
data/Laboro-Tomato/train/images/IMG_1276.jpg,253.21,139.37,318.05,216.60,tomato
data/Laboro-Tomato/train/images/IMG_1276.jpg,171.18,106.16,235.12,182.47,tomato
data/Laboro-Tomato/train/images/IMG_1276.jpg,188.97,190.91,239.63,257.58,tomato
data/Laboro-Tomato/train/images/IMG_1276.jpg,261.04,222.01,317.76,289.56,tomato
data/Laboro-Tomato/train/images/IMG_1276.jpg,205.54,246.44,252.90,306.47,tomato
data/Laboro-Tomato/train/images/IMG_1276.jpg,230.00,276.28,263.48,319.11,tomato
data/Laboro-Tomato/train/images/IMG_1276.jpg,241.77,280.19,293.05,338.72,tomato
data/Laboro-Tomato/train/images/IMG_1276.jpg,279.45,307.38,322.58,361.67,tomato
data/Laboro-Tomato/train/images/IMG_1276.jpg,214.90,488.34,239.65,517.30,tomato
data/Laboro-Tomato/train/images/IMG_1276.jpg,188.95,489.28,221.24,517.61,tomato
data/Laboro-Tomato/train/images/IMG_1278.jpg,223.04,210.26,348.22,332.40,tomato
data/Laboro-Tomato/train/images/IMG_1278.jpg,255.95,301.32,347.32,393.94,tomato
data/Laboro-Tomato/train/images/IMG_1278.jpg,318.65,342.06,385.63,415.36,tomato
data/Laboro-Tomato/train/images/IMG_1278.jpg,182.33,178.27,254.12,250.63,tomato
data/Laboro-Tomato/train/images/IMG_1278.jpg,116.88,151.13,200.14,241.93,tomato
data/Laboro-Tomato/train/images/IMG_1280.jpg,337.96,167.68,371.14,215.95,tomato
data/Laboro-Tomato/train/images/IMG_1280.jpg,309.31,143.25,334.06,182.78,tomato
data/Laboro-Tomato/train/images/IMG_1280.jpg,371.47,249.73,390.47,270.86,tomato
data/Laboro-Tomato/train/images/IMG_1280.jpg,377.80,273.30,386.23,284.17,tomato
data/Laboro-Tomato/train/images/IMG_1280.jpg,436.93,462.39,453.21,505.85,tomato
data/Laboro-Tomato/train/images/IMG_1280.jpg,342.89,277.13,363.17,306.55,tomato
data/Laboro-Tomato/train/images/IMG_1280.jpg,320.75,262.32,342.89,286.04,tomato
data/Laboro-Tomato/train/images/IMG_1280.jpg,321.22,234.47,339.71,269.13,tomato
data/Laboro-Tomato/train/images/IMG_1280.jpg,277.43,219.22,320.09,272.57,tomato
data/Laboro-Tomato/train/images/IMG_1280.jpg,255.54,266.61,292.25,311.78,tomato
data/Laboro-Tomato/train/images/IMG_1280.jpg,219.25,201.86,260.09,252.73,tomato
data/Laboro-Tomato/train/images/IMG_1280.jpg,221.29,343.51,246.86,378.17,tomato
data/Laboro-Tomato/train/images/IMG_1280.jpg,193.01,266.17,228.83,314.09,tomato
data/Laboro-Tomato/train/images/IMG_1280.jpg,178.87,316.81,207.62,356.28,tomato
data/Laboro-Tomato/train/images/IMG_1280.jpg,196.43,364.00,204.20,375.19,tomato
data/Laboro-Tomato/train/images/IMG_1280.jpg,353.56,292.18,369.84,311.60,tomato
data/Laboro-Tomato/train/images/IMG_1282.jpg,258.94,73.01,328.33,139.68,tomato
data/Laboro-Tomato/train/images/IMG_1282.jpg,232.72,152.34,280.66,224.14,tomato
data/Laboro-Tomato/train/images/IMG_1282.jpg,166.34,147.53,239.96,235.28,tomato
data/Laboro-Tomato/train/images/IMG_1282.jpg,163.91,215.33,223.04,253.66,tomato
data/Laboro-Tomato/train/images/IMG_1282.jpg,244.47,229.27,293.92,293.50,tomato
data/Laboro-Tomato/train/images/IMG_1282.jpg,219.43,221.39,262.24,255.17,tomato
data/Laboro-Tomato/train/images/IMG_1282.jpg,181.12,240.38,248.10,313.99,tomato
data/Laboro-Tomato/train/images/IMG_1282.jpg,151.87,250.63,190.49,303.73,tomato
data/Laboro-Tomato/train/images/IMG_1282.jpg,164.84,300.75,207.66,344.78,tomato
data/Laboro-Tomato/train/images/IMG_1282.jpg,172.36,334.78,204.65,393.63,tomato
data/Laboro-Tomato/train/images/IMG_1282.jpg,185.63,316.73,236.91,386.09,tomato
data/Laboro-Tomato/train/images/IMG_1282.jpg,230.89,287.15,274.63,340.25,tomato
data/Laboro-Tomato/train/images/IMG_1282.jpg,290.64,203.94,346.43,268.17,tomato
data/Laboro-Tomato/train/images/IMG_1282.jpg,304.80,263.61,367.23,317.90,tomato
data/Laboro-Tomato/train/images/IMG_1282.jpg,267.41,319.71,290.02,351.10,tomato
data/Laboro-Tomato/train/images/IMG_1282.jpg,284.60,274.51,321.70,320.67,tomato
data/Laboro-Tomato/train/images/IMG_1282.jpg,319.56,322.77,364.82,369.80,tomato
data/Laboro-Tomato/train/images/IMG_1282.jpg,308.40,356.85,347.32,401.81,tomato
data/Laboro-Tomato/train/images/IMG_1282.jpg,352.43,355.01,389.84,397.54,tomato
data/Laboro-Tomato/train/images/IMG_1283.jpg,410.07,103.76,453.50,159.28,tomato
data/Laboro-Tomato/train/images/IMG_1283.jpg,379.88,47.06,448.95,99.22,tomato
data/Laboro-Tomato/train/images/IMG_1283.jpg,317.16,67.57,382.00,124.29,tomato
data/Laboro-Tomato/train/images/IMG_1283.jpg,297.87,96.53,354.59,142.68,tomato
data/Laboro-Tomato/train/images/IMG_1283.jpg,432.99,197.88,453.50,219.01,tomato
data/Laboro-Tomato/train/images/IMG_1283.jpg,363.89,191.53,406.74,244.63,tomato
data/Laboro-Tomato/train/images/IMG_1283.jpg,346.12,146.00,376.58,199.40,tomato
data/Laboro-Tomato/train/images/IMG_1283.jpg,334.06,189.43,366.65,212.64,tomato
data/Laboro-Tomato/train/images/IMG_1283.jpg,294.53,137.22,360.57,192.44,tomato
data/Laboro-Tomato/train/images/IMG_1283.jpg,407.66,249.78,432.99,270.29,tomato
data/Laboro-Tomato/train/images/IMG_1283.jpg,386.54,233.49,410.67,272.70,tomato
data/Laboro-Tomato/train/images/IMG_1283.jpg,289.11,175.58,325.90,221.42,tomato
data/Laboro-Tomato/train/images/IMG_1283.jpg,320.46,222.01,368.13,272.99,tomato
data/Laboro-Tomato/train/images/IMG_1283.jpg,198.90,69.65,267.08,146.88,tomato
data/Laboro-Tomato/train/images/IMG_1283.jpg,222.17,161.95,271.62,229.24,tomato
data/Laboro-Tomato/train/images/IMG_1283.jpg,164.84,172.21,223.04,238.88,tomato
data/Laboro-Tomato/train/images/IMG_1283.jpg,219.72,228.05,256.82,290.78,tomato
data/Laboro-Tomato/train/images/IMG_1283.jpg,292.72,252.45,349.71,322.12,tomato
data/Laboro-Tomato/train/images/IMG_1283.jpg,280.07,295.91,318.07,348.69,tomato
data/Laboro-Tomato/train/images/IMG_1283.jpg,233.92,230.77,297.87,312.82,tomato
data/Laboro-Tomato/train/images/IMG_1283.jpg,245.67,309.79,305.38,379.15,tomato
data/Laboro-Tomato/train/images/IMG_1283.jpg,236.33,350.22,287.61,401.50,tomato
data/Laboro-Tomato/train/images/IMG_1283.jpg,277.63,363.17,311.11,406.89,tomato
data/Laboro-Tomato/train/images/IMG_1283.jpg,202.55,289.90,246.88,335.43,tomato
data/Laboro-Tomato/train/images/IMG_1283.jpg,197.71,337.55,230.58,376.15,tomato
data/Laboro-Tomato/train/images/IMG_1283.jpg,158.47,316.11,202.53,369.52,tomato
data/Laboro-Tomato/train/images/IMG_1283.jpg,163.33,369.18,201.95,417.15,tomato
data/Laboro-Tomato/train/images/IMG_1283.jpg,226.67,386.71,268.28,432.87,tomato
data/Laboro-Tomato/train/images/IMG_1284.jpg,351.25,308.88,392.89,366.49,tomato
data/Laboro-Tomato/train/images/IMG_1284.jpg,330.42,370.99,371.45,425.59,tomato
data/Laboro-Tomato/train/images/IMG_1284.jpg,258.34,337.50,302.66,397.85,tomato
data/Laboro-Tomato/train/images/IMG_1284.jpg,269.51,369.77,303.00,413.23,tomato
data/Laboro-Tomato/train/images/IMG_1284.jpg,239.05,196.66,318.69,300.72,tomato
data/Laboro-Tomato/train/images/IMG_1284.jpg,182.93,253.69,245.67,337.24,tomato
data/Laboro-Tomato/train/images/IMG_1284.jpg,166.63,166.20,248.37,256.69,tomato
data/Laboro-Tomato/train/images/IMG_1284.jpg,120.52,275.39,179.02,334.81,tomato
data/Laboro-Tomato/train/images/IMG_1284.jpg,89.42,218.08,178.11,316.71,tomato
data/Laboro-Tomato/train/images/IMG_1284.jpg,65.27,164.10,116.86,249.16,tomato
data/Laboro-Tomato/train/images/IMG_1284.jpg,65.29,231.05,105.42,291.40,tomato
data/Laboro-Tomato/train/images/IMG_1285.jpg,172.36,208.44,249.87,289.87,tomato
data/Laboro-Tomato/train/images/IMG_1285.jpg,267.39,233.15,343.11,315.20,tomato
data/Laboro-Tomato/train/images/IMG_1285.jpg,248.68,312.48,313.25,386.71,tomato
data/Laboro-Tomato/train/images/IMG_1285.jpg,176.91,286.56,252.32,368.61,tomato
data/Laboro-Tomato/train/images/IMG_1286.jpg,282.19,199.69,369.95,291.69,tomato
data/Laboro-Tomato/train/images/IMG_1286.jpg,260.75,288.34,334.06,372.21,tomato
data/Laboro-Tomato/train/images/IMG_1286.jpg,179.90,260.32,265.56,351.44,tomato
data/Laboro-Tomato/train/images/IMG_1286.jpg,175.37,168.92,264.65,264.23,tomato
data/Laboro-Tomato/train/images/IMG_1287.jpg,257.73,177.36,338.85,258.48,tomato
data/Laboro-Tomato/train/images/IMG_1287.jpg,145.56,136.36,238.45,229.86,tomato
data/Laboro-Tomato/train/images/IMG_1287.jpg,113.54,222.30,198.90,309.17,tomato
data/Laboro-Tomato/train/images/IMG_1287.jpg,169.64,276.02,242.95,346.31,tomato
data/Laboro-Tomato/train/images/IMG_1287.jpg,240.85,255.17,311.76,326.65,tomato
data/Laboro-Tomato/train/images/IMG_1287.jpg,288.80,308.57,359.39,383.37,tomato
data/Laboro-Tomato/train/images/IMG_1287.jpg,250.20,361.05,309.64,433.15,tomato
data/Laboro-Tomato/train/images/IMG_1287.jpg,188.37,342.04,253.21,420.77,tomato
data/Laboro-Tomato/train/images/IMG_1288.jpg,270.11,100.16,328.03,176.15,tomato
data/Laboro-Tomato/train/images/IMG_1288.jpg,147.93,119.76,208.57,188.24,tomato
data/Laboro-Tomato/train/images/IMG_1288.jpg,153.36,184.87,210.67,247.03,tomato
data/Laboro-Tomato/train/images/IMG_1288.jpg,181.72,254.91,241.44,315.82,tomato
data/Laboro-Tomato/train/images/IMG_1288.jpg,112.65,251.26,173.29,313.67,tomato
data/Laboro-Tomato/train/images/IMG_1288.jpg,77.06,326.68,135.30,382.47,tomato
data/Laboro-Tomato/train/images/IMG_1288.jpg,116.86,386.40,165.74,439.50,tomato
data/Laboro-Tomato/train/images/IMG_1288.jpg,217.93,279.02,262.88,331.18,tomato
data/Laboro-Tomato/train/images/IMG_1288.jpg,154.88,314.30,210.09,373.40,tomato
data/Laboro-Tomato/train/images/IMG_1288.jpg,194.68,328.46,233.61,376.12,tomato
data/Laboro-Tomato/train/images/IMG_1288.jpg,227.59,371.30,265.58,416.26,tomato
data/Laboro-Tomato/train/images/IMG_1288.jpg,242.66,327.89,288.50,376.17,tomato
data/Laboro-Tomato/train/images/IMG_1288.jpg,255.35,293.50,294.55,335.15,tomato
data/Laboro-Tomato/train/images/IMG_1288.jpg,271.93,236.21,328.93,283.86,tomato
data/Laboro-Tomato/train/images/IMG_1288.jpg,309.64,252.16,352.45,293.81,tomato
data/Laboro-Tomato/train/images/IMG_1288.jpg,293.92,299.51,320.15,329.97,tomato
data/Laboro-Tomato/train/images/IMG_1288.jpg,295.15,295.91,338.58,341.44,tomato
data/Laboro-Tomato/train/images/IMG_1288.jpg,328.31,316.42,350.33,346.31,tomato
data/Laboro-Tomato/train/images/IMG_1288.jpg,347.32,257.58,388.35,293.78,tomato
data/Laboro-Tomato/train/images/IMG_1288.jpg,350.96,281.43,398.62,322.77,tomato
data/Laboro-Tomato/train/images/IMG_1288.jpg,354.86,323.98,395.57,366.51,tomato
data/Laboro-Tomato/train/images/IMG_1289.jpg,271.31,0.28,321.39,57.01,tomato
data/Laboro-Tomato/train/images/IMG_1289.jpg,213.99,0.00,262.55,58.53,tomato
data/Laboro-Tomato/train/images/IMG_1289.jpg,245.05,8.16,261.95,43.43,tomato
data/Laboro-Tomato/train/images/IMG_1289.jpg,300.88,97.12,373.26,168.30,tomato
data/Laboro-Tomato/train/images/IMG_1289.jpg,255.00,165.60,341.28,267.86,tomato
data/Laboro-Tomato/train/images/IMG_1289.jpg,289.11,241.62,372.98,346.00,tomato
data/Laboro-Tomato/train/images/IMG_1289.jpg,212.49,255.17,290.00,330.90,tomato
data/Laboro-Tomato/train/images/IMG_1289.jpg,232.09,199.97,262.86,259.08,tomato
data/Laboro-Tomato/train/images/IMG_1289.jpg,194.99,249.44,245.96,295.91,tomato
data/Laboro-Tomato/train/images/IMG_1289.jpg,153.36,312.51,202.82,376.74,tomato
data/Laboro-Tomato/train/images/IMG_1289.jpg,189.28,232.58,235.12,269.98,tomato
data/Laboro-Tomato/train/images/IMG_1289.jpg,280.99,323.65,350.96,402.38,tomato
data/Laboro-Tomato/train/images/IMG_1289.jpg,230.58,376.17,276.42,440.40,tomato
data/Laboro-Tomato/train/images/IMG_1289.jpg,296.04,399.69,350.04,450.97,tomato
data/Laboro-Tomato/train/images/IMG_1289.jpg,253.81,426.81,305.09,486.84,tomato
data/Laboro-Tomato/train/images/IMG_1289.jpg,291.53,454.88,352.76,517.61,tomato
data/Laboro-Tomato/train/images/IMG_1289.jpg,254.72,493.45,306.90,517.59,tomato
data/Laboro-Tomato/train/images/IMG_1291.jpg,258.05,88.06,329.84,159.23,tomato
data/Laboro-Tomato/train/images/IMG_1291.jpg,240.54,153.87,305.07,219.61,tomato
data/Laboro-Tomato/train/images/IMG_1291.jpg,169.95,126.08,248.08,201.81,tomato
data/Laboro-Tomato/train/images/IMG_1291.jpg,190.78,195.44,263.47,266.93,tomato
data/Laboro-Tomato/train/images/IMG_1291.jpg,261.68,215.95,321.39,273.87,tomato
data/Laboro-Tomato/train/images/IMG_1291.jpg,204.65,255.17,269.80,316.08,tomato
data/Laboro-Tomato/train/images/IMG_1291.jpg,265.27,271.46,323.78,327.56,tomato
data/Laboro-Tomato/train/images/IMG_1291.jpg,217.60,305.88,278.83,367.11,tomato
data/Laboro-Tomato/train/images/IMG_1291.jpg,288.80,319.45,347.03,380.06,tomato
data/Laboro-Tomato/train/images/IMG_1291.jpg,244.18,360.17,305.09,422.01,tomato
data/Laboro-Tomato/train/images/IMG_1292.jpg,227.39,170.76,268.26,209.25,tomato
data/Laboro-Tomato/train/images/IMG_1292.jpg,239.11,207.04,273.41,241.96,tomato
data/Laboro-Tomato/train/images/IMG_1292.jpg,211.93,208.83,243.09,242.14,tomato
data/Laboro-Tomato/train/images/IMG_1292.jpg,197.44,179.90,232.56,216.78,tomato
data/Laboro-Tomato/train/images/IMG_1292.jpg,268.65,169.57,289.48,187.44,tomato
data/Laboro-Tomato/train/images/IMG_1292.jpg,254.20,112.87,273.62,133.49,tomato
data/Laboro-Tomato/train/images/IMG_1292.jpg,263.48,187.21,281.74,205.65,tomato
data/Laboro-Tomato/train/images/IMG_1292.jpg,182.17,217.15,214.49,247.29,tomato
data/Laboro-Tomato/train/images/IMG_1292.jpg,180.11,239.96,212.36,263.95,tomato
data/Laboro-Tomato/train/images/IMG_1292.jpg,211.29,240.27,240.70,268.30,tomato
data/Laboro-Tomato/train/images/IMG_1292.jpg,196.92,261.10,215.37,287.46,tomato
data/Laboro-Tomato/train/images/IMG_1292.jpg,178.77,256.90,199.48,281.82,tomato
data/Laboro-Tomato/train/images/IMG_1292.jpg,203.50,263.66,233.18,293.81,tomato
data/Laboro-Tomato/train/images/IMG_1292.jpg,171.86,280.73,189.69,305.75,tomato
data/Laboro-Tomato/train/images/IMG_1292.jpg,182.66,286.27,211.60,313.88,tomato
data/Laboro-Tomato/train/images/IMG_1292.jpg,230.66,257.94,262.59,290.31,tomato
data/Laboro-Tomato/train/images/IMG_1292.jpg,251.81,236.80,282.70,266.17,tomato
data/Laboro-Tomato/train/images/IMG_1292.jpg,280.13,247.29,306.51,274.44,tomato
data/Laboro-Tomato/train/images/IMG_1292.jpg,281.18,272.49,307.72,296.79,tomato
data/Laboro-Tomato/train/images/IMG_1292.jpg,256.74,276.25,285.22,306.09,tomato
data/Laboro-Tomato/train/images/IMG_1292.jpg,317.64,230.35,345.54,256.46,tomato
data/Laboro-Tomato/train/images/IMG_1292.jpg,315.70,255.09,345.54,281.35,tomato
data/Laboro-Tomato/train/images/IMG_1292.jpg,344.02,257.37,359.02,278.66,tomato
data/Laboro-Tomato/train/images/IMG_1292.jpg,335.03,276.38,355.27,296.01,tomato
data/Laboro-Tomato/train/images/IMG_1292.jpg,316.42,272.65,343.11,288.55,tomato
data/Laboro-Tomato/train/images/IMG_1292.jpg,281.63,323.18,299.03,343.59,tomato
data/Laboro-Tomato/train/images/IMG_1292.jpg,279.24,339.83,301.73,361.43,tomato
data/Laboro-Tomato/train/images/IMG_1292.jpg,278.79,360.24,299.93,381.22,tomato
data/Laboro-Tomato/train/images/IMG_1292.jpg,263.95,374.33,285.71,396.66,tomato
data/Laboro-Tomato/train/images/IMG_1292.jpg,264.69,363.09,279.69,378.37,tomato
data/Laboro-Tomato/train/images/IMG_1292.jpg,342.21,439.37,362.77,461.43,tomato
data/Laboro-Tomato/train/images/IMG_1292.jpg,325.29,433.72,339.82,452.47,tomato
data/Laboro-Tomato/train/images/IMG_1292.jpg,320.77,426.37,339.07,444.18,tomato
data/Laboro-Tomato/train/images/IMG_1293.jpg,157.91,73.89,238.14,143.25,tomato
data/Laboro-Tomato/train/images/IMG_1293.jpg,122.30,177.70,189.28,250.38,tomato
data/Laboro-Tomato/train/images/IMG_1293.jpg,220.61,106.47,288.80,179.46,tomato
data/Laboro-Tomato/train/images/IMG_1293.jpg,231.18,177.98,296.02,252.47,tomato
data/Laboro-Tomato/train/images/IMG_1293.jpg,222.17,206.01,274.03,266.61,tomato
data/Laboro-Tomato/train/images/IMG_1293.jpg,126.52,241.62,184.76,297.72,tomato
data/Laboro-Tomato/train/images/IMG_1293.jpg,147.94,298.60,194.41,348.38,tomato
data/Laboro-Tomato/train/images/IMG_1293.jpg,260.77,238.33,317.18,302.25,tomato
data/Laboro-Tomato/train/images/IMG_1293.jpg,261.35,291.06,302.68,338.72,tomato
data/Laboro-Tomato/train/images/IMG_1293.jpg,217.29,285.94,266.48,341.47,tomato
data/Laboro-Tomato/train/images/IMG_1293.jpg,215.82,344.19,252.02,379.15,tomato
data/Laboro-Tomato/train/images/IMG_1293.jpg,156.38,332.40,194.99,370.73,tomato
data/Laboro-Tomato/train/images/IMG_1293.jpg,306.01,101.94,379.01,173.12,tomato
data/Laboro-Tomato/train/images/IMG_1293.jpg,317.49,168.30,381.12,230.46,tomato
data/Laboro-Tomato/train/images/IMG_1293.jpg,325.29,226.83,381.08,284.12,tomato
data/Laboro-Tomato/train/images/IMG_1293.jpg,346.74,281.09,392.58,330.87,tomato
data/Laboro-Tomato/train/images/IMG_1293.jpg,325.29,313.39,361.19,351.72,tomato
data/Laboro-Tomato/train/images/IMG_1293.jpg,369.93,340.87,400.70,380.08,tomato
data/Laboro-Tomato/train/images/IMG_1293.jpg,353.97,335.12,379.30,363.14,tomato
data/Laboro-Tomato/train/images/IMG_1294.jpg,230.29,208.44,313.85,297.44,tomato
data/Laboro-Tomato/train/images/IMG_1294.jpg,193.50,156.54,268.90,238.59,tomato
data/Laboro-Tomato/train/images/IMG_1294.jpg,204.96,94.12,261.95,158.97,tomato
data/Laboro-Tomato/train/images/IMG_1294.jpg,205.27,235.56,249.91,301.61,tomato
data/Laboro-Tomato/train/images/IMG_1294.jpg,224.85,296.19,269.18,327.58,tomato
data/Laboro-Tomato/train/images/IMG_1294.jpg,254.12,288.34,328.95,368.89,tomato
data/Laboro-Tomato/train/images/IMG_1294.jpg,273.14,345.97,335.88,407.51,tomato
data/Laboro-Tomato/train/images/IMG_1294.jpg,318.05,333.93,347.93,386.40,tomato
data/Laboro-Tomato/train/images/IMG_1295.jpg,178.68,132.48,245.26,196.14,tomato
data/Laboro-Tomato/train/images/IMG_1295.jpg,209.46,184.77,271.04,242.68,tomato
data/Laboro-Tomato/train/images/IMG_1295.jpg,283.36,194.35,351.77,262.32,tomato
data/Laboro-Tomato/train/images/IMG_1295.jpg,237.05,231.03,294.74,286.45,tomato
data/Laboro-Tomato/train/images/IMG_1295.jpg,310.03,250.22,373.43,315.23,tomato
data/Laboro-Tomato/train/images/IMG_1295.jpg,277.20,290.34,333.06,349.18,tomato
data/Laboro-Tomato/train/images/IMG_1295.jpg,261.70,277.57,311.19,329.11,tomato
data/Laboro-Tomato/train/images/IMG_1296.jpg,427.41,54.60,443.61,75.01,tomato
data/Laboro-Tomato/train/images/IMG_1296.jpg,416.59,76.33,433.69,91.61,tomato
data/Laboro-Tomato/train/images/IMG_1296.jpg,266.34,177.70,291.40,204.38,tomato
data/Laboro-Tomato/train/images/IMG_1296.jpg,250.45,189.56,277.14,218.52,tomato
data/Laboro-Tomato/train/images/IMG_1296.jpg,243.98,203.52,267.99,227.97,tomato
data/Laboro-Tomato/train/images/IMG_1296.jpg,242.97,220.46,259.60,236.52,tomato
data/Laboro-Tomato/train/images/IMG_1296.jpg,237.55,231.39,249.09,246.52,tomato
data/Laboro-Tomato/train/images/IMG_1297.jpg,267.99,246.70,291.85,269.02,tomato
data/Laboro-Tomato/train/images/IMG_1297.jpg,265.60,268.01,284.06,291.84,tomato
data/Laboro-Tomato/train/images/IMG_1297.jpg,244.89,265.01,271.58,291.84,tomato
data/Laboro-Tomato/train/images/IMG_1297.jpg,255.85,226.91,283.16,253.17,tomato
data/Laboro-Tomato/train/images/IMG_1297.jpg,272.21,136.49,290.50,154.31,tomato
data/Laboro-Tomato/train/images/IMG_1297.jpg,278.36,152.34,292.89,162.39,tomato
data/Laboro-Tomato/train/images/IMG_1297.jpg,263.06,132.12,277.59,149.05,tomato
data/Laboro-Tomato/train/images/IMG_1297.jpg,257.35,160.35,272.50,172.62,tomato
data/Laboro-Tomato/train/images/IMG_1297.jpg,251.81,152.97,265.76,169.33,tomato
data/Laboro-Tomato/train/images/IMG_1297.jpg,348.78,152.97,359.62,164.47,tomato
data/Laboro-Tomato/train/images/IMG_1297.jpg,435.78,22.95,445.42,33.51,tomato
data/Laboro-Tomato/train/images/IMG_1297.jpg,431.08,28.80,439.94,38.33,tomato
data/Laboro-Tomato/train/images/IMG_1297.jpg,409.56,8.60,422.07,23.31,tomato
data/Laboro-Tomato/train/images/IMG_1298.jpg,147.63,398.68,186.87,439.76,tomato
data/Laboro-Tomato/train/images/IMG_1298.jpg,117.19,384.74,153.05,420.43,tomato
data/Laboro-Tomato/train/images/IMG_1298.jpg,157.54,339.42,203.77,389.10,tomato
data/Laboro-Tomato/train/images/IMG_1298.jpg,125.31,341.98,165.14,380.94,tomato
data/Laboro-Tomato/train/images/IMG_1298.jpg,180.33,294.56,228.77,346.10,tomato
data/Laboro-Tomato/train/images/IMG_1298.jpg,136.33,290.44,181.01,331.47,tomato
data/Laboro-Tomato/train/images/IMG_1298.jpg,150.49,243.36,197.93,285.11,tomato
data/Laboro-Tomato/train/images/IMG_1298.jpg,142.37,191.61,191.36,241.65,tomato
data/Laboro-Tomato/train/images/IMG_1298.jpg,203.25,202.12,246.88,249.88,tomato
data/Laboro-Tomato/train/images/IMG_1298.jpg,235.67,231.96,278.95,277.13,tomato
data/Laboro-Tomato/train/images/IMG_1298.jpg,238.29,126.42,286.74,181.07,tomato
data/Laboro-Tomato/train/images/IMG_1298.jpg,267.78,167.29,314.67,214.89,tomato
data/Laboro-Tomato/train/images/IMG_1298.jpg,266.03,269.23,306.39,313.21,tomato
data/Laboro-Tomato/train/images/IMG_1298.jpg,300.70,212.33,344.53,254.39,tomato
data/Laboro-Tomato/train/images/IMG_1298.jpg,300.18,293.16,338.99,335.59,tomato
data/Laboro-Tomato/train/images/IMG_1298.jpg,320.89,246.78,362.26,287.49,tomato
data/Laboro-Tomato/train/images/IMG_1298.jpg,339.69,285.96,376.95,326.83,tomato
data/Laboro-Tomato/train/images/IMG_20191215_110441.jpg,237.59,43.10,283.94,89.61,tomato
data/Laboro-Tomato/train/images/IMG_20191215_110441.jpg,261.56,74.05,279.86,101.76,tomato
data/Laboro-Tomato/train/images/IMG_20191215_110441.jpg,178.75,116.01,211.93,152.94,tomato
data/Laboro-Tomato/train/images/IMG_20191215_110441.jpg,330.21,228.36,362.65,258.25,tomato
data/Laboro-Tomato/train/images/IMG_20191215_110441.jpg,286.50,234.42,314.75,258.09,tomato
data/Laboro-Tomato/train/images/IMG_20191215_110441.jpg,113.64,365.58,221.57,489.54,tomato
data/Laboro-Tomato/train/images/IMG_20191215_110441.jpg,217.04,378.92,323.14,494.53,tomato
data/Laboro-Tomato/train/images/IMG_20191215_110446.jpg,142.53,333.22,228.05,421.72,tomato
data/Laboro-Tomato/train/images/IMG_20191215_110446.jpg,73.45,298.10,164.93,386.60,tomato
data/Laboro-Tomato/train/images/IMG_20191215_110446.jpg,386.35,272.87,420.07,303.21,tomato
data/Laboro-Tomato/train/images/IMG_20191215_110446.jpg,341.91,266.71,370.65,291.50,tomato
data/Laboro-Tomato/train/images/IMG_20191215_110446.jpg,275.50,145.73,307.04,178.44,tomato
data/Laboro-Tomato/train/images/IMG_20191215_110454.jpg,231.76,105.05,254.18,129.50,tomato
data/Laboro-Tomato/train/images/IMG_20191215_110454.jpg,303.31,74.23,375.49,141.47,tomato
data/Laboro-Tomato/train/images/IMG_20191215_110454.jpg,271.47,93.91,312.53,159.60,tomato
data/Laboro-Tomato/train/images/IMG_20191215_110454.jpg,218.81,124.04,296.12,207.48,tomato
data/Laboro-Tomato/train/images/IMG_20191215_110454.jpg,295.59,134.96,373.10,206.81,tomato
data/Laboro-Tomato/train/images/IMG_20191215_110454.jpg,348.27,96.14,407.44,169.70,tomato
data/Laboro-Tomato/train/images/IMG_20191215_110454.jpg,382.13,85.03,453.31,158.22,tomato
data/Laboro-Tomato/train/images/IMG_20191215_110454.jpg,85.53,462.03,117.82,495.03,tomato
data/Laboro-Tomato/train/images/IMG_20191215_110454.jpg,109.93,473.32,141.75,507.25,tomato
data/Laboro-Tomato/train/images/IMG_20191215_110454.jpg,154.10,393.14,227.88,474.93,tomato
data/Laboro-Tomato/train/images/IMG_20191215_110454.jpg,203.17,358.04,258.22,417.40,tomato
data/Laboro-Tomato/train/images/IMG_20191215_110454.jpg,336.46,349.29,401.46,409.17,tomato
data/Laboro-Tomato/train/images/IMG_20191215_110502.jpg,248.25,125.94,348.38,226.36,tomato
data/Laboro-Tomato/train/images/IMG_20191215_110502.jpg,329.68,185.07,427.12,276.17,tomato
data/Laboro-Tomato/train/images/IMG_20191215_110502.jpg,347.66,94.18,376.82,132.64,tomato
data/Laboro-Tomato/train/images/IMG_20191215_110502.jpg,351.67,130.25,376.64,149.87,tomato
data/Laboro-Tomato/train/images/IMG_20191215_110502.jpg,128.49,252.12,162.63,288.52,tomato
data/Laboro-Tomato/train/images/IMG_20191215_110502.jpg,143.98,247.30,177.80,283.01,tomato
data/Laboro-Tomato/train/images/IMG_20191215_110502.jpg,85.06,250.74,130.23,295.42,tomato
data/Laboro-Tomato/train/images/IMG_20191215_110502.jpg,130.20,282.48,166.93,316.13,tomato
data/Laboro-Tomato/train/images/IMG_20191215_110502.jpg,85.37,291.28,132.82,332.66,tomato
data/Laboro-Tomato/train/images/IMG_20191215_110506.jpg,273.14,230.51,325.63,300.65,tomato
data/Laboro-Tomato/train/images/IMG_20191215_110506.jpg,246.45,287.75,334.21,389.80,tomato
data/Laboro-Tomato/train/images/IMG_20191215_110506.jpg,206.16,329.14,261.13,392.95,tomato
data/Laboro-Tomato/train/images/IMG_20191215_110506.jpg,129.94,282.57,220.42,383.27,tomato
data/Laboro-Tomato/train/images/IMG_20191215_110524.jpg,118.19,247.01,148.64,272.65,tomato
data/Laboro-Tomato/train/images/IMG_20191215_110524.jpg,180.99,255.92,254.37,323.00,tomato
data/Laboro-Tomato/train/images/IMG_20191215_110524.jpg,174.32,288.76,234.70,335.64,tomato
data/Laboro-Tomato/train/images/IMG_20191215_110524.jpg,190.23,236.23,213.66,258.46,tomato
data/Laboro-Tomato/train/images/IMG_20191215_110524.jpg,215.39,237.43,243.59,263.27,tomato
data/Laboro-Tomato/train/images/IMG_20191215_110524.jpg,388.48,319.40,416.03,341.47,tomato
data/Laboro-Tomato/train/images/IMG_20191215_110524.jpg,416.71,289.77,453.31,316.29,tomato
data/Laboro-Tomato/train/images/IMG_20191215_110524.jpg,270.13,263.30,294.68,289.61,tomato
data/Laboro-Tomato/train/images/IMG_20191215_110524.jpg,257.33,257.32,270.42,277.26,tomato
data/Laboro-Tomato/train/images/IMG_20191215_110524.jpg,398.51,257.78,425.28,285.29,tomato
data/Laboro-Tomato/train/images/IMG_20191215_110527.jpg,214.49,79.07,294.37,157.76,tomato
data/Laboro-Tomato/train/images/IMG_20191215_110527.jpg,181.26,115.28,229.24,163.09,tomato
data/Laboro-Tomato/train/images/IMG_20191215_110527.jpg,312.86,210.28,331.36,228.98,tomato
data/Laboro-Tomato/train/images/IMG_20191215_110527.jpg,157.66,429.66,223.55,496.53,tomato
data/Laboro-Tomato/train/images/IMG_20191215_110527.jpg,190.72,424.55,251.09,501.84,tomato
data/Laboro-Tomato/train/images/IMG_20191215_110534.jpg,213.41,340.69,287.84,413.52,tomato
data/Laboro-Tomato/train/images/IMG_20191215_110534.jpg,208.34,410.57,284.99,483.60,tomato
data/Laboro-Tomato/train/images/IMG_20191215_110534.jpg,270.11,47.01,385.07,158.74,tomato
data/Laboro-Tomato/train/images/IMG_20191215_110541.jpg,184.66,215.36,251.64,285.96,tomato
data/Laboro-Tomato/train/images/IMG_20191215_110541.jpg,133.08,335.04,226.52,439.57,tomato
data/Laboro-Tomato/train/images/IMG_20191215_110541.jpg,219.95,330.51,326.29,428.67,tomato
data/Laboro-Tomato/train/images/IMG_20191215_110541.jpg,285.12,267.42,371.76,355.43,tomato
data/Laboro-Tomato/train/images/IMG_20191215_110545.jpg,254.61,100.44,291.01,139.60,tomato
data/Laboro-Tomato/train/images/IMG_20191215_110545.jpg,287.32,113.34,328.62,144.21,tomato
data/Laboro-Tomato/train/images/IMG_20191215_110545.jpg,342.00,206.37,425.99,293.29,tomato
data/Laboro-Tomato/train/images/IMG_20191215_110545.jpg,275.90,203.78,343.38,282.10,tomato
data/Laboro-Tomato/train/images/IMG_20191215_110545.jpg,106.90,262.00,162.96,314.53,tomato
data/Laboro-Tomato/train/images/IMG_20191215_110545.jpg,180.97,336.47,200.47,354.23,tomato
data/Laboro-Tomato/train/images/IMG_20191215_110545.jpg,397.38,479.28,412.26,501.71,tomato
data/Laboro-Tomato/train/images/IMG_20191215_110545.jpg,374.11,489.95,393.96,511.65,tomato
data/Laboro-Tomato/train/images/IMG_20191215_110550.jpg,279.69,65.19,386.91,181.90,tomato
data/Laboro-Tomato/train/images/IMG_20191215_110550.jpg,381.26,107.93,438.72,171.28,tomato
data/Laboro-Tomato/train/images/IMG_20191215_110550.jpg,250.51,143.87,357.97,247.73,tomato
data/Laboro-Tomato/train/images/IMG_20191215_110550.jpg,329.43,188.68,374.69,245.92,tomato
data/Laboro-Tomato/train/images/IMG_20191215_110550.jpg,231.26,159.96,253.68,196.84,tomato
data/Laboro-Tomato/train/images/IMG_20191215_110550.jpg,196.66,427.12,258.43,496.58,tomato
data/Laboro-Tomato/train/images/IMG_20191215_110556.jpg,157.14,102.26,227.84,180.03,tomato
data/Laboro-Tomato/train/images/IMG_20191215_110556.jpg,95.05,89.30,142.29,140.00,tomato
data/Laboro-Tomato/train/images/IMG_20191215_110556.jpg,126.08,123.82,184.72,186.60,tomato
data/Laboro-Tomato/train/images/IMG_20191215_110556.jpg,184.54,156.59,243.33,208.84,tomato
data/Laboro-Tomato/train/images/IMG_20191215_110556.jpg,98.11,244.55,177.47,311.79,tomato
data/Laboro-Tomato/train/images/IMG_20191215_110556.jpg,43.64,282.83,123.15,359.91,tomato
data/Laboro-Tomato/train/images/IMG_20191215_110556.jpg,15.20,284.21,52.45,315.95,tomato
data/Laboro-Tomato/train/images/IMG_20191215_110556.jpg,111.60,309.74,165.94,363.54,tomato
data/Laboro-Tomato/train/images/IMG_20191215_110556.jpg,108.39,367.02,132.37,388.78,tomato
data/Laboro-Tomato/train/images/IMG_20191215_110556.jpg,415.95,336.44,475.63,390.60,tomato
data/Laboro-Tomato/train/images/IMG_20191215_110556.jpg,391.12,307.81,439.76,376.97,tomato
data/Laboro-Tomato/train/images/IMG_20191215_110556.jpg,347.66,298.84,393.19,350.59,tomato
data/Laboro-Tomato/train/images/IMG_20191215_110556.jpg,369.41,263.35,428.72,315.60,tomato
data/Laboro-Tomato/train/images/IMG_20191215_110556.jpg,324.40,264.01,349.42,286.27,tomato
data/Laboro-Tomato/train/images/IMG_20191215_110556.jpg,16.29,314.07,34.68,338.31,tomato
data/Laboro-Tomato/train/images/IMG_20191215_110556.jpg,258.61,445.03,287.36,453.34,tomato
data/Laboro-Tomato/train/images/IMG_20191215_110600.jpg,151.96,65.16,180.39,93.28,tomato
data/Laboro-Tomato/train/images/IMG_20191215_110600.jpg,181.77,65.17,222.79,111.06,tomato
data/Laboro-Tomato/train/images/IMG_20191215_110600.jpg,164.72,85.36,199.74,129.18,tomato
data/Laboro-Tomato/train/images/IMG_20191215_110600.jpg,195.91,105.70,234.86,144.66,tomato
data/Laboro-Tomato/train/images/IMG_20191215_110600.jpg,128.36,159.17,178.61,204.63,tomato
data/Laboro-Tomato/train/images/IMG_20191215_110600.jpg,84.41,156.47,133.77,207.48,tomato
data/Laboro-Tomato/train/images/IMG_20191215_110600.jpg,120.75,196.97,160.63,233.41,tomato
data/Laboro-Tomato/train/images/IMG_20191215_110600.jpg,75.24,232.44,102.75,256.69,tomato
data/Laboro-Tomato/train/images/IMG_20191215_110600.jpg,61.82,254.88,91.40,279.39,tomato
data/Laboro-Tomato/train/images/IMG_20191215_110600.jpg,44.06,300.37,69.49,319.29,tomato
data/Laboro-Tomato/train/images/IMG_20191215_110600.jpg,112.15,353.34,133.80,372.77,tomato
data/Laboro-Tomato/train/images/IMG_20191215_110600.jpg,206.97,367.14,239.45,400.78,tomato
data/Laboro-Tomato/train/images/IMG_20191215_110600.jpg,209.43,400.66,244.76,436.02,tomato
data/Laboro-Tomato/train/images/IMG_20191215_110600.jpg,319.74,297.77,342.16,316.92,tomato
data/Laboro-Tomato/train/images/IMG_20191215_110600.jpg,317.61,209.09,361.69,241.50,tomato
data/Laboro-Tomato/train/images/IMG_20191215_110600.jpg,322.45,228.33,373.43,284.11,tomato
data/Laboro-Tomato/train/images/IMG_20191215_110600.jpg,330.51,228.33,372.52,268.81,tomato
data/Laboro-Tomato/train/images/IMG_20191215_110600.jpg,292.75,221.27,323.36,260.55,tomato
data/Laboro-Tomato/train/images/IMG_20191215_110600.jpg,94.54,230.75,107.59,251.23,tomato
data/Laboro-Tomato/train/images/IMG_20191215_110600.jpg,0.00,225.12,13.68,248.08,tomato
data/Laboro-Tomato/train/images/IMG_20191215_110600.jpg,440.66,65.27,485.00,86.25,tomato
data/Laboro-Tomato/train/images/IMG_20191215_110604.jpg,134.52,66.88,162.81,97.77,tomato
data/Laboro-Tomato/train/images/IMG_20191215_110604.jpg,165.24,64.98,206.79,111.56,tomato
data/Laboro-Tomato/train/images/IMG_20191215_110604.jpg,148.87,87.07,186.79,130.89,tomato
data/Laboro-Tomato/train/images/IMG_20191215_110604.jpg,181.79,105.35,221.63,144.31,tomato
data/Laboro-Tomato/train/images/IMG_20191215_110604.jpg,118.78,164.11,170.99,209.56,tomato
data/Laboro-Tomato/train/images/IMG_20191215_110604.jpg,74.72,164.73,125.54,216.32,tomato
data/Laboro-Tomato/train/images/IMG_20191215_110604.jpg,113.83,203.89,155.22,240.02,tomato
data/Laboro-Tomato/train/images/IMG_20191215_110604.jpg,69.65,242.60,96.63,266.73,tomato
data/Laboro-Tomato/train/images/IMG_20191215_110604.jpg,57.52,265.84,87.10,290.89,tomato
data/Laboro-Tomato/train/images/IMG_20191215_110604.jpg,44.24,312.65,68.48,332.73,tomato
data/Laboro-Tomato/train/images/IMG_20191215_110604.jpg,116.60,361.04,138.77,379.69,tomato
data/Laboro-Tomato/train/images/IMG_20191215_110604.jpg,215.31,366.77,248.82,399.36,tomato
data/Laboro-Tomato/train/images/IMG_20191215_110604.jpg,222.09,399.25,256.64,433.94,tomato
data/Laboro-Tomato/train/images/IMG_20191215_110604.jpg,318.73,285.78,341.00,305.99,tomato
data/Laboro-Tomato/train/images/IMG_20191215_110604.jpg,329.11,216.65,370.60,257.48,tomato
data/Laboro-Tomato/train/images/IMG_20191215_110604.jpg,320.41,217.97,372.05,271.70,tomato
data/Laboro-Tomato/train/images/IMG_20191215_110604.jpg,289.35,213.91,322.20,252.53,tomato
data/Laboro-Tomato/train/images/IMG_20191215_110604.jpg,312.46,198.78,357.21,231.53,tomato
data/Laboro-Tomato/train/images/IMG_20191215_110612.jpg,164.38,60.40,194.99,92.72,tomato
data/Laboro-Tomato/train/images/IMG_20191215_110612.jpg,200.47,55.61,246.31,109.32,tomato
data/Laboro-Tomato/train/images/IMG_20191215_110612.jpg,180.64,80.89,222.56,128.80,tomato
data/Laboro-Tomato/train/images/IMG_20191215_110612.jpg,217.06,101.09,258.63,142.99,tomato
data/Laboro-Tomato/train/images/IMG_20191215_110612.jpg,151.38,165.94,206.12,214.69,tomato
data/Laboro-Tomato/train/images/IMG_20191215_110612.jpg,109.48,169.36,162.01,224.42,tomato
data/Laboro-Tomato/train/images/IMG_20191215_110612.jpg,150.02,208.70,191.94,247.03,tomato
data/Laboro-Tomato/train/images/IMG_20191215_110612.jpg,87.90,246.80,114.98,267.16,tomato
data/Laboro-Tomato/train/images/IMG_20191215_110612.jpg,76.17,265.84,106.82,291.43,tomato
data/Laboro-Tomato/train/images/IMG_20191215_110612.jpg,138.76,361.18,160.78,380.81,tomato
data/Laboro-Tomato/train/images/IMG_20191215_110612.jpg,65.45,312.10,85.22,332.92,tomato
data/Laboro-Tomato/train/images/IMG_20191215_110612.jpg,255.99,375.42,289.48,410.07,tomato
data/Laboro-Tomato/train/images/IMG_20191215_110612.jpg,265.08,410.52,300.04,446.98,tomato
data/Laboro-Tomato/train/images/IMG_20191215_110612.jpg,343.59,281.61,366.20,301.97,tomato
data/Laboro-Tomato/train/images/IMG_20191215_110612.jpg,369.51,221.91,424.67,278.89,tomato
data/Laboro-Tomato/train/images/IMG_20191215_110612.jpg,383.63,222.82,429.43,265.97,tomato
data/Laboro-Tomato/train/images/IMG_20191215_110612.jpg,356.53,200.05,403.85,237.24,tomato
data/Laboro-Tomato/train/images/IMG_20191215_110612.jpg,334.85,217.61,370.83,257.91,tomato
data/Laboro-Tomato/train/images/IMG_20191215_110616.jpg,236.72,99.07,331.04,178.27,tomato
data/Laboro-Tomato/train/images/IMG_20191215_110616.jpg,248.22,368.04,330.58,462.63,tomato
data/Laboro-Tomato/train/images/IMG_20191215_110616.jpg,309.60,394.98,347.59,430.72,tomato
data/Laboro-Tomato/train/images/IMG_20191215_110616.jpg,326.03,427.51,367.76,467.18,tomato
data/Laboro-Tomato/train/images/IMG_20191215_110616.jpg,205.62,343.12,237.44,379.07,tomato
data/Laboro-Tomato/train/images/IMG_20191215_110616.jpg,280.52,333.57,308.92,358.38,tomato
data/Laboro-Tomato/train/images/IMG_20191215_110616.jpg,305.50,319.71,334.91,346.75,tomato
data/Laboro-Tomato/train/images/IMG_20191215_110622.jpg,219.95,149.75,306.16,240.92,tomato
data/Laboro-Tomato/train/images/IMG_20191215_110622.jpg,293.24,208.81,377.86,280.50,tomato
data/Laboro-Tomato/train/images/IMG_20191215_110622.jpg,244.95,304.17,311.00,384.56,tomato
data/Laboro-Tomato/train/images/IMG_20191215_110622.jpg,123.14,331.52,204.06,415.33,tomato
data/Laboro-Tomato/train/images/IMG_20191215_110622.jpg,184.74,305.85,251.95,382.47,tomato
data/Laboro-Tomato/train/images/IMG_20191215_110622.jpg,165.56,408.65,200.64,445.95,tomato
data/Laboro-Tomato/train/images/IMG_20191215_110626.jpg,294.16,364.00,313.15,383.48,tomato
data/Laboro-Tomato/train/images/IMG_20191215_110626.jpg,218.15,335.28,312.71,447.73,tomato
data/Laboro-Tomato/train/images/IMG_20191215_110626.jpg,208.41,431.18,225.39,446.10,tomato
data/Laboro-Tomato/train/images/IMG_20191215_110626.jpg,225.86,320.33,283.32,359.49,tomato
data/Laboro-Tomato/train/images/IMG_20191215_110626.jpg,204.80,175.99,244.86,217.17,tomato
data/Laboro-Tomato/train/images/IMG_20191215_110626.jpg,66.83,130.07,86.72,140.95,tomato
data/Laboro-Tomato/train/images/IMG_20191215_110626.jpg,236.60,148.30,259.68,169.02,tomato
data/Laboro-Tomato/train/images/IMG_20191215_110626.jpg,212.11,141.28,238.64,163.71,tomato
data/Laboro-Tomato/train/images/IMG_20191215_110626.jpg,183.73,83.32,231.12,138.90,tomato
data/Laboro-Tomato/train/images/IMG_20191215_110626.jpg,235.73,100.41,295.44,155.48,tomato
data/Laboro-Tomato/train/images/IMG_20191215_110626.jpg,286.72,116.01,335.28,164.23,tomato
data/Laboro-Tomato/train/images/IMG_20191215_110626.jpg,302.61,71.54,348.29,120.95,tomato
data/Laboro-Tomato/train/images/IMG_20191215_110626.jpg,330.66,101.97,367.25,139.11,tomato
data/Laboro-Tomato/train/images/IMG_20191215_110629.jpg,166.34,184.15,226.75,240.71,tomato
data/Laboro-Tomato/train/images/IMG_20191215_110629.jpg,184.00,204.09,283.30,295.47,tomato
data/Laboro-Tomato/train/images/IMG_20191215_110629.jpg,256.63,228.72,369.95,385.94,tomato
data/Laboro-Tomato/train/images/IMG_20191215_110629.jpg,195.54,295.03,262.28,365.84,tomato
data/Laboro-Tomato/train/images/IMG_20191215_110636.jpg,135.57,238.23,259.77,362.65,tomato
data/Laboro-Tomato/train/images/IMG_20191215_110636.jpg,256.63,255.61,367.70,364.44,tomato
data/Laboro-Tomato/train/images/IMG_20191215_110636.jpg,219.06,340.04,310.24,417.17,tomato
data/Laboro-Tomato/train/images/IMG_20191215_110636.jpg,180.37,482.75,222.44,517.82,tomato
data/Laboro-Tomato/train/images/IMG_20191215_110638.jpg,219.53,240.27,330.83,341.85,tomato
data/Laboro-Tomato/train/images/IMG_20191215_110638.jpg,215.43,325.54,309.99,406.29,tomato
data/Laboro-Tomato/train/images/IMG_20191215_110638.jpg,172.25,307.67,235.14,377.34,tomato
data/Laboro-Tomato/train/images/IMG_20191215_110649.jpg,200.96,249.11,292.14,337.79,tomato
data/Laboro-Tomato/train/images/IMG_20191215_110649.jpg,120.89,282.13,214.55,377.80,tomato
data/Laboro-Tomato/train/images/IMG_20191215_110649.jpg,208.65,338.88,291.44,410.15,tomato
data/Laboro-Tomato/train/images/IMG_20191215_110654.jpg,203.91,53.59,295.09,145.22,tomato
data/Laboro-Tomato/train/images/IMG_20191215_110654.jpg,246.88,104.09,345.28,184.85,tomato
data/Laboro-Tomato/train/images/IMG_20191215_110654.jpg,193.05,378.30,270.75,464.08,tomato
data/Laboro-Tomato/train/images/IMG_20191215_110654.jpg,174.56,350.94,241.46,421.19,tomato
data/Laboro-Tomato/train/images/IMG_20191215_110654.jpg,244.02,349.39,323.12,431.03,tomato
data/Laboro-Tomato/train/images/IMG_20191215_110702.jpg,172.21,49.96,235.96,119.22,tomato
data/Laboro-Tomato/train/images/IMG_20191215_110702.jpg,227.68,75.96,289.26,142.63,tomato
data/Laboro-Tomato/train/images/IMG_20191215_110702.jpg,263.10,182.21,307.07,221.52,tomato
data/Laboro-Tomato/train/images/IMG_20191215_110702.jpg,244.27,206.45,270.96,235.20,tomato
data/Laboro-Tomato/train/images/IMG_20191215_110702.jpg,239.30,213.68,309.27,281.22,tomato
data/Laboro-Tomato/train/images/IMG_20191215_110702.jpg,177.04,194.48,251.79,266.33,tomato
data/Laboro-Tomato/train/images/IMG_20191215_110702.jpg,312.34,437.74,366.92,499.33,tomato
data/Laboro-Tomato/train/images/IMG_20191215_110702.jpg,341.20,397.15,401.46,462.73,tomato
data/Laboro-Tomato/train/images/IMG_20191215_110711.jpg,188.50,313.08,304.12,413.78,tomato
data/Laboro-Tomato/train/images/IMG_20191215_110711.jpg,125.63,476.43,177.41,517.61,tomato
data/Laboro-Tomato/train/images/IMG_20191215_110716.jpg,248.70,0.03,291.24,25.56,tomato
data/Laboro-Tomato/train/images/IMG_20191215_110716.jpg,287.40,0.00,382.62,52.73,tomato
data/Laboro-Tomato/train/images/IMG_20191215_110716.jpg,430.58,112.64,453.19,136.42,tomato
data/Laboro-Tomato/train/images/IMG_20191215_110716.jpg,223.82,251.57,290.33,313.99,tomato
data/Laboro-Tomato/train/images/IMG_20191215_110716.jpg,242.16,300.88,331.28,390.24,tomato
data/Laboro-Tomato/train/images/IMG_20191215_110716.jpg,167.25,279.62,259.09,369.44,tomato
data/Laboro-Tomato/train/images/IMG_20191215_110717.jpg,257.27,122.38,326.73,195.88,tomato
data/Laboro-Tomato/train/images/IMG_20191215_110717.jpg,190.12,91.61,260.47,172.16,tomato
data/Laboro-Tomato/train/images/IMG_20191215_110717.jpg,227.41,162.24,269.95,212.90,tomato
data/Laboro-Tomato/train/images/IMG_20191215_110717.jpg,257.52,183.04,310.01,231.88,tomato
data/Laboro-Tomato/train/images/IMG_20191215_110717.jpg,306.63,146.15,335.57,202.25,tomato
data/Laboro-Tomato/train/images/IMG_20191215_110717.jpg,213.97,357.01,266.85,406.42,tomato
data/Laboro-Tomato/train/images/IMG_20191215_110717.jpg,175.99,379.90,244.60,453.46,tomato
data/Laboro-Tomato/train/images/IMG_20191215_110717.jpg,231.76,394.09,301.73,468.69,tomato
data/Laboro-Tomato/train/images/IMG_20191215_110724.jpg,254.94,187.26,367.60,294.38,tomato
data/Laboro-Tomato/train/images/IMG_20191215_110724.jpg,124.40,207.48,258.43,340.04,tomato
data/Laboro-Tomato/train/images/IMG_20191215_110724.jpg,240.02,363.14,288.58,417.59,tomato
data/Laboro-Tomato/train/images/IMG_20191215_110724.jpg,207.23,387.72,258.74,446.57,tomato
data/Laboro-Tomato/train/images/IMG_20191215_110728.jpg,388.29,2.51,453.21,85.75,tomato
data/Laboro-Tomato/train/images/IMG_20191215_110728.jpg,291.44,0.00,369.49,78.74,tomato
data/Laboro-Tomato/train/images/IMG_20191215_110728.jpg,377.88,45.04,430.83,106.11,tomato
data/Laboro-Tomato/train/images/IMG_20191215_110728.jpg,292.80,55.43,360.67,113.13,tomato
data/Laboro-Tomato/train/images/IMG_20191215_110728.jpg,190.10,164.72,228.09,207.93,tomato
data/Laboro-Tomato/train/images/IMG_20191215_110728.jpg,264.53,260.37,376.97,375.73,tomato
data/Laboro-Tomato/train/images/IMG_20191215_110728.jpg,171.33,232.37,289.20,337.32,tomato
data/Laboro-Tomato/train/images/IMG_20191215_110730.jpg,65.00,311.76,88.08,347.03,tomato
data/Laboro-Tomato/train/images/IMG_20191215_110730.jpg,135.80,245.25,214.09,354.08,tomato
data/Laboro-Tomato/train/images/IMG_20191215_110730.jpg,193.71,181.69,313.60,299.53,tomato
data/Laboro-Tomato/train/images/IMG_20191215_110730.jpg,212.26,285.73,292.80,331.21,tomato
data/Laboro-Tomato/train/images/IMG_20191215_110730.jpg,310.90,197.49,345.75,226.24,tomato
data/Laboro-Tomato/train/images/IMG_20191215_110730.jpg,310.22,216.29,336.25,248.87,tomato
data/Laboro-Tomato/train/images/IMG_20191215_110730.jpg,189.88,320.33,309.11,422.58,tomato
data/Laboro-Tomato/train/images/IMG_20191215_110730.jpg,155.25,351.80,221.76,423.96,tomato
data/Laboro-Tomato/train/images/IMG_20191215_110734.jpg,135.24,82.21,189.94,152.45,tomato
data/Laboro-Tomato/train/images/IMG_20191215_110734.jpg,183.05,122.14,264.28,202.02,tomato
data/Laboro-Tomato/train/images/IMG_20191215_110734.jpg,252.66,176.85,301.65,223.67,tomato
data/Laboro-Tomato/train/images/IMG_20191215_110734.jpg,120.07,335.59,159.81,375.73,tomato
data/Laboro-Tomato/train/images/IMG_20191215_110734.jpg,76.01,328.93,123.22,374.00,tomato
data/Laboro-Tomato/train/images/IMG_20191215_110734.jpg,311.31,398.34,371.68,470.34,tomato
data/Laboro-Tomato/train/images/IMG_20191215_110734.jpg,325.26,376.74,412.20,464.08,tomato
data/Laboro-Tomato/train/images/IMG_20191215_110736.jpg,93.28,75.32,157.54,153.85,tomato
data/Laboro-Tomato/train/images/IMG_20191215_110736.jpg,151.19,119.45,240.12,204.30,tomato
data/Laboro-Tomato/train/images/IMG_20191215_110736.jpg,123.14,144.08,158.22,182.57,tomato
data/Laboro-Tomato/train/images/IMG_20191215_110736.jpg,229.02,175.99,280.38,223.28,tomato
data/Laboro-Tomato/train/images/IMG_20191215_110736.jpg,335.12,380.08,427.43,465.60,tomato
data/Laboro-Tomato/train/images/IMG_20191215_110736.jpg,315.00,398.16,381.04,471.25,tomato
data/Laboro-Tomato/train/images/IMG_20191215_110736.jpg,65.02,351.72,91.17,402.07,tomato
data/Laboro-Tomato/train/images/IMG_20191215_110736.jpg,88.82,353.66,133.65,397.95,tomato
data/Laboro-Tomato/train/images/IMG_20191215_110736.jpg,172.40,323.80,195.44,342.55,tomato
data/Laboro-Tomato/train/images/IMG_20191215_110740.jpg,65.45,221.94,154.14,312.64,tomato
data/Laboro-Tomato/train/images/IMG_20191215_110740.jpg,152.57,222.61,259.79,309.27,tomato
data/Laboro-Tomato/train/images/IMG_20191215_110740.jpg,128.58,268.97,175.86,312.64,tomato
data/Laboro-Tomato/train/images/IMG_20191215_110740.jpg,297.79,269.44,369.51,337.55,tomato
data/Laboro-Tomato/train/images/IMG_20191215_110740.jpg,259.54,318.75,324.69,387.28,tomato
data/Laboro-Tomato/train/images/IMG_20191215_110740.jpg,323.59,335.25,377.66,390.47,tomato
data/Laboro-Tomato/train/images/IMG_20191215_110740.jpg,140.87,471.72,185.78,517.66,tomato
data/Laboro-Tomato/train/images/IMG_20191215_110740.jpg,128.05,435.53,175.06,487.02,tomato
data/Laboro-Tomato/train/images/IMG_20191215_110743.jpg,227.48,277.66,268.45,317.06,tomato
data/Laboro-Tomato/train/images/IMG_20191215_110743.jpg,365.97,235.51,429.58,288.19,tomato
data/Laboro-Tomato/train/images/IMG_20191215_110743.jpg,67.11,337.34,123.31,388.08,tomato
data/Laboro-Tomato/train/images/IMG_20191215_110743.jpg,338.31,194.53,386.69,248.37,tomato
data/Laboro-Tomato/train/images/IMG_20191215_110743.jpg,389.41,182.06,440.53,234.74,tomato
data/Laboro-Tomato/train/images/IMG_20191215_110743.jpg,162.68,145.01,229.03,211.33,tomato
data/Laboro-Tomato/train/images/IMG_20191215_110743.jpg,211.86,125.86,267.29,187.90,tomato
data/Laboro-Tomato/train/images/IMG_20191215_110743.jpg,150.58,95.46,219.27,152.41,tomato
data/Laboro-Tomato/train/images/IMG_20191215_110747.jpg,0.00,264.92,69.62,326.23,tomato
data/Laboro-Tomato/train/images/IMG_20191215_110747.jpg,201.61,302.32,248.02,347.50,tomato
data/Laboro-Tomato/train/images/IMG_20191215_110747.jpg,375.45,238.12,442.27,297.63,tomato
data/Laboro-Tomato/train/images/IMG_20191215_110747.jpg,350.66,211.17,400.85,266.30,tomato
data/Laboro-Tomato/train/images/IMG_20191215_110747.jpg,402.05,204.70,457.21,257.46,tomato
data/Laboro-Tomato/train/images/IMG_20191215_110747.jpg,274.90,65.00,314.89,106.57,tomato
data/Laboro-Tomato/train/images/IMG_20191215_110747.jpg,205.72,100.53,266.80,145.01,tomato
data/Laboro-Tomato/train/images/IMG_20191215_110747.jpg,201.76,117.76,263.51,182.95,tomato
data/Laboro-Tomato/train/images/IMG_20191215_110747.jpg,253.66,140.54,300.08,181.92,tomato
data/Laboro-Tomato/train/images/IMG_20191215_110752.jpg,243.75,274.57,313.21,341.44,tomato
data/Laboro-Tomato/train/images/IMG_20191215_110752.jpg,139.94,169.00,226.65,257.42,tomato
data/Laboro-Tomato/train/images/IMG_20191215_110752.jpg,141.13,142.81,207.83,185.60,tomato
data/Laboro-Tomato/train/images/IMG_20191215_110752.jpg,194.82,199.61,253.83,266.69,tomato
data/Laboro-Tomato/train/images/IMG_20191215_110755.jpg,185.34,192.75,274.27,256.98,tomato
data/Laboro-Tomato/train/images/IMG_20191215_110755.jpg,252.10,78.48,267.25,93.19,tomato
data/Laboro-Tomato/train/images/IMG_20191215_110755.jpg,225.41,102.46,240.80,117.17,tomato
data/Laboro-Tomato/train/images/IMG_20191215_110755.jpg,271.64,255.92,307.39,293.89,tomato
data/Laboro-Tomato/train/images/IMG_20191215_110755.jpg,293.54,264.13,366.07,335.09,tomato
data/Laboro-Tomato/train/images/IMG_20191215_110755.jpg,255.91,280.37,271.29,295.75,tomato
data/Laboro-Tomato/train/images/IMG_20191215_110758.jpg,204.08,256.77,290.64,333.44,tomato
data/Laboro-Tomato/train/images/IMG_20191215_110758.jpg,212.26,330.79,294.89,407.46,tomato
data/Laboro-Tomato/train/images/IMG_20191215_110758.jpg,273.16,303.50,346.04,382.85,tomato
data/Laboro-Tomato/train/images/IMG_20191215_110806.jpg,252.59,55.04,402.12,201.06,tomato
data/Laboro-Tomato/train/images/IMG_20191215_110806.jpg,232.70,240.87,318.44,317.22,tomato
data/Laboro-Tomato/train/images/IMG_20191215_110806.jpg,155.15,280.63,247.03,373.09,tomato
data/Laboro-Tomato/train/images/IMG_20191215_110806.jpg,232.68,314.01,312.55,395.34,tomato
data/Laboro-Tomato/train/images/IMG_20191215_110809.jpg,91.94,128.52,162.07,193.68,tomato
data/Laboro-Tomato/train/images/IMG_20191215_110809.jpg,149.60,144.81,210.01,203.39,tomato
data/Laboro-Tomato/train/images/IMG_20191215_110809.jpg,333.55,152.03,395.75,201.55,tomato
data/Laboro-Tomato/train/images/IMG_20191215_110809.jpg,220.42,385.50,272.21,440.71,tomato
data/Laboro-Tomato/train/images/IMG_20191215_110812.jpg,199.17,191.38,246.45,244.99,tomato
data/Laboro-Tomato/train/images/IMG_20191215_110812.jpg,203.46,249.96,246.66,292.28,tomato
data/Laboro-Tomato/train/images/IMG_20191215_110812.jpg,217.72,267.62,276.54,336.16,tomato
data/Laboro-Tomato/train/images/IMG_20191215_110812.jpg,250.28,314.92,291.69,360.14,tomato
data/Laboro-Tomato/train/images/IMG_20191215_110812.jpg,280.15,466.04,341.22,517.84,tomato
data/Laboro-Tomato/train/images/IMG_20191215_110813.jpg,302.10,0.67,447.56,105.62,tomato
data/Laboro-Tomato/train/images/IMG_20191215_110813.jpg,65.21,331.42,86.93,353.59,tomato
data/Laboro-Tomato/train/images/IMG_20191215_110813.jpg,212.05,227.38,281.28,294.35,tomato
data/Laboro-Tomato/train/images/IMG_20191215_110813.jpg,319.74,287.75,386.25,354.47,tomato
data/Laboro-Tomato/train/images/IMG_20191215_110813.jpg,254.78,307.46,364.96,408.11,tomato
data/Laboro-Tomato/train/images/IMG_20191215_110813.jpg,209.06,292.00,276.27,358.72,tomato
data/Laboro-Tomato/train/images/IMG_20191215_110813.jpg,158.90,347.24,196.90,387.80,tomato
data/Laboro-Tomato/train/images/IMG_20191215_110815.jpg,70.46,352.91,114.55,392.28,tomato
data/Laboro-Tomato/train/images/IMG_20191215_110815.jpg,212.96,343.43,288.29,417.40,tomato
data/Laboro-Tomato/train/images/IMG_20191215_110815.jpg,200.97,272.60,275.64,348.59,tomato
data/Laboro-Tomato/train/images/IMG_20191215_110817.jpg,65.00,3.86,96.00,65.86,tomato
data/Laboro-Tomato/train/images/IMG_20191215_110817.jpg,254.12,212.20,334.00,294.09,tomato
data/Laboro-Tomato/train/images/IMG_20191215_110817.jpg,248.68,289.35,353.42,417.20,tomato
data/Laboro-Tomato/train/images/IMG_20191215_110817.jpg,185.80,328.52,256.39,414.92,tomato
data/Laboro-Tomato/train/images/IMG_20191215_110824.jpg,65.00,327.82,95.54,393.65,tomato
data/Laboro-Tomato/train/images/IMG_20191215_110824.jpg,178.34,275.55,285.14,384.59,tomato
data/Laboro-Tomato/train/images/IMG_20191215_110824.jpg,260.24,259.23,348.00,340.92,tomato
data/Laboro-Tomato/train/images/IMG_20191215_110824.jpg,179.45,333.00,210.22,359.26,tomato
data/Laboro-Tomato/train/images/IMG_20191215_110824.jpg,233.76,178.48,315.66,265.35,tomato
data/Laboro-Tomato/train/images/IMG_20191215_110829.jpg,333.10,183.24,373.59,206.09,tomato
data/Laboro-Tomato/train/images/IMG_20191215_110829.jpg,370.42,156.98,394.39,182.10,tomato
data/Laboro-Tomato/train/images/IMG_20191215_110829.jpg,253.68,304.74,343.92,393.42,tomato
data/Laboro-Tomato/train/images/IMG_20191215_110829.jpg,184.91,219.66,262.96,294.30,tomato
data/Laboro-Tomato/train/images/IMG_20191215_110829.jpg,161.60,282.57,236.46,356.54,tomato
data/Laboro-Tomato/train/images/IMG_20191215_110831.jpg,166.24,196.35,246.43,275.34,tomato
data/Laboro-Tomato/train/images/IMG_20191215_110831.jpg,239.69,208.65,313.15,278.89,tomato
data/Laboro-Tomato/train/images/IMG_20191215_110831.jpg,196.37,338.56,253.44,395.34,tomato
data/Laboro-Tomato/train/images/IMG_20191215_110834.jpg,185.57,205.41,268.83,288.66,tomato
data/Laboro-Tomato/train/images/IMG_20191215_110834.jpg,227.66,282.80,314.77,371.95,tomato
data/Laboro-Tomato/train/images/IMG_20191215_110834.jpg,148.94,307.64,229.47,387.52,tomato
data/Laboro-Tomato/train/images/IMG_20191215_110834.jpg,303.01,317.17,388.06,399.53,tomato
data/Laboro-Tomato/train/images/IMG_20191215_110838.jpg,34.91,224.42,59.98,250.41,tomato
data/Laboro-Tomato/train/images/IMG_20191215_110838.jpg,56.31,223.97,87.80,252.49,tomato
data/Laboro-Tomato/train/images/IMG_20191215_110838.jpg,224.24,189.30,293.55,261.37,tomato
data/Laboro-Tomato/train/images/IMG_20191215_110838.jpg,165.37,207.54,259.80,296.51,tomato
data/Laboro-Tomato/train/images/IMG_20191215_110838.jpg,103.50,357.50,135.41,383.38,tomato
data/Laboro-Tomato/train/images/IMG_20191215_110838.jpg,94.87,343.88,123.00,370.96,tomato
data/Laboro-Tomato/train/images/IMG_20191215_110842.jpg,190.35,53.59,295.98,164.91,tomato
data/Laboro-Tomato/train/images/IMG_20191215_110842.jpg,298.24,56.33,430.13,182.36,tomato
data/Laboro-Tomato/train/images/IMG_20191215_110842.jpg,193.71,137.09,227.20,189.35,tomato
data/Laboro-Tomato/train/images/IMG_20191215_110842.jpg,264.51,139.60,345.52,217.40,tomato
data/Laboro-Tomato/train/images/IMG_20191215_110842.jpg,203.21,324.84,314.75,425.74,tomato
data/Laboro-Tomato/train/images/IMG_20191215_110842.jpg,101.67,354.26,208.43,456.72,tomato
data/Laboro-Tomato/train/images/IMG_20191215_110842.jpg,191.92,392.98,234.66,439.34,tomato
data/Laboro-Tomato/train/images/IMG_20191215_110842.jpg,413.39,381.43,452.74,407.69,tomato
data/Laboro-Tomato/train/images/IMG_20191215_110842.jpg,370.65,356.51,412.49,380.29,tomato
data/Laboro-Tomato/train/images/IMG_20191215_110844.jpg,233.53,207.93,343.48,314.01,tomato
data/Laboro-Tomato/train/images/IMG_20191215_110844.jpg,166.83,277.80,278.79,384.82,tomato
data/Laboro-Tomato/train/images/IMG_20191215_110847.jpg,331.49,124.19,404.80,199.97,tomato
data/Laboro-Tomato/train/images/IMG_20191215_110847.jpg,318.61,184.85,367.49,248.41,tomato
data/Laboro-Tomato/train/images/IMG_20191215_110847.jpg,252.55,180.78,338.29,285.52,tomato
data/Laboro-Tomato/train/images/IMG_20191215_110847.jpg,230.58,255.24,275.41,301.61,tomato
data/Laboro-Tomato/train/images/IMG_20191215_110847.jpg,240.84,298.50,283.26,365.58,tomato
data/Laboro-Tomato/train/images/IMG_20191215_110847.jpg,185.77,283.29,263.27,365.76,tomato
data/Laboro-Tomato/train/images/IMG_20191215_110847.jpg,181.51,254.70,232.64,307.74,tomato
data/Laboro-Tomato/train/images/IMG_20191215_110847.jpg,90.33,384.36,124.36,418.23,tomato
data/Laboro-Tomato/train/images/IMG_20191215_110850.jpg,197.40,249.05,327.24,372.03,tomato
data/Laboro-Tomato/train/images/IMG_20191215_110853.jpg,96.00,223.59,222.73,344.44,tomato
data/Laboro-Tomato/train/images/IMG_20191215_110853.jpg,186.43,267.47,307.29,394.74,tomato
data/Laboro-Tomato/train/images/IMG_20191215_110853.jpg,293.55,265.99,387.18,351.15,tomato
data/Laboro-Tomato/train/images/IMG_20191215_110853.jpg,120.61,481.66,209.00,517.66,tomato
data/Laboro-Tomato/train/images/IMG_20191215_110856.jpg,102.35,234.14,207.99,336.39,tomato
data/Laboro-Tomato/train/images/IMG_20191215_110856.jpg,196.90,277.13,301.64,333.70,tomato
data/Laboro-Tomato/train/images/IMG_20191215_110856.jpg,280.13,286.19,368.83,372.39,tomato
data/Laboro-Tomato/train/images/IMG_20191215_110856.jpg,175.63,316.47,312.03,452.45,tomato
data/Laboro-Tomato/train/images/IMG_20191215_110856.jpg,120.87,451.57,187.84,517.61,tomato
data/Laboro-Tomato/train/images/IMG_20191215_110856.jpg,185.14,443.15,245.09,490.91,tomato
data/Laboro-Tomato/train/images/IMG_20191215_110859.jpg,262.03,243.64,375.59,366.46,tomato
data/Laboro-Tomato/train/images/IMG_20191215_110859.jpg,187.82,266.98,268.36,366.74,tomato
data/Laboro-Tomato/train/images/IMG_20191215_110901.jpg,138.97,247.47,238.27,347.71,tomato
data/Laboro-Tomato/train/images/IMG_20191215_110901.jpg,196.43,321.26,296.66,424.66,tomato
data/Laboro-Tomato/train/images/IMG_20191215_110901.jpg,345.67,140.12,372.59,167.47,tomato
data/Laboro-Tomato/train/images/IMG_20191215_110902.jpg,94.86,328.02,218.59,457.89,tomato
data/Laboro-Tomato/train/images/IMG_20191215_110902.jpg,206.84,272.60,355.71,433.23,tomato
data/Laboro-Tomato/train/images/IMG_20191215_110902.jpg,283.32,166.30,394.86,297.51,tomato
data/Laboro-Tomato/train/images/IMG_20191215_110902.jpg,194.20,188.68,292.60,286.64,tomato
data/Laboro-Tomato/train/images/IMG_20191215_110904.jpg,231.28,97.95,333.30,206.53,tomato
data/Laboro-Tomato/train/images/IMG_20191215_110904.jpg,167.27,130.30,242.37,211.99,tomato
data/Laboro-Tomato/train/images/IMG_20191215_110904.jpg,191.59,345.69,249.60,408.31,tomato
data/Laboro-Tomato/train/images/IMG_20191215_110904.jpg,236.41,380.08,297.48,437.74,tomato
data/Laboro-Tomato/train/images/IMG_20191215_110907.jpg,204.12,231.44,275.37,305.21,tomato
data/Laboro-Tomato/train/images/IMG_20191215_110907.jpg,270.40,244.55,319.27,312.41,tomato
data/Laboro-Tomato/train/images/IMG_20191215_110907.jpg,247.32,287.52,303.66,346.10,tomato
data/Laboro-Tomato/train/images/IMG_20191215_110907.jpg,186.95,278.74,235.59,325.56,tomato
data/Laboro-Tomato/train/images/IMG_20191215_110910.jpg,242.14,92.98,310.47,161.98,tomato
data/Laboro-Tomato/train/images/IMG_20191215_110910.jpg,84.23,307.23,183.30,411.76,tomato
data/Laboro-Tomato/train/images/IMG_20191215_110910.jpg,142.37,297.46,197.81,363.09,tomato
data/Laboro-Tomato/train/images/IMG_20191215_110910.jpg,205.95,313.57,259.09,364.91,tomato
data/Laboro-Tomato/train/images/IMG_20191215_110910.jpg,248.94,331.18,288.52,380.96,tomato
data/Laboro-Tomato/train/images/IMG_20191215_110910.jpg,174.71,348.85,249.15,424.63,tomato
data/Laboro-Tomato/train/images/IMG_20191215_110910.jpg,251.42,382.10,290.54,429.40,tomato
data/Laboro-Tomato/train/images/IMG_20191215_110911.jpg,169.53,207.93,244.86,283.04,tomato
data/Laboro-Tomato/train/images/IMG_20191215_110911.jpg,160.26,259.93,215.89,312.66,tomato
data/Laboro-Tomato/train/images/IMG_20191215_110911.jpg,239.86,285.29,288.97,327.82,tomato
data/Laboro-Tomato/train/images/IMG_20191215_110911.jpg,191.90,316.26,277.41,380.76,tomato
data/Laboro-Tomato/train/images/IMG_20191215_110911.jpg,218.83,366.28,268.83,392.28,tomato
data/Laboro-Tomato/train/images/IMG_20191215_110911.jpg,160.71,400.65,207.99,467.62,tomato
data/Laboro-Tomato/train/images/IMG_20191215_110911.jpg,110.01,424.40,151.85,490.70,tomato
data/Laboro-Tomato/train/images/IMG_20191215_110911.jpg,133.53,312.64,143.94,326.68,tomato
data/Laboro-Tomato/train/images/IMG_20191215_110913.jpg,227.43,78.48,307.31,156.07,tomato
data/Laboro-Tomato/train/images/IMG_20191215_110913.jpg,307.07,110.41,342.58,144.34,tomato
data/Laboro-Tomato/train/images/IMG_20191215_110913.jpg,332.64,159.93,368.38,197.69,tomato
data/Laboro-Tomato/train/images/IMG_20191215_110913.jpg,197.01,420.62,216.67,441.65,tomato
data/Laboro-Tomato/train/images/IMG_20191215_110913.jpg,182.25,372.42,227.70,419.81,tomato
data/Laboro-Tomato/train/images/IMG_20191215_110913.jpg,144.88,372.39,192.66,431.23,tomato
data/Laboro-Tomato/train/images/IMG_20191215_110913.jpg,151.95,423.13,210.77,480.16,tomato
data/Laboro-Tomato/train/images/IMG_20191215_110918.jpg,107.69,183.24,192.44,258.65,tomato
data/Laboro-Tomato/train/images/IMG_20191215_110918.jpg,27.74,155.77,121.86,239.34,tomato
data/Laboro-Tomato/train/images/IMG_20191215_110918.jpg,277.78,302.66,314.50,332.77,tomato
data/Laboro-Tomato/train/images/IMG_20191215_110918.jpg,396.19,239.94,462.55,307.93,tomato
data/Laboro-Tomato/train/images/IMG_20191215_110918.jpg,347.34,251.58,420.33,327.76,tomato
data/Laboro-Tomato/train/images/IMG_20191215_110918.jpg,455.22,250.64,484.43,273.45,tomato
data/Laboro-Tomato/train/images/IMG_20191215_110921.jpg,101.87,154.49,184.39,239.08,tomato
data/Laboro-Tomato/train/images/IMG_20191215_110921.jpg,194.06,144.83,268.11,220.05,tomato
data/Laboro-Tomato/train/images/IMG_20191215_110921.jpg,194.64,203.08,231.24,235.25,tomato
data/Laboro-Tomato/train/images/IMG_20191215_110921.jpg,287.11,235.87,326.89,284.72,tomato
data/Laboro-Tomato/train/images/IMG_20191215_110921.jpg,271.02,203.65,316.40,244.94,tomato
data/Laboro-Tomato/train/images/IMG_20191215_110921.jpg,254.63,246.41,296.20,286.51,tomato
data/Laboro-Tomato/train/images/IMG_20191215_110921.jpg,256.96,332.14,283.30,367.26,tomato
data/Laboro-Tomato/train/images/IMG_20191215_110921.jpg,220.09,385.08,268.96,426.94,tomato
data/Laboro-Tomato/train/images/IMG_20191215_110921.jpg,202.55,410.28,276.01,494.25,tomato
data/Laboro-Tomato/train/images/IMG_20191215_110926.jpg,170.94,323.05,264.57,415.82,tomato
data/Laboro-Tomato/train/images/IMG_20191215_110926.jpg,111.81,446.26,153.38,489.56,tomato
data/Laboro-Tomato/train/images/IMG_20191215_110926.jpg,282.72,321.63,387.77,413.52,tomato
data/Laboro-Tomato/train/images/IMG_20191215_110926.jpg,217.49,237.63,313.76,347.09,tomato
data/Laboro-Tomato/train/images/IMG_20191215_110926.jpg,163.62,135.77,297.93,264.54,tomato
data/Laboro-Tomato/train/images/IMG_20191215_110926.jpg,295.59,197.51,426.09,332.71,tomato
data/Laboro-Tomato/train/images/IMG_20191215_110929.jpg,280.15,91.40,410.92,209.04,tomato
data/Laboro-Tomato/train/images/IMG_20191215_110929.jpg,233.32,82.80,306.39,173.50,tomato
data/Laboro-Tomato/train/images/IMG_20191215_110929.jpg,197.81,342.27,260.71,401.99,tomato
data/Laboro-Tomato/train/images/IMG_20191215_110929.jpg,205.02,394.77,269.27,464.90,tomato
data/Laboro-Tomato/train/images/IMG_20191215_110929.jpg,188.52,398.83,219.95,456.07,tomato
data/Laboro-Tomato/train/images/IMG_20191215_110931.jpg,313.41,55.87,410.22,157.45,tomato
data/Laboro-Tomato/train/images/IMG_20191215_110931.jpg,229.26,400.44,295.30,463.79,tomato
data/Laboro-Tomato/train/images/IMG_20191215_110931.jpg,276.07,376.15,327.43,433.18,tomato
data/Laboro-Tomato/train/images/IMG_20191215_110935.jpg,110.39,267.99,165.60,316.79,tomato
data/Laboro-Tomato/train/images/IMG_20191215_110935.jpg,192.31,212.11,301.76,311.99,tomato
data/Laboro-Tomato/train/images/IMG_20191215_110935.jpg,214.17,171.51,267.05,215.29,tomato
data/Laboro-Tomato/train/images/IMG_20191215_110935.jpg,172.00,191.13,239.50,283.94,tomato
data/Laboro-Tomato/train/images/IMG_20191215_110935.jpg,261.82,200.04,332.74,281.01,tomato
data/Laboro-Tomato/train/images/IMG_20191215_110935.jpg,318.65,205.73,376.82,263.19,tomato
data/Laboro-Tomato/train/images/IMG_20191215_110935.jpg,292.85,263.21,379.51,337.34,tomato
data/Laboro-Tomato/train/images/IMG_20191215_110937.jpg,174.64,213.10,288.34,315.66,tomato
data/Laboro-Tomato/train/images/IMG_20191215_110937.jpg,116.73,214.61,202.98,293.63,tomato
data/Laboro-Tomato/train/images/IMG_20191215_110943.jpg,285.78,18.54,329.92,67.86,tomato
data/Laboro-Tomato/train/images/IMG_20191215_110943.jpg,271.33,9.95,306.84,59.47,tomato
data/Laboro-Tomato/train/images/IMG_20191215_110943.jpg,319.95,1.84,346.64,32.14,tomato
data/Laboro-Tomato/train/images/IMG_20191215_110943.jpg,237.18,129.86,287.84,187.57,tomato
data/Laboro-Tomato/train/images/IMG_20191215_110943.jpg,274.71,166.28,330.58,221.50,tomato
data/Laboro-Tomato/train/images/IMG_20191215_110943.jpg,299.17,196.37,335.80,232.12,tomato
data/Laboro-Tomato/train/images/IMG_20191215_110943.jpg,185.59,428.46,234.46,480.94,tomato
data/Laboro-Tomato/train/images/IMG_20191215_110946.jpg,264.51,99.56,330.36,161.10,tomato
data/Laboro-Tomato/train/images/IMG_20191215_110946.jpg,404.10,30.74,431.26,57.01,tomato
data/Laboro-Tomato/train/images/IMG_20191215_110946.jpg,407.75,55.19,433.98,81.66,tomato
data/Laboro-Tomato/train/images/IMG_20191215_110946.jpg,433.51,52.27,453.21,77.86,tomato
data/Laboro-Tomato/train/images/IMG_20191215_110946.jpg,181.04,308.57,242.58,365.14,tomato
data/Laboro-Tomato/train/images/IMG_20191215_110946.jpg,188.08,349.52,267.72,431.21,tomato
data/Laboro-Tomato/train/images/IMG_20191215_110950.jpg,320.40,0.00,427.39,95.44,tomato
data/Laboro-Tomato/train/images/IMG_20191215_110950.jpg,365.21,97.98,406.82,163.82,tomato
data/Laboro-Tomato/train/images/IMG_20191215_110950.jpg,390.54,98.65,441.01,163.14,tomato
data/Laboro-Tomato/train/images/IMG_20191215_110950.jpg,206.39,220.82,274.73,272.62,tomato
data/Laboro-Tomato/train/images/IMG_20191215_110950.jpg,290.56,227.56,364.53,280.29,tomato
data/Laboro-Tomato/train/images/IMG_20191215_110950.jpg,227.45,258.56,382.19,394.53,tomato
data/Laboro-Tomato/train/images/IMG_20191215_110950.jpg,187.16,270.34,247.58,346.80,tomato
data/Laboro-Tomato/train/images/IMG_20191215_110956.jpg,370.19,0.03,442.33,31.47,tomato
data/Laboro-Tomato/train/images/IMG_20191215_110956.jpg,228.71,254.00,308.43,329.78,tomato
data/Laboro-Tomato/train/images/IMG_20191215_110956.jpg,153.44,274.23,228.54,359.91,tomato
data/Laboro-Tomato/train/images/IMG_20191215_110956.jpg,215.85,319.04,285.16,388.97,tomato
data/Laboro-Tomato/train/images/IMG_20191215_110958.jpg,88.31,347.91,134.46,389.10,tomato
data/Laboro-Tomato/train/images/IMG_20191215_110958.jpg,348.24,207.67,415.64,273.04,tomato
data/Laboro-Tomato/train/images/IMG_20191215_110958.jpg,295.98,195.00,353.91,253.38,tomato
data/Laboro-Tomato/train/images/IMG_20191215_110958.jpg,213.00,337.35,252.12,375.73,tomato
data/Laboro-Tomato/train/images/IMG_20191215_111006.jpg,304.10,33.00,316.34,79.62,tomato
data/Laboro-Tomato/train/images/IMG_20191215_111006.jpg,278.56,50.22,307.07,84.15,tomato
data/Laboro-Tomato/train/images/IMG_20191215_111006.jpg,356.14,166.93,399.34,211.73,tomato
data/Laboro-Tomato/train/images/IMG_20191215_111006.jpg,245.96,138.46,340.99,217.20,tomato
data/Laboro-Tomato/train/images/IMG_20191215_111006.jpg,240.31,200.47,333.74,284.38,tomato
data/Laboro-Tomato/train/images/IMG_20191215_111006.jpg,167.47,306.86,218.94,367.26,tomato
data/Laboro-Tomato/train/images/IMG_20191215_111006.jpg,200.64,331.68,265.64,403.16,tomato
data/Laboro-Tomato/train/images/IMG_20191215_111006.jpg,235.01,386.95,301.91,448.69,tomato
data/Laboro-Tomato/train/images/IMG_20191215_111006.jpg,283.78,387.96,312.03,430.90,tomato
data/Laboro-Tomato/train/images/IMG_20191215_111007.jpg,243.73,311.73,322.25,385.50,tomato
data/Laboro-Tomato/train/images/IMG_20191215_111007.jpg,170.42,321.00,248.70,399.95,tomato
data/Laboro-Tomato/train/images/IMG_20191215_111007.jpg,207.31,276.02,301.40,349.31,tomato
data/Laboro-Tomato/train/images/IMG_20191215_111017.jpg,267.47,169.23,348.47,255.43,tomato
data/Laboro-Tomato/train/images/IMG_20191215_111017.jpg,301.85,234.60,374.69,295.10,tomato
data/Laboro-Tomato/train/images/IMG_20191215_111017.jpg,271.82,342.66,291.83,364.21,tomato
data/Laboro-Tomato/train/images/IMG_20191215_111017.jpg,141.48,387.65,211.45,464.46,tomato
data/Laboro-Tomato/train/images/IMG_20191215_111017.jpg,75.76,433.98,104.20,461.64,tomato
data/Laboro-Tomato/train/images/IMG_20191215_111017.jpg,101.75,418.31,126.07,444.16,tomato
data/Laboro-Tomato/train/images/IMG_20191215_111017.jpg,93.19,442.66,119.95,468.51,tomato
data/Laboro-Tomato/train/images/IMG_20191215_111017.jpg,76.27,467.83,112.47,505.08,tomato
data/Laboro-Tomato/train/images/IMG_20191215_111017.jpg,363.81,154.60,375.04,165.42,tomato
data/Laboro-Tomato/train/images/IMG_20191215_111044.jpg,131.80,332.48,160.36,363.40,tomato
data/Laboro-Tomato/train/images/IMG_20191215_111044.jpg,147.11,306.06,197.26,356.67,tomato
data/Laboro-Tomato/train/images/IMG_20191215_111044.jpg,113.91,234.63,187.80,298.29,tomato
data/Laboro-Tomato/train/images/IMG_20191215_111044.jpg,93.77,223.26,140.12,267.81,tomato
data/Laboro-Tomato/train/images/IMG_20191215_111044.jpg,70.96,198.08,114.28,238.90,tomato
data/Laboro-Tomato/train/images/IMG_20191215_111044.jpg,141.24,217.74,186.11,253.95,tomato
data/Laboro-Tomato/train/images/IMG_20191215_111044.jpg,325.02,149.52,430.62,249.75,tomato
data/Laboro-Tomato/train/images/IMG_20191215_111044.jpg,240.54,141.18,329.63,227.01,tomato
data/Laboro-Tomato/train/images/IMG_20191215_111044.jpg,200.80,0.18,281.72,88.29,tomato
data/Laboro-Tomato/train/images/IMG_20191215_111044.jpg,242.72,0.36,291.63,38.49,tomato
data/Laboro-Tomato/train/images/IMG_20191215_111044.jpg,281.38,22.09,335.96,82.13,tomato
data/Laboro-Tomato/train/images/IMG_20191215_111044.jpg,332.54,21.03,379.59,68.07,tomato
data/Laboro-Tomato/train/images/IMG_20191215_111044.jpg,343.81,47.86,379.74,72.00,tomato
data/Laboro-Tomato/train/images/IMG_20191215_111044.jpg,316.63,59.16,345.38,90.13,tomato
data/Laboro-Tomato/train/images/IMG_20191215_111044.jpg,201.83,36.42,228.87,76.61,tomato
data/Laboro-Tomato/train/images/IMG_20191215_111047.jpg,185.14,0.00,214.09,20.12,tomato
data/Laboro-Tomato/train/images/IMG_20191215_111047.jpg,113.64,283.04,200.97,378.04,tomato
data/Laboro-Tomato/train/images/IMG_20191215_111047.jpg,65.02,254.29,153.01,352.91,tomato
data/Laboro-Tomato/train/images/IMG_20191215_111047.jpg,161.37,241.83,239.42,306.32,tomato
data/Laboro-Tomato/train/images/IMG_20191215_111047.jpg,196.90,276.46,321.99,379.64,tomato
data/Laboro-Tomato/train/images/IMG_20191215_111047.jpg,299.81,353.79,384.42,442.27,tomato
data/Laboro-Tomato/train/images/IMG_20191215_111047.jpg,117.87,450.25,168.85,506.50,tomato
data/Laboro-Tomato/train/images/IMG_20191215_111049.jpg,160.20,395.83,202.90,440.33,tomato
data/Laboro-Tomato/train/images/IMG_20191215_111049.jpg,127.65,255.40,252.32,381.64,tomato
data/Laboro-Tomato/train/images/IMG_20191215_111049.jpg,236.25,278.50,321.10,370.34,tomato
data/Laboro-Tomato/train/images/IMG_20191215_111049.jpg,212.49,201.14,292.56,284.85,tomato
data/Laboro-Tomato/train/images/IMG_20191215_111051.jpg,64.98,40.51,86.93,83.71,tomato
data/Laboro-Tomato/train/images/IMG_20191215_111051.jpg,83.28,153.04,120.46,187.59,tomato
data/Laboro-Tomato/train/images/IMG_20191215_111051.jpg,101.17,171.95,137.84,199.04,tomato
data/Laboro-Tomato/train/images/IMG_20191215_111051.jpg,74.19,218.70,108.03,246.36,tomato
data/Laboro-Tomato/train/images/IMG_20191215_111051.jpg,108.14,248.74,140.12,278.37,tomato
data/Laboro-Tomato/train/images/IMG_20191215_111051.jpg,101.97,278.27,132.46,309.35,tomato
data/Laboro-Tomato/train/images/IMG_20191215_111051.jpg,139.15,253.20,159.39,276.30,tomato
data/Laboro-Tomato/train/images/IMG_20191215_111051.jpg,115.19,265.53,154.59,306.03,tomato
data/Laboro-Tomato/train/images/IMG_20191215_111051.jpg,107.64,308.96,129.82,329.32,tomato
data/Laboro-Tomato/train/images/IMG_20191215_111051.jpg,109.89,327.66,129.04,343.87,tomato
data/Laboro-Tomato/train/images/IMG_20191215_111051.jpg,123.76,327.63,142.45,348.25,tomato
data/Laboro-Tomato/train/images/IMG_20191215_111051.jpg,186.97,410.39,227.96,451.57,tomato
data/Laboro-Tomato/train/images/IMG_20191215_111051.jpg,160.67,379.75,200.18,423.67,tomato
data/Laboro-Tomato/train/images/IMG_20191215_111051.jpg,193.83,364.15,241.46,411.19,tomato
data/Laboro-Tomato/train/images/IMG_20191215_111051.jpg,147.67,299.64,226.31,376.25,tomato
data/Laboro-Tomato/train/images/IMG_20191215_111051.jpg,217.06,280.96,284.42,351.62,tomato
data/Laboro-Tomato/train/images/IMG_20191215_111051.jpg,216.88,116.83,259.66,158.22,tomato
data/Laboro-Tomato/train/images/IMG_20191215_111051.jpg,229.41,125.72,314.42,213.16,tomato
data/Laboro-Tomato/train/images/IMG_20191215_111051.jpg,300.90,115.80,382.48,191.58,tomato
data/Laboro-Tomato/train/images/IMG_20191215_111051.jpg,254.20,0.00,285.51,23.62,tomato
data/Laboro-Tomato/train/images/IMG_20191215_111055.jpg,360.22,79.20,433.96,139.81,tomato
data/Laboro-Tomato/train/images/IMG_20191215_111055.jpg,332.64,106.76,368.85,139.81,tomato
data/Laboro-Tomato/train/images/IMG_20191215_111055.jpg,288.27,47.03,364.96,129.40,tomato
data/Laboro-Tomato/train/images/IMG_20191215_111055.jpg,66.81,192.07,124.96,257.24,tomato
data/Laboro-Tomato/train/images/IMG_20191215_111055.jpg,129.01,229.16,192.37,282.31,tomato
data/Laboro-Tomato/train/images/IMG_20191215_111055.jpg,183.53,273.74,232.64,333.46,tomato
data/Laboro-Tomato/train/images/IMG_20191215_111055.jpg,230.03,274.02,264.46,299.61,tomato
data/Laboro-Tomato/train/images/IMG_20191215_111055.jpg,221.39,295.86,288.10,362.52,tomato
data/Laboro-Tomato/train/images/IMG_20191215_111055.jpg,240.47,321.26,297.93,379.69,tomato
data/Laboro-Tomato/train/images/IMG_20191215_111055.jpg,111.45,391.37,151.42,429.55,tomato
data/Laboro-Tomato/train/images/IMG_20191215_111055.jpg,120.77,427.38,141.32,449.49,tomato
data/Laboro-Tomato/train/images/IMG_20191215_111055.jpg,132.00,419.63,165.37,450.92,tomato
data/Laboro-Tomato/train/images/IMG_20191215_111059.jpg,235.80,111.09,270.19,147.50,tomato
data/Laboro-Tomato/train/images/IMG_20191215_111059.jpg,219.99,126.11,249.71,160.14,tomato
data/Laboro-Tomato/train/images/IMG_20191215_111059.jpg,88.41,165.86,110.44,192.80,tomato
data/Laboro-Tomato/train/images/IMG_20191215_111059.jpg,99.81,184.49,127.16,209.30,tomato
data/Laboro-Tomato/train/images/IMG_20191215_111059.jpg,122.61,178.01,146.24,200.44,tomato
data/Laboro-Tomato/train/images/IMG_20191215_111059.jpg,193.28,170.60,300.51,273.53,tomato
data/Laboro-Tomato/train/images/IMG_20191215_111059.jpg,126.54,240.22,262.28,374.85,tomato
data/Laboro-Tomato/train/images/IMG_20191215_111059.jpg,242.14,263.35,330.13,369.44,tomato
data/Laboro-Tomato/train/images/IMG_20191215_111059.jpg,412.32,95.21,449.54,143.07,tomato
data/Laboro-Tomato/train/images/IMG_20191215_111103.jpg,211.11,268.06,311.58,368.97,tomato
data/Laboro-Tomato/train/images/IMG_20191215_111103.jpg,186.39,224.27,261.33,300.78,tomato
data/Laboro-Tomato/train/images/IMG_20191215_111103.jpg,128.71,278.97,214.11,367.29,tomato
data/Laboro-Tomato/train/images/IMG_20191215_111103.jpg,65.21,362.57,78.38,402.51,tomato
data/Laboro-Tomato/train/images/IMG_20191215_111103.jpg,65.19,396.79,102.57,455.22,tomato
data/Laboro-Tomato/train/images/IMG_20191215_111108.jpg,133.76,155.87,256.61,293.86,tomato
data/Laboro-Tomato/train/images/IMG_20191215_111108.jpg,244.18,194.35,308.43,276.92,tomato
data/Laboro-Tomato/train/images/IMG_20191215_111108.jpg,417.02,287.98,453.23,347.50,tomato
data/Laboro-Tomato/train/images/IMG_20191215_111108.jpg,114.55,307.87,164.32,356.51,tomato
data/Laboro-Tomato/train/images/IMG_20191215_111108.jpg,79.70,334.60,124.96,378.48,tomato
data/Laboro-Tomato/train/images/IMG_20191215_111110.jpg,315.45,79.62,411.60,173.27,tomato
data/Laboro-Tomato/train/images/IMG_20191215_111110.jpg,147.15,224.68,189.46,260.89,tomato
data/Laboro-Tomato/train/images/IMG_20191215_111110.jpg,115.58,243.33,161.89,292.07,tomato
data/Laboro-Tomato/train/images/IMG_20191215_111110.jpg,157.11,258.07,190.60,290.39,tomato
data/Laboro-Tomato/train/images/IMG_20191215_111110.jpg,132.13,284.07,170.83,316.91,tomato
data/Laboro-Tomato/train/images/IMG_20191215_111110.jpg,276.34,359.21,321.49,407.95,tomato
data/Laboro-Tomato/train/images/IMG_20191215_111110.jpg,243.24,357.11,278.44,395.65,tomato
data/Laboro-Tomato/train/images/IMG_20191215_111110.jpg,227.45,384.56,270.38,426.31,tomato
data/Laboro-Tomato/train/images/IMG_20191215_111110.jpg,253.48,396.94,298.74,447.40,tomato
data/Laboro-Tomato/train/images/IMG_20191215_111114.jpg,265.47,117.92,347.98,203.65,tomato
data/Laboro-Tomato/train/images/IMG_20191215_111114.jpg,346.82,139.01,419.39,209.82,tomato
data/Laboro-Tomato/train/images/IMG_20191215_111114.jpg,302.61,194.59,367.87,255.76,tomato
data/Laboro-Tomato/train/images/IMG_20191215_111114.jpg,173.57,359.96,225.35,411.76,tomato
data/Laboro-Tomato/train/images/IMG_20191215_111114.jpg,161.00,260.76,199.62,297.33,tomato
data/Laboro-Tomato/train/images/IMG_20191215_111114.jpg,195.83,260.17,218.94,290.88,tomato
data/Laboro-Tomato/train/images/IMG_20191215_111114.jpg,155.11,237.92,197.26,266.61,tomato
data/Laboro-Tomato/train/images/IMG_20191215_111114.jpg,117.37,208.65,149.85,238.18,tomato
data/Laboro-Tomato/train/images/IMG_20191215_111114.jpg,113.27,203.39,127.92,217.43,tomato
data/Laboro-Tomato/train/images/IMG_20191215_111114.jpg,128.50,187.31,160.09,215.70,tomato
data/Laboro-Tomato/train/images/IMG_20191215_111114.jpg,149.29,188.76,200.22,239.11,tomato
data/Laboro-Tomato/train/images/IMG_20191215_111114.jpg,180.87,185.83,209.27,220.07,tomato
data/Laboro-Tomato/train/images/IMG_20191215_111114.jpg,204.86,196.35,222.73,212.15,tomato
data/Laboro-Tomato/train/images/IMG_20191215_111116.jpg,210.03,114.71,263.41,180.34,tomato
data/Laboro-Tomato/train/images/IMG_20191215_111116.jpg,231.94,134.40,303.66,205.41,tomato
data/Laboro-Tomato/train/images/IMG_20191215_111116.jpg,103.93,251.10,175.18,311.03,tomato
data/Laboro-Tomato/train/images/IMG_20191215_111116.jpg,121.12,287.08,201.19,361.98,tomato
data/Laboro-Tomato/train/images/IMG_20191215_111116.jpg,117.02,325.74,142.35,361.95,tomato
data/Laboro-Tomato/train/images/IMG_20191215_111116.jpg,130.60,354.75,193.03,403.60,tomato
data/Laboro-Tomato/train/images/IMG_20191215_111116.jpg,348.80,341.96,395.50,384.90,tomato
data/Laboro-Tomato/train/images/IMG_20191215_111116.jpg,327.24,357.70,366.40,397.54,tomato
data/Laboro-Tomato/train/images/IMG_20191215_111116.jpg,355.62,383.53,401.81,430.56,tomato
data/Laboro-Tomato/train/images/IMG_20191215_111116.jpg,321.60,395.83,365.04,441.67,tomato
data/Laboro-Tomato/train/images/IMG_20191215_111119.jpg,101.01,297.36,177.00,371.90,tomato
data/Laboro-Tomato/train/images/IMG_20191215_111119.jpg,178.95,312.07,241.11,379.77,tomato
data/Laboro-Tomato/train/images/IMG_20191215_111119.jpg,406.37,330.67,453.38,387.18,tomato
data/Laboro-Tomato/train/images/IMG_20191215_111119.jpg,291.65,165.24,371.53,226.16,tomato
data/Laboro-Tomato/train/images/IMG_20191215_111119.jpg,250.43,167.81,297.83,192.62,tomato
data/Laboro-Tomato/train/images/IMG_20191215_111119.jpg,240.68,179.44,309.44,255.37,tomato
data/Laboro-Tomato/train/images/IMG_20191215_111119.jpg,284.83,215.36,316.65,244.42,tomato
data/Laboro-Tomato/train/images/IMG_20191215_111119.jpg,305.35,211.45,363.50,260.86,tomato
data/Laboro-Tomato/train/images/IMG_20191215_111121.jpg,137.46,170.91,182.37,211.68,tomato
data/Laboro-Tomato/train/images/IMG_20191215_111121.jpg,65.12,355.30,82.68,374.77,tomato
data/Laboro-Tomato/train/images/IMG_20191215_111121.jpg,78.97,344.65,97.96,362.42,tomato
data/Laboro-Tomato/train/images/IMG_20191215_111121.jpg,150.94,288.37,197.17,335.72,tomato
data/Laboro-Tomato/train/images/IMG_20191215_111121.jpg,146.33,320.43,181.41,353.28,tomato
data/Laboro-Tomato/train/images/IMG_20191215_111121.jpg,158.59,396.68,188.74,426.83,tomato
data/Laboro-Tomato/train/images/IMG_20191215_111121.jpg,194.33,379.41,259.91,447.11,tomato
data/Laboro-Tomato/train/images/IMG_20191215_111121.jpg,257.68,385.91,312.88,445.17,tomato
data/Laboro-Tomato/train/images/IMG_20191215_111121.jpg,223.94,431.23,286.25,500.65,tomato
data/Laboro-Tomato/train/images/IMG_20191215_111121.jpg,182.77,471.28,208.53,497.38,tomato
data/Laboro-Tomato/train/images/IMG_20191215_111121.jpg,357.00,48.74,435.09,126.55,tomato
data/Laboro-Tomato/train/images/IMG_20191215_111121.jpg,309.42,112.79,352.20,185.78,tomato
data/Laboro-Tomato/train/images/IMG_20191215_111121.jpg,279.49,131.62,295.96,180.11,tomato
data/Laboro-Tomato/train/images/IMG_20191215_111121.jpg,355.21,144.83,383.65,168.14,tomato
data/Laboro-Tomato/train/images/IMG_20191215_111121.jpg,173.45,285.34,202.86,333.05,tomato
data/Laboro-Tomato/train/images/IMG_20191215_111121.jpg,70.15,226.08,94.74,247.68,tomato
data/Laboro-Tomato/train/images/IMG_20191215_111121.jpg,79.49,213.65,96.04,233.07,tomato
data/Laboro-Tomato/train/images/IMG_20191215_111126.jpg,160.20,456.72,191.24,488.94,tomato
data/Laboro-Tomato/train/images/IMG_20191215_111126.jpg,142.47,423.59,176.73,463.95,tomato
data/Laboro-Tomato/train/images/IMG_20191215_111126.jpg,176.36,426.21,207.79,462.68,tomato
data/Laboro-Tomato/train/images/IMG_20191215_111126.jpg,212.82,376.28,263.80,436.16,tomato
data/Laboro-Tomato/train/images/IMG_20191215_111126.jpg,195.13,389.72,227.72,436.91,tomato
data/Laboro-Tomato/train/images/IMG_20191215_111126.jpg,242.10,337.19,285.42,383.76,tomato
data/Laboro-Tomato/train/images/IMG_20191215_111126.jpg,205.71,340.58,242.31,381.20,tomato
data/Laboro-Tomato/train/images/IMG_20191215_111126.jpg,203.15,368.38,227.86,389.98,tomato
data/Laboro-Tomato/train/images/IMG_20191215_111126.jpg,66.42,416.86,86.74,437.32,tomato
data/Laboro-Tomato/train/images/IMG_20191215_111126.jpg,89.96,330.85,127.22,371.35,tomato
data/Laboro-Tomato/train/images/IMG_20191215_111126.jpg,65.00,318.21,93.05,346.39,tomato
data/Laboro-Tomato/train/images/IMG_20191215_111126.jpg,78.69,338.18,94.35,365.68,tomato
data/Laboro-Tomato/train/images/IMG_20191215_111126.jpg,180.58,192.20,201.25,218.98,tomato
data/Laboro-Tomato/train/images/IMG_20191215_111126.jpg,225.16,241.57,264.51,279.95,tomato
data/Laboro-Tomato/train/images/IMG_20191215_111126.jpg,236.76,213.26,270.63,253.77,tomato
data/Laboro-Tomato/train/images/IMG_20191215_111126.jpg,263.85,200.57,299.95,232.17,tomato
data/Laboro-Tomato/train/images/IMG_20191215_111126.jpg,277.78,93.68,318.96,137.66,tomato
data/Laboro-Tomato/train/images/IMG_20191215_111126.jpg,256.20,46.10,306.36,104.95,tomato
data/Laboro-Tomato/train/images/IMG_20191215_111126.jpg,295.24,60.94,324.03,100.88,tomato
data/Laboro-Tomato/train/images/IMG_20191215_111126.jpg,242.18,15.90,272.21,59.62,tomato
data/Laboro-Tomato/train/images/IMG_20191215_111137.jpg,124.73,142.27,223.37,233.90,tomato
data/Laboro-Tomato/train/images/IMG_20191215_111137.jpg,65.00,78.27,80.85,121.47,tomato
data/Laboro-Tomato/train/images/IMG_20191215_111137.jpg,77.00,135.28,104.82,165.58,tomato
data/Laboro-Tomato/train/images/IMG_20191215_111137.jpg,65.23,159.49,88.31,185.08,tomato
data/Laboro-Tomato/train/images/IMG_20191215_111137.jpg,65.00,231.44,96.31,260.86,tomato
data/Laboro-Tomato/train/images/IMG_20191215_111137.jpg,144.53,217.25,208.01,252.16,tomato
data/Laboro-Tomato/train/images/IMG_20191215_111137.jpg,65.16,257.26,76.27,276.28,tomato
data/Laboro-Tomato/train/images/IMG_20191215_111137.jpg,346.24,309.63,411.58,375.16,tomato
data/Laboro-Tomato/train/images/IMG_20191215_111137.jpg,303.99,346.08,392.76,432.27,tomato
data/Laboro-Tomato/train/images/IMG_20191215_111144.jpg,128.81,246.41,244.39,368.14,tomato
data/Laboro-Tomato/train/images/IMG_20191215_111144.jpg,218.07,314.89,323.12,404.71,tomato
data/Laboro-Tomato/train/images/IMG_20191215_111144.jpg,207.50,229.45,294.14,316.63,tomato
data/Laboro-Tomato/train/images/IMG_20191215_111146.jpg,152.10,168.32,305.71,333.00,tomato
data/Laboro-Tomato/train/images/IMG_20191215_111146.jpg,233.08,308.34,357.29,415.10,tomato
data/Laboro-Tomato/train/images/IMG_20191215_111149.jpg,162.28,359.52,254.35,459.03,tomato
data/Laboro-Tomato/train/images/IMG_20191215_111149.jpg,204.84,332.32,269.84,394.95,tomato
data/Laboro-Tomato/train/images/IMG_20191215_111149.jpg,175.35,289.61,237.40,356.85,tomato
data/Laboro-Tomato/train/images/IMG_20191215_111149.jpg,216.28,160.50,328.87,270.58,tomato
data/Laboro-Tomato/train/images/IMG_20191215_111149.jpg,292.27,156.80,369.04,242.17,tomato
data/Laboro-Tomato/train/images/IMG_20191215_111154.jpg,65.02,299.07,94.20,365.11,tomato
data/Laboro-Tomato/train/images/IMG_20191215_111154.jpg,185.26,332.12,279.70,437.94,tomato
data/Laboro-Tomato/train/images/IMG_20191215_111154.jpg,250.94,298.19,327.24,382.15,tomato
data/Laboro-Tomato/train/images/IMG_20191215_111157.jpg,242.14,175.76,330.83,268.07,tomato
data/Laboro-Tomato/train/images/IMG_20191215_111157.jpg,197.11,208.57,232.19,237.32,tomato
data/Laboro-Tomato/train/images/IMG_20191215_111157.jpg,197.34,230.51,268.17,289.56,tomato
data/Laboro-Tomato/train/images/IMG_20191215_111157.jpg,219.53,490.49,292.84,517.84,tomato
data/Laboro-Tomato/train/images/IMG_20191215_111157.jpg,393.03,426.24,452.98,498.19,tomato
data/Laboro-Tomato/train/images/IMG_20191215_111157.jpg,417.02,457.65,453.23,517.84,tomato
data/Laboro-Tomato/train/images/IMG_20191215_111200.jpg,110.45,0.00,163.37,47.58,tomato
data/Laboro-Tomato/train/images/IMG_20191215_111200.jpg,79.55,17.12,121.86,59.03,tomato
data/Laboro-Tomato/train/images/IMG_20191215_111200.jpg,245.59,109.56,370.50,242.17,tomato
data/Laboro-Tomato/train/images/IMG_20191215_111200.jpg,177.04,311.65,256.06,389.82,tomato
data/Laboro-Tomato/train/images/IMG_20191215_111200.jpg,127.28,288.22,198.45,359.91,tomato
data/Laboro-Tomato/train/images/IMG_20191215_111202.jpg,200.08,343.49,241.73,384.82,tomato
data/Laboro-Tomato/train/images/IMG_20191215_111202.jpg,201.69,276.09,283.94,358.04,tomato
data/Laboro-Tomato/train/images/IMG_20191215_111202.jpg,282.02,265.09,368.88,352.99,tomato
data/Laboro-Tomato/train/images/IMG_20191215_111202.jpg,192.19,287.54,214.96,309.40,tomato
data/Laboro-Tomato/train/images/IMG_20191215_111202.jpg,157.83,197.82,257.64,285.26,tomato
data/Laboro-Tomato/train/images/IMG_20191215_111202.jpg,65.00,76.59,85.67,107.82,tomato
data/Laboro-Tomato/train/images/IMG_20191215_111202.jpg,76.60,142.53,129.24,182.98,tomato
data/Laboro-Tomato/train/images/IMG_20191215_111202.jpg,65.87,161.38,98.47,195.31,tomato
data/Laboro-Tomato/train/images/IMG_20191215_111202.jpg,88.48,194.25,112.14,211.97,tomato
data/Laboro-Tomato/train/images/IMG_20191215_111202.jpg,103.38,208.57,120.79,224.79,tomato
data/Laboro-Tomato/train/images/IMG_20191215_111202.jpg,119.90,119.74,158.28,158.84,tomato
data/Laboro-Tomato/train/images/IMG_20191215_111202.jpg,389.01,0.00,453.03,49.96,tomato
data/Laboro-Tomato/train/images/IMG_20191215_111204.jpg,291.20,244.57,379.90,326.68,tomato
data/Laboro-Tomato/train/images/IMG_20191215_111204.jpg,220.65,253.38,296.68,327.61,tomato
data/Laboro-Tomato/train/images/IMG_20191215_111204.jpg,217.91,198.86,287.38,259.47,tomato
data/Laboro-Tomato/train/images/IMG_20191215_111206.jpg,256.74,156.15,360.75,255.56,tomato
data/Laboro-Tomato/train/images/IMG_20191215_111206.jpg,197.23,236.08,316.61,334.45,tomato
data/Laboro-Tomato/train/images/IMG_20191215_111206.jpg,124.21,279.88,182.02,328.77,tomato
data/Laboro-Tomato/train/images/IMG_20191215_111206.jpg,150.37,298.34,228.89,363.35,tomato
data/Laboro-Tomato/train/images/IMG_20191215_111206.jpg,105.21,326.42,184.93,403.03,tomato
data/Laboro-Tomato/train/images/IMG_20191215_111206.jpg,169.00,361.98,222.38,416.37,tomato
data/Laboro-Tomato/train/images/IMG_20191215_111206.jpg,119.22,399.09,160.28,438.93,tomato
data/Laboro-Tomato/train/images/IMG_20191215_111208.jpg,314.03,142.24,453.03,255.79,tomato
data/Laboro-Tomato/train/images/IMG_20191215_111208.jpg,224.19,119.40,325.16,219.79,tomato
data/Laboro-Tomato/train/images/IMG_20191215_111208.jpg,156.28,212.17,202.24,244.08,tomato
data/Laboro-Tomato/train/images/IMG_20191215_111208.jpg,150.72,224.45,205.46,279.46,tomato
data/Laboro-Tomato/train/images/IMG_20191215_111208.jpg,167.12,262.81,214.24,301.71,tomato
data/Laboro-Tomato/train/images/IMG_20191215_111208.jpg,315.49,228.52,414.67,314.87,tomato
data/Laboro-Tomato/train/images/IMG_20191215_111208.jpg,242.62,212.74,333.07,299.66,tomato
data/Laboro-Tomato/train/images/IMG_20191215_111208.jpg,170.05,136.67,228.87,204.27,tomato
data/Laboro-Tomato/train/images/IMG_20191215_111208.jpg,119.16,106.84,194.06,180.86,tomato
data/Laboro-Tomato/train/images/IMG_20191215_111211.jpg,98.04,8.13,126.99,60.14,tomato
data/Laboro-Tomato/train/images/IMG_20191215_111211.jpg,353.21,7.90,383.08,38.20,tomato
data/Laboro-Tomato/train/images/IMG_20191215_111211.jpg,186.25,146.80,245.54,195.91,tomato
data/Laboro-Tomato/train/images/IMG_20191215_111211.jpg,196.22,169.20,260.90,231.21,tomato
data/Laboro-Tomato/train/images/IMG_20191215_111211.jpg,327.65,182.60,394.82,249.11,tomato
data/Laboro-Tomato/train/images/IMG_20191215_111211.jpg,309.09,214.69,375.37,281.66,tomato
data/Laboro-Tomato/train/images/IMG_20191215_111211.jpg,114.77,196.81,150.98,244.11,tomato
data/Laboro-Tomato/train/images/IMG_20191215_111211.jpg,65.00,197.05,113.87,241.18,tomato
data/Laboro-Tomato/train/images/IMG_20191215_111211.jpg,335.34,248.17,392.33,304.53,tomato
data/Laboro-Tomato/train/images/IMG_20191215_111211.jpg,172.42,265.40,236.76,324.81,tomato
data/Laboro-Tomato/train/images/IMG_20191215_111211.jpg,124.21,281.69,173.00,339.70,tomato
data/Laboro-Tomato/train/images/IMG_20191215_111211.jpg,99.42,312.95,123.82,335.59,tomato
data/Laboro-Tomato/train/images/IMG_20191215_111211.jpg,150.98,300.21,204.28,349.78,tomato
data/Laboro-Tomato/train/images/IMG_20191215_111211.jpg,182.35,485.81,216.26,517.66,tomato
data/Laboro-Tomato/train/images/IMG_20191215_111211.jpg,188.93,455.92,218.07,486.84,tomato
data/Laboro-Tomato/train/images/IMG_20191215_111213.jpg,228.79,88.22,333.06,185.70,tomato
data/Laboro-Tomato/train/images/IMG_20191215_111213.jpg,324.03,104.27,392.14,185.29,tomato
data/Laboro-Tomato/train/images/IMG_20191215_111213.jpg,412.05,87.10,444.84,114.50,tomato
data/Laboro-Tomato/train/images/IMG_20191215_111213.jpg,228.33,345.69,282.17,417.43,tomato
data/Laboro-Tomato/train/images/IMG_20191215_111213.jpg,170.65,359.28,253.44,445.69,tomato
data/Laboro-Tomato/train/images/IMG_20191215_111213.jpg,98.47,480.96,137.82,517.64,tomato
data/Laboro-Tomato/train/images/IMG_20191215_111213.jpg,421.55,250.25,452.98,286.19,tomato
data/Laboro-Tomato/train/images/IMG_20191215_111213.jpg,402.98,245.01,429.90,273.50,tomato
data/Laboro-Tomato/train/images/IMG_20191215_111213.jpg,401.19,270.37,428.11,293.21,tomato
data/Laboro-Tomato/train/images/IMG_20191215_111215.jpg,255.03,9.71,327.88,81.66,tomato
data/Laboro-Tomato/train/images/IMG_20191215_111215.jpg,269.06,49.55,346.41,138.90,tomato
data/Laboro-Tomato/train/images/IMG_20191215_111215.jpg,256.86,80.76,334.68,154.73,tomato
data/Laboro-Tomato/train/images/IMG_20191215_111215.jpg,210.59,308.24,239.15,335.43,tomato
data/Laboro-Tomato/train/images/IMG_20191215_111215.jpg,163.50,393.63,218.09,444.08,tomato
data/Laboro-Tomato/train/images/IMG_20191215_111215.jpg,220.32,407.64,272.15,466.12,tomato
data/Laboro-Tomato/train/images/IMG_20191215_111215.jpg,161.13,413.80,251.46,505.85,tomato
data/Laboro-Tomato/train/images/IMG_20191215_111216.jpg,338.06,96.58,374.69,136.62,tomato
data/Laboro-Tomato/train/images/IMG_20191215_111216.jpg,86.72,120.15,129.69,155.43,tomato
data/Laboro-Tomato/train/images/IMG_20191215_111216.jpg,65.23,128.26,96.47,162.86,tomato
data/Laboro-Tomato/train/images/IMG_20191215_111216.jpg,191.69,121.50,319.04,245.04,tomato
data/Laboro-Tomato/train/images/IMG_20191215_111216.jpg,324.93,127.61,352.32,151.80,tomato
data/Laboro-Tomato/train/images/IMG_20191215_111216.jpg,287.14,200.41,376.97,284.12,tomato
data/Laboro-Tomato/train/images/IMG_20191215_111216.jpg,64.98,249.57,78.38,264.91,tomato
data/Laboro-Tomato/train/images/IMG_20191215_111216.jpg,96.82,243.80,124.79,270.58,tomato
data/Laboro-Tomato/train/images/IMG_20191215_111216.jpg,121.97,247.24,137.16,264.65,tomato
data/Laboro-Tomato/train/images/IMG_20191215_111216.jpg,181.63,370.97,230.27,424.37,tomato
data/Laboro-Tomato/train/images/IMG_20191215_111219.jpg,237.61,137.74,350.28,229.84,tomato
data/Laboro-Tomato/train/images/IMG_20191215_111219.jpg,257.29,201.11,371.55,304.25,tomato
data/Laboro-Tomato/train/images/IMG_20191215_111219.jpg,168.67,395.67,207.33,428.36,tomato
data/Laboro-Tomato/train/images/IMG_20191215_111219.jpg,168.30,414.50,229.37,479.67,tomato
data/Laboro-Tomato/train/images/IMG_20191215_111222.jpg,288.06,0.00,314.28,22.61,tomato
data/Laboro-Tomato/train/images/IMG_20191215_111222.jpg,228.56,0.23,302.53,89.59,tomato
data/Laboro-Tomato/train/images/IMG_20191215_111222.jpg,252.78,59.03,312.73,134.81,tomato
data/Laboro-Tomato/train/images/IMG_20191215_111222.jpg,223.14,98.39,275.86,156.77,tomato
data/Laboro-Tomato/train/images/IMG_20191215_111222.jpg,71.08,152.24,107.48,187.26,tomato
data/Laboro-Tomato/train/images/IMG_20191215_111222.jpg,89.40,161.10,126.77,198.50,tomato
data/Laboro-Tomato/train/images/IMG_20191215_111222.jpg,65.21,213.23,90.58,242.92,tomato
data/Laboro-Tomato/train/images/IMG_20191215_111222.jpg,65.00,239.63,73.86,254.96,tomato
data/Laboro-Tomato/train/images/IMG_20191215_111222.jpg,112.61,0.39,145.67,32.87,tomato
data/Laboro-Tomato/train/images/IMG_20191215_111222.jpg,219.43,198.68,238.31,220.49,tomato
data/Laboro-Tomato/train/images/IMG_20191215_111222.jpg,215.27,216.96,232.60,231.73,tomato
data/Laboro-Tomato/train/images/IMG_20191215_111222.jpg,115.95,236.83,151.34,268.32,tomato
data/Laboro-Tomato/train/images/IMG_20191215_111222.jpg,139.94,245.32,166.13,272.47,tomato
data/Laboro-Tomato/train/images/IMG_20191215_111222.jpg,303.64,240.77,363.43,293.50,tomato
data/Laboro-Tomato/train/images/IMG_20191215_111222.jpg,243.81,246.08,308.34,307.67,tomato
data/Laboro-Tomato/train/images/IMG_20191215_111222.jpg,283.96,294.46,347.28,354.08,tomato
data/Laboro-Tomato/train/images/IMG_20191215_111222.jpg,253.05,395.80,320.15,471.95,tomato
data/Laboro-Tomato/train/images/IMG_20191215_111222.jpg,211.17,387.96,263.89,447.16,tomato
data/Laboro-Tomato/train/images/IMG_20191215_111222.jpg,221.58,443.80,276.48,504.77,tomato
data/Laboro-Tomato/train/images/IMG_20191215_111222.jpg,184.72,457.58,217.23,494.72,tomato
data/Laboro-Tomato/train/images/IMG_20191215_111222.jpg,65.00,356.98,72.54,373.92,tomato
data/Laboro-Tomato/train/images/IMG_20191215_111222.jpg,313.87,209.56,344.33,237.58,tomato
data/Laboro-Tomato/train/images/IMG_20191215_111226.jpg,268.83,138.00,397.77,263.56,tomato
data/Laboro-Tomato/train/images/IMG_20191215_111226.jpg,131.06,113.78,283.32,249.75,tomato
data/Laboro-Tomato/train/images/IMG_20191215_111226.jpg,375.37,231.65,409.33,271.02,tomato
data/Laboro-Tomato/train/images/IMG_20191215_111226.jpg,360.90,268.51,395.75,291.14,tomato
data/Laboro-Tomato/train/images/IMG_20191215_111226.jpg,167.25,374.62,266.79,461.95,tomato
data/Laboro-Tomato/train/images/IMG_20191215_111228.jpg,263.85,30.30,385.80,143.64,tomato
data/Laboro-Tomato/train/images/IMG_20191215_111228.jpg,292.82,137.74,426.31,248.38,tomato
data/Laboro-Tomato/train/images/IMG_20191215_111228.jpg,150.66,148.46,208.24,183.58,tomato
data/Laboro-Tomato/train/images/IMG_20191215_111228.jpg,123.74,162.42,216.13,255.09,tomato
data/Laboro-Tomato/train/images/IMG_20191215_111228.jpg,209.52,180.29,258.55,240.22,tomato
data/Laboro-Tomato/train/images/IMG_20191215_111228.jpg,155.89,228.31,230.44,288.24,tomato
data/Laboro-Tomato/train/images/IMG_20191215_111228.jpg,193.57,343.62,235.18,387.70,tomato
data/Laboro-Tomato/train/images/IMG_20191215_111228.jpg,140.02,331.13,181.74,367.34,tomato
data/Laboro-Tomato/train/images/IMG_20191215_111228.jpg,116.65,357.32,159.04,398.03,tomato
data/Laboro-Tomato/train/images/IMG_20191215_111228.jpg,139.59,322.79,181.86,349.68,tomato
data/Laboro-Tomato/train/images/IMG_20191215_111230.jpg,215.91,15.18,247.81,55.89,tomato
data/Laboro-Tomato/train/images/IMG_20191215_111230.jpg,306.16,78.74,437.59,193.21,tomato
data/Laboro-Tomato/train/images/IMG_20191215_111230.jpg,284.00,100.21,340.33,196.81,tomato
data/Laboro-Tomato/train/images/IMG_20191215_111230.jpg,65.00,344.31,83.34,381.40,tomato
data/Laboro-Tomato/train/images/IMG_20191215_111230.jpg,192.58,367.62,243.48,420.36,tomato
data/Laboro-Tomato/train/images/IMG_20191215_111230.jpg,181.06,416.29,239.22,476.22,tomato
data/Laboro-Tomato/train/images/IMG_20191215_111230.jpg,229.26,396.55,272.93,445.20,tomato
data/Laboro-Tomato/train/images/IMG_20191215_111232.jpg,278.09,0.03,349.34,47.53,tomato
data/Laboro-Tomato/train/images/IMG_20191215_111232.jpg,274.03,32.79,339.65,84.38,tomato
data/Laboro-Tomato/train/images/IMG_20191215_111232.jpg,282.40,47.27,353.89,128.02,tomato
data/Laboro-Tomato/train/images/IMG_20191215_111232.jpg,302.55,98.83,350.29,154.26,tomato
data/Laboro-Tomato/train/images/IMG_20191215_111232.jpg,145.98,175.78,186.27,216.03,tomato
data/Laboro-Tomato/train/images/IMG_20191215_111232.jpg,108.69,194.77,145.09,231.44,tomato
data/Laboro-Tomato/train/images/IMG_20191215_111232.jpg,144.64,206.32,182.40,234.81,tomato
data/Laboro-Tomato/train/images/IMG_20191215_111232.jpg,166.11,255.43,198.24,287.33,tomato
data/Laboro-Tomato/train/images/IMG_20191215_111232.jpg,131.51,259.05,185.36,307.23,tomato
data/Laboro-Tomato/train/images/IMG_20191215_111232.jpg,243.94,236.65,327.86,313.78,tomato
data/Laboro-Tomato/train/images/IMG_20191215_111232.jpg,325.63,221.73,403.91,303.63,tomato
data/Laboro-Tomato/train/images/IMG_20191215_111232.jpg,65.31,324.55,89.40,351.33,tomato
data/Laboro-Tomato/train/images/IMG_20191215_111232.jpg,65.14,347.45,80.02,366.36,tomato
data/Laboro-Tomato/train/images/IMG_20191215_111232.jpg,71.27,347.47,103.09,374.10,tomato
data/Laboro-Tomato/train/images/IMG_20191215_111232.jpg,80.31,362.68,104.70,385.73,tomato
data/Laboro-Tomato/train/images/IMG_20191215_111232.jpg,152.02,376.77,177.90,402.51,tomato
data/Laboro-Tomato/train/images/IMG_20191215_111232.jpg,208.10,424.37,254.22,473.32,tomato
data/Laboro-Tomato/train/images/IMG_20191215_111232.jpg,234.27,444.75,275.76,490.86,tomato
data/Laboro-Tomato/train/images/IMG_20191215_111234.jpg,287.38,126.47,384.89,239.13,tomato
data/Laboro-Tomato/train/images/IMG_20191215_111234.jpg,239.44,188.91,320.63,274.90,tomato
data/Laboro-Tomato/train/images/IMG_20191215_111234.jpg,150.72,183.48,241.90,278.48,tomato
data/Laboro-Tomato/train/images/IMG_20191215_111234.jpg,219.31,292.77,280.15,342.29,tomato
data/Laboro-Tomato/train/images/IMG_20191215_111234.jpg,179.26,315.15,291.69,423.52,tomato
data/Laboro-Tomato/train/images/IMG_20191215_111234.jpg,176.38,484.10,218.96,517.82,tomato
data/Laboro-Tomato/train/images/IMG_20191215_111236.jpg,120.89,124.22,280.60,264.70,tomato
data/Laboro-Tomato/train/images/IMG_20191215_111236.jpg,246.45,237.06,313.85,355.84,tomato
data/Laboro-Tomato/train/images/IMG_20191215_111236.jpg,176.99,247.03,296.45,356.75,tomato
data/Laboro-Tomato/train/images/IMG_20191215_111236.jpg,282.17,299.51,391.65,409.22,tomato
data/Laboro-Tomato/train/images/IMG_20191215_111239.jpg,192.39,136.16,289.20,235.04,tomato
data/Laboro-Tomato/train/images/IMG_20191215_111239.jpg,235.34,229.86,292.80,255.19,tomato
data/Laboro-Tomato/train/images/IMG_20191215_111239.jpg,103.25,175.78,242.37,319.22,tomato
data/Laboro-Tomato/train/images/IMG_20191215_111239.jpg,196.66,249.99,340.33,424.86,tomato
data/Laboro-Tomato/train/images/IMG_20191215_111241.jpg,178.93,119.04,203.91,142.66,tomato
data/Laboro-Tomato/train/images/IMG_20191215_111241.jpg,132.58,114.79,161.99,148.98,tomato
data/Laboro-Tomato/train/images/IMG_20191215_111241.jpg,112.73,129.34,141.13,157.21,tomato
data/Laboro-Tomato/train/images/IMG_20191215_111241.jpg,133.59,145.61,156.86,168.51,tomato
data/Laboro-Tomato/train/images/IMG_20191215_111241.jpg,142.19,216.73,165.27,238.28,tomato
data/Laboro-Tomato/train/images/IMG_20191215_111241.jpg,127.76,229.53,153.21,257.81,tomato
data/Laboro-Tomato/train/images/IMG_20191215_111241.jpg,158.26,230.59,188.91,259.13,tomato
data/Laboro-Tomato/train/images/IMG_20191215_111241.jpg,172.85,210.18,198.57,234.58,tomato
data/Laboro-Tomato/train/images/IMG_20191215_111241.jpg,130.91,288.29,150.68,305.54,tomato
data/Laboro-Tomato/train/images/IMG_20191215_111241.jpg,132.70,302.41,152.32,319.09,tomato
data/Laboro-Tomato/train/images/IMG_20191215_111241.jpg,279.04,292.90,307.91,320.10,tomato
data/Laboro-Tomato/train/images/IMG_20191215_111241.jpg,291.26,317.72,310.45,334.96,tomato
data/Laboro-Tomato/train/images/IMG_20191215_111241.jpg,259.85,311.34,295.40,349.73,tomato
data/Laboro-Tomato/train/images/IMG_20191215_111241.jpg,285.73,333.05,319.80,376.61,tomato
data/Laboro-Tomato/train/images/IMG_20191215_111241.jpg,408.30,416.03,444.31,452.03,tomato
data/Laboro-Tomato/train/images/IMG_20191215_111241.jpg,427.20,448.61,453.38,478.09,tomato
data/Laboro-Tomato/train/images/IMG_20191215_111241.jpg,381.51,125.07,429.92,173.50,tomato
data/Laboro-Tomato/train/images/IMG_20191215_111241.jpg,322.17,69.44,342.56,93.11,tomato
data/Laboro-Tomato/train/images/IMG_20191215_111241.jpg,322.19,108.75,332.13,118.13,tomato
data/Laboro-Tomato/train/images/IMG_20191215_111241.jpg,307.15,81.64,329.61,106.19,tomato
data/Laboro-Tomato/train/images/IMG_20191215_111241.jpg,65.00,231.13,73.47,244.08,tomato
data/Laboro-Tomato/train/images/IMG_20191215_111248.jpg,314.90,80.21,388.29,149.99,tomato
data/Laboro-Tomato/train/images/IMG_20191215_111248.jpg,293.73,81.92,333.24,122.27,tomato
data/Laboro-Tomato/train/images/IMG_20191215_111248.jpg,288.78,117.15,339.90,168.48,tomato
data/Laboro-Tomato/train/images/IMG_20191215_111248.jpg,190.74,146.78,229.24,177.08,tomato
data/Laboro-Tomato/train/images/IMG_20191215_111248.jpg,228.34,167.44,265.99,216.39,tomato
data/Laboro-Tomato/train/images/IMG_20191215_111248.jpg,175.31,159.93,234.17,214.69,tomato
data/Laboro-Tomato/train/images/IMG_20191215_111248.jpg,179.78,201.84,219.99,229.55,tomato
data/Laboro-Tomato/train/images/IMG_20191215_111248.jpg,96.49,408.83,125.90,437.89,tomato
data/Laboro-Tomato/train/images/IMG_20191215_111248.jpg,114.59,379.41,145.56,411.89,tomato
data/Laboro-Tomato/train/images/IMG_20191215_111248.jpg,130.70,332.37,173.82,372.73,tomato
data/Laboro-Tomato/train/images/IMG_20191215_111248.jpg,152.06,351.85,191.92,390.34,tomato
data/Laboro-Tomato/train/images/IMG_20191215_111248.jpg,352.20,310.13,377.18,324.01,tomato
data/Laboro-Tomato/train/images/IMG_20191215_111248.jpg,374.60,313.39,395.65,328.62,tomato
data/Laboro-Tomato/train/images/IMG_20191215_111250.jpg,298.26,136.67,341.92,179.41,tomato
data/Laboro-Tomato/train/images/IMG_20191215_111250.jpg,302.55,175.11,344.86,212.87,tomato
data/Laboro-Tomato/train/images/IMG_20191215_111250.jpg,350.74,194.56,375.61,217.87,tomato
data/Laboro-Tomato/train/images/IMG_20191215_111250.jpg,331.26,212.20,358.18,237.74,tomato
data/Laboro-Tomato/train/images/IMG_20191215_111250.jpg,214.77,212.46,243.28,245.25,tomato
data/Laboro-Tomato/train/images/IMG_20191215_111250.jpg,171.78,202.23,222.01,252.68,tomato
data/Laboro-Tomato/train/images/IMG_20191215_111250.jpg,153.25,219.89,167.04,242.27,tomato
data/Laboro-Tomato/train/images/IMG_20191215_111250.jpg,203.01,241.39,244.86,274.64,tomato
data/Laboro-Tomato/train/images/IMG_20191215_111250.jpg,352.30,238.44,364.96,249.52,tomato
data/Laboro-Tomato/train/images/IMG_20191215_111250.jpg,250.51,362.21,296.43,409.92,tomato
data/Laboro-Tomato/train/images/IMG_20191215_111250.jpg,271.33,387.08,342.35,454.47,tomato
data/Laboro-Tomato/train/images/IMG_20191215_111250.jpg,248.26,407.20,296.66,462.83,tomato
data/Laboro-Tomato/train/images/IMG_20191215_111250.jpg,143.96,416.96,188.76,457.21,tomato
data/Laboro-Tomato/train/images/IMG_20191215_111250.jpg,182.19,439.55,227.45,496.79,tomato
data/Laboro-Tomato/train/images/IMG_20191215_111250.jpg,126.73,445.22,191.22,517.64,tomato
data/Laboro-Tomato/train/images/IMG_20191215_111252.jpg,209.58,349.26,290.66,438.20,tomato
data/Laboro-Tomato/train/images/IMG_20191215_111252.jpg,159.91,413.52,234.74,483.14,tomato
data/Laboro-Tomato/train/images/IMG_20191215_111252.jpg,146.22,347.76,214.94,415.15,tomato
data/Laboro-Tomato/train/images/IMG_20191215_111252.jpg,343.59,219.87,367.68,242.19,tomato
data/Laboro-Tomato/train/images/IMG_20191215_111252.jpg,332.15,172.55,376.79,217.61,tomato
data/Laboro-Tomato/train/images/IMG_20191215_111252.jpg,280.70,158.43,344.95,218.36,tomato
data/Laboro-Tomato/train/images/IMG_20191215_111252.jpg,275.02,193.97,344.33,258.35,tomato
data/Laboro-Tomato/train/images/IMG_20191215_111252.jpg,235.34,223.28,272.21,265.09,tomato
data/Laboro-Tomato/train/images/IMG_20191215_111254.jpg,295.56,71.59,342.76,122.14,tomato
data/Laboro-Tomato/train/images/IMG_20191215_111254.jpg,127.26,212.46,147.96,234.16,tomato
data/Laboro-Tomato/train/images/IMG_20191215_111254.jpg,65.02,222.74,76.64,261.07,tomato
data/Laboro-Tomato/train/images/IMG_20191215_111254.jpg,65.17,195.70,118.05,239.83,tomato
data/Laboro-Tomato/train/images/IMG_20191215_111254.jpg,198.78,256.62,227.18,272.68,tomato
data/Laboro-Tomato/train/images/IMG_20191215_111254.jpg,193.96,262.57,240.16,309.61,tomato
data/Laboro-Tomato/train/images/IMG_20191215_111254.jpg,274.89,250.58,327.06,307.72,tomato
data/Laboro-Tomato/train/images/IMG_20191215_111254.jpg,175.35,294.04,215.87,338.02,tomato
data/Laboro-Tomato/train/images/IMG_20191215_111254.jpg,215.37,287.57,289.46,353.61,tomato
data/Laboro-Tomato/train/images/IMG_20191215_111254.jpg,80.23,365.42,110.69,397.90,tomato
data/Laboro-Tomato/train/images/IMG_20191215_111254.jpg,65.17,371.04,86.74,407.30,tomato
data/Laboro-Tomato/train/images/IMG_20191215_111254.jpg,192.78,438.10,233.34,481.56,tomato
data/Laboro-Tomato/train/images/IMG_20191215_111254.jpg,180.62,455.19,221.33,498.96,tomato
data/Laboro-Tomato/train/images/IMG_20191215_111256.jpg,251.40,141.85,361.81,232.56,tomato
data/Laboro-Tomato/train/images/IMG_20191215_111256.jpg,197.34,188.19,301.42,287.75,tomato
data/Laboro-Tomato/train/images/IMG_20191215_111256.jpg,369.66,229.40,412.24,264.46,tomato
data/Laboro-Tomato/train/images/IMG_20191215_111256.jpg,405.40,215.70,440.99,254.86,tomato
data/Laboro-Tomato/train/images/IMG_20191215_111256.jpg,360.09,116.99,394.47,147.29,tomato
data/Laboro-Tomato/train/images/IMG_20191215_111256.jpg,342.27,112.56,362.47,133.80,tomato
data/Laboro-Tomato/train/images/IMG_20191215_111256.jpg,392.08,114.45,415.00,139.58,tomato
data/Laboro-Tomato/train/images/IMG_20191215_111256.jpg,347.75,131.05,365.54,150.53,tomato
data/Laboro-Tomato/train/images/IMG_20191215_111256.jpg,238.80,404.58,284.13,456.23,tomato
data/Laboro-Tomato/train/images/IMG_20191215_111256.jpg,200.12,416.01,254.35,477.44,tomato
data/Laboro-Tomato/train/images/IMG_20191215_111256.jpg,70.03,290.11,96.95,319.06,tomato
data/Laboro-Tomato/train/images/IMG_20191215_111256.jpg,81.05,298.16,112.20,327.89,tomato
data/Laboro-Tomato/train/images/IMG_20191215_111256.jpg,89.57,304.35,114.55,328.13,tomato
data/Laboro-Tomato/train/images/IMG_20191215_111256.jpg,64.98,311.99,88.02,341.72,tomato
data/Laboro-Tomato/train/images/IMG_20191215_111256.jpg,65.00,201.01,98.49,240.84,tomato
data/Laboro-Tomato/train/images/IMG_20191215_111256.jpg,64.98,247.42,84.91,263.74,tomato
data/Laboro-Tomato/train/images/IMG_20191215_111256.jpg,89.69,254.03,104.18,270.19,tomato
data/Laboro-Tomato/train/images/IMG_20191215_111256.jpg,199.29,167.94,215.02,185.13,tomato
data/Laboro-Tomato/train/images/IMG_20191215_111256.jpg,199.19,185.16,216.05,200.54,tomato
data/Laboro-Tomato/train/images/IMG_20191215_111256.jpg,213.14,172.86,227.98,194.92,tomato
data/Laboro-Tomato/train/images/IMG_20191215_111257.jpg,401.40,140.92,450.04,187.08,tomato
data/Laboro-Tomato/train/images/IMG_20191215_111257.jpg,175.61,191.58,201.17,215.36,tomato
data/Laboro-Tomato/train/images/IMG_20191215_111257.jpg,142.14,272.83,241.01,375.29,tomato
data/Laboro-Tomato/train/images/IMG_20191215_111257.jpg,122.23,355.19,142.58,383.68,tomato
data/Laboro-Tomato/train/images/IMG_20191215_111257.jpg,237.61,271.04,324.95,370.34,tomato
data/Laboro-Tomato/train/images/IMG_20191215_111257.jpg,179.70,341.60,259.77,404.95,tomato
data/Laboro-Tomato/train/images/IMG_20191215_111257.jpg,426.05,421.68,452.98,461.72,tomato
data/Laboro-Tomato/train/images/IMG_20191215_111257.jpg,442.58,431.86,453.23,470.09,tomato
data/Laboro-Tomato/train/images/IMG_20191215_111257.jpg,269.08,485.03,299.38,517.40,tomato
data/Laboro-Tomato/train/images/IMG_20191215_111259.jpg,262.05,0.00,303.23,26.00,tomato
data/Laboro-Tomato/train/images/IMG_20191215_111259.jpg,154.37,103.86,181.06,134.84,tomato
data/Laboro-Tomato/train/images/IMG_20191215_111259.jpg,226.07,0.21,261.11,23.52,tomato
data/Laboro-Tomato/train/images/IMG_20191215_111259.jpg,174.50,80.96,316.11,226.21,tomato
data/Laboro-Tomato/train/images/IMG_20191215_111259.jpg,119.76,303.13,151.73,333.59,tomato
data/Laboro-Tomato/train/images/IMG_20191215_111259.jpg,85.34,311.53,122.13,348.82,tomato
data/Laboro-Tomato/train/images/IMG_20191215_111259.jpg,143.67,337.68,165.58,361.82,tomato
data/Laboro-Tomato/train/images/IMG_20191215_111259.jpg,194.16,347.22,239.49,397.88,tomato
data/Laboro-Tomato/train/images/IMG_20191215_111259.jpg,231.43,335.97,278.99,392.95,tomato
data/Laboro-Tomato/train/images/IMG_20191215_111259.jpg,265.82,332.71,304.98,381.61,tomato
data/Laboro-Tomato/train/images/IMG_20191215_111259.jpg,208.69,388.45,269.41,445.43,tomato
data/Laboro-Tomato/train/images/IMG_20191215_111301.jpg,311.37,172.39,401.62,265.84,tomato
data/Laboro-Tomato/train/images/IMG_20191215_111301.jpg,178.13,285.50,323.35,416.91,tomato
data/Laboro-Tomato/train/images/IMG_20191215_111301.jpg,228.87,204.40,329.18,301.79,tomato
data/Laboro-Tomato/train/images/IMG_20191215_111301.jpg,119.90,208.88,230.46,332.84,tomato
data/Laboro-Tomato/train/images/IMG_20191215_111303.jpg,130.37,40.74,167.47,80.78,tomato
data/Laboro-Tomato/train/images/IMG_20191215_111303.jpg,121.33,0.00,177.90,14.01,tomato
data/Laboro-Tomato/train/images/IMG_20191215_111303.jpg,133.32,176.22,262.49,299.30,tomato
data/Laboro-Tomato/train/images/IMG_20191215_111303.jpg,210.92,240.46,351.64,379.38,tomato
data/Laboro-Tomato/train/images/IMG_20191215_111303.jpg,91.48,290.91,234.02,426.21,tomato
data/Laboro-Tomato/train/images/IMG_20191215_111303.jpg,290.08,317.66,422.21,456.54,tomato
data/Laboro-Tomato/train/images/IMG_20191215_111305.jpg,221.18,1.86,244.95,25.80,tomato
data/Laboro-Tomato/train/images/IMG_20191215_111305.jpg,209.72,54.08,252.14,99.56,tomato
data/Laboro-Tomato/train/images/IMG_20191215_111305.jpg,187.40,91.61,211.21,117.04,tomato
data/Laboro-Tomato/train/images/IMG_20191215_111305.jpg,175.10,111.09,206.03,139.21,tomato
data/Laboro-Tomato/train/images/IMG_20191215_111305.jpg,216.15,113.49,229.24,133.59,tomato
data/Laboro-Tomato/train/images/IMG_20191215_111305.jpg,186.66,181.33,217.31,217.64,tomato
data/Laboro-Tomato/train/images/IMG_20191215_111305.jpg,268.34,205.88,308.67,241.57,tomato
data/Laboro-Tomato/train/images/IMG_20191215_111305.jpg,186.68,224.35,259.56,295.73,tomato
data/Laboro-Tomato/train/images/IMG_20191215_111305.jpg,203.21,247.03,295.71,348.36,tomato
data/Laboro-Tomato/train/images/IMG_20191215_111305.jpg,215.70,235.79,321.45,341.98,tomato
data/Laboro-Tomato/train/images/IMG_20191215_111305.jpg,115.25,269.23,218.94,375.16,tomato
data/Laboro-Tomato/train/images/IMG_20191215_111305.jpg,198.00,214.94,233.24,238.31,tomato
data/Laboro-Tomato/train/images/IMG_20191215_111307.jpg,242.56,270.32,344.16,369.41,tomato
data/Laboro-Tomato/train/images/IMG_20191215_111307.jpg,113.87,238.67,246.66,368.53,tomato
data/Laboro-Tomato/train/images/IMG_20191215_111308.jpg,183.76,99.77,339.40,259.93,tomato
data/Laboro-Tomato/train/images/IMG_20191215_111308.jpg,232.42,185.96,420.42,386.64,tomato
data/Laboro-Tomato/train/images/IMG_20191215_111308.jpg,99.62,232.82,253.46,378.94,tomato
data/Laboro-Tomato/train/images/IMG_20191215_111308.jpg,157.99,435.28,190.12,471.02,tomato
data/Laboro-Tomato/train/images/IMG_20191215_111308.jpg,154.80,449.49,219.95,517.61,tomato
data/Laboro-Tomato/train/images/IMG_20191215_111308.jpg,213.43,454.93,265.68,514.45,tomato
data/Laboro-Tomato/train/images/IMG_20191215_111311.jpg,305.99,390.47,337.38,424.24,tomato
data/Laboro-Tomato/train/images/IMG_20191215_111311.jpg,182.23,398.34,245.28,462.47,tomato
data/Laboro-Tomato/train/images/IMG_20191215_111311.jpg,162.44,374.13,205.56,429.60,tomato
data/Laboro-Tomato/train/images/IMG_20191215_111311.jpg,203.50,383.04,234.58,406.40,tomato
data/Laboro-Tomato/train/images/IMG_20191215_111311.jpg,207.04,416.63,252.57,467.18,tomato
data/Laboro-Tomato/train/images/IMG_20191215_111311.jpg,227.43,173.53,297.13,253.61,tomato
data/Laboro-Tomato/train/images/IMG_20191215_111311.jpg,274.95,232.35,361.81,307.93,tomato
data/Laboro-Tomato/train/images/IMG_20191215_111314.jpg,136.06,158.33,217.25,233.90,tomato
data/Laboro-Tomato/train/images/IMG_20191215_111314.jpg,113.39,154.29,153.68,205.41,tomato
data/Laboro-Tomato/train/images/IMG_20191215_111314.jpg,245.07,391.58,293.01,442.50,tomato
data/Laboro-Tomato/train/images/IMG_20191215_111314.jpg,212.75,421.68,255.95,469.18,tomato
data/Laboro-Tomato/train/images/IMG_20191215_111314.jpg,375.61,250.22,429.68,302.49,tomato
data/Laboro-Tomato/train/images/IMG_20191215_111314.jpg,318.36,249.05,379.01,304.27,tomato
data/Laboro-Tomato/train/images/IMG_20191215_111314.jpg,297.56,259.93,374.25,352.45,tomato
data/Laboro-Tomato/train/images/IMG_20191215_111314.jpg,347.81,175.08,381.96,200.88,tomato
data/Laboro-Tomato/train/images/IMG_20191215_111314.jpg,314.98,170.37,336.23,197.51,tomato
data/Laboro-Tomato/train/images/IMG_20191215_111316.jpg,132.40,199.79,227.43,291.17,tomato
data/Laboro-Tomato/train/images/IMG_20191215_111316.jpg,138.58,473.89,180.70,517.77,tomato
data/Laboro-Tomato/train/images/IMG_20191215_111316.jpg,230.03,304.74,306.96,385.96,tomato
data/Laboro-Tomato/train/images/IMG_20191215_111316.jpg,156.88,284.82,237.14,369.62,tomato
data/Laboro-Tomato/train/images/IMG_20191215_111316.jpg,96.88,272.05,122.63,295.05,tomato
data/Laboro-Tomato/train/images/IMG_20191215_111316.jpg,336.68,260.45,374.44,292.15,tomato
data/Laboro-Tomato/train/images/IMG_20191215_111316.jpg,215.49,238.25,297.34,318.49,tomato
data/Laboro-Tomato/train/images/IMG_20191215_111316.jpg,65.00,166.04,86.45,203.60,tomato
data/Laboro-Tomato/train/images/IMG_20191215_111316.jpg,79.16,176.07,103.36,199.69,tomato
data/Laboro-Tomato/train/images/IMG_20191215_111316.jpg,65.00,51.36,86.83,89.54,tomato
data/Laboro-Tomato/train/images/IMG_20191215_111316.jpg,290.84,10.26,319.35,33.05,tomato
data/Laboro-Tomato/train/images/IMG_20191215_111316.jpg,320.17,10.23,345.34,24.99,tomato
data/Laboro-Tomato/train/images/IMG_20191215_111316.jpg,280.60,10.44,294.16,31.11,tomato
data/Laboro-Tomato/train/images/IMG_20191215_111316.jpg,290.82,154.31,326.05,187.15,tomato
data/Laboro-Tomato/train/images/IMG_20191215_111316.jpg,225.96,156.67,246.31,177.54,tomato
data/Laboro-Tomato/train/images/IMG_20191215_111316.jpg,313.91,142.84,340.41,167.44,tomato
data/Laboro-Tomato/train/images/IMG_20191215_111316.jpg,256.92,215.02,278.99,235.74,tomato
data/Laboro-Tomato/train/images/IMG_20191215_111320.jpg,234.19,99.07,344.84,222.82,tomato
data/Laboro-Tomato/train/images/IMG_20191215_111320.jpg,323.80,166.95,419.95,255.43,tomato
data/Laboro-Tomato/train/images/IMG_20191215_111320.jpg,414.75,204.27,444.39,234.37,tomato
data/Laboro-Tomato/train/images/IMG_20191215_111320.jpg,221.58,204.79,255.81,240.59,tomato
data/Laboro-Tomato/train/images/IMG_20191215_111320.jpg,105.71,393.78,145.57,429.01,tomato
data/Laboro-Tomato/train/images/IMG_20191215_111320.jpg,111.19,379.07,128.13,399.07,tomato
data/Laboro-Tomato/train/images/IMG_20191215_111320.jpg,121.78,377.57,153.60,397.05,tomato
data/Laboro-Tomato/train/images/IMG_20191215_111320.jpg,152.39,356.18,213.81,415.02,tomato
data/Laboro-Tomato/train/images/IMG_20191215_111320.jpg,177.92,301.42,238.64,363.17,tomato
data/Laboro-Tomato/train/images/IMG_20191215_111320.jpg,98.37,304.51,179.96,384.74,tomato
data/Laboro-Tomato/train/images/IMG_20191215_111320.jpg,139.75,52.19,160.10,72.55,tomato
data/Laboro-Tomato/train/images/IMG_20191215_111320.jpg,157.37,55.76,172.94,76.12,tomato
data/Laboro-Tomato/train/images/IMG_20191215_111320.jpg,92.35,62.96,113.41,87.57,tomato
data/Laboro-Tomato/train/images/IMG_20191215_111324.jpg,83.76,75.58,112.28,111.11,tomato
data/Laboro-Tomato/train/images/IMG_20191215_111324.jpg,72.91,107.02,115.45,162.44,tomato
data/Laboro-Tomato/train/images/IMG_20191215_111324.jpg,275.86,195.88,351.19,266.49,tomato
data/Laboro-Tomato/train/images/IMG_20191215_111324.jpg,225.86,237.30,298.70,309.92,tomato
data/Laboro-Tomato/train/images/IMG_20191215_111324.jpg,233.98,293.63,294.39,328.49,tomato
data/Laboro-Tomato/train/images/IMG_20191215_111324.jpg,359.08,329.32,370.23,341.80,tomato
data/Laboro-Tomato/train/images/IMG_20191215_111324.jpg,368.57,341.36,382.72,359.49,tomato
data/Laboro-Tomato/train/images/IMG_20191215_111326.jpg,176.73,150.25,271.76,242.29,tomato
data/Laboro-Tomato/train/images/IMG_20191215_111326.jpg,129.70,245.25,180.17,296.37,tomato
data/Laboro-Tomato/train/images/IMG_20191215_111326.jpg,166.81,247.03,303.44,378.71,tomato
data/Laboro-Tomato/train/images/IMG_20191215_111326.jpg,120.79,354.10,153.11,386.64,tomato
data/Laboro-Tomato/train/images/IMG_20191215_111326.jpg,149.17,357.70,173.99,384.38,tomato
data/Laboro-Tomato/train/images/IMG_20191215_111326.jpg,140.76,380.26,170.36,407.82,tomato
data/Laboro-Tomato/train/images/IMG_20191215_111326.jpg,115.62,442.86,170.71,497.93,tomato
data/Laboro-Tomato/train/images/IMG_20191215_111326.jpg,105.89,494.69,142.99,517.79,tomato
data/Laboro-Tomato/train/images/IMG_20191215_111326.jpg,102.14,464.59,118.38,505.83,tomato
data/Laboro-Tomato/train/images/IMG_20191215_111326.jpg,101.29,441.18,115.82,464.28,tomato
data/Laboro-Tomato/train/images/IMG_20191215_111326.jpg,99.40,425.43,109.31,444.08,tomato
data/Laboro-Tomato/train/images/IMG_20191215_111326.jpg,108.94,425.95,130.85,449.05,tomato
data/Laboro-Tomato/train/images/IMG_20191215_111326.jpg,425.82,225.36,453.21,249.55,tomato
data/Laboro-Tomato/train/images/IMG_20191215_111326.jpg,307.54,283.27,324.71,301.35,tomato
data/Laboro-Tomato/train/images/IMG_20191215_111326.jpg,323.57,293.65,337.36,308.37,tomato
data/Laboro-Tomato/train/images/IMG_20191215_111329.jpg,431.72,66.07,453.21,116.06,tomato
data/Laboro-Tomato/train/images/IMG_20191215_111329.jpg,377.86,253.64,414.07,285.29,tomato
data/Laboro-Tomato/train/images/IMG_20191215_111329.jpg,255.73,229.14,379.47,342.94,tomato
data/Laboro-Tomato/train/images/IMG_20191215_111329.jpg,163.17,217.90,260.69,318.54,tomato
data/Laboro-Tomato/train/images/IMG_20191215_111329.jpg,320.40,394.79,359.25,434.32,tomato
data/Laboro-Tomato/train/images/IMG_20191215_111329.jpg,343.65,462.70,388.99,505.65,tomato
data/Laboro-Tomato/train/images/IMG_20191215_111329.jpg,356.49,414.17,403.19,461.87,tomato
data/Laboro-Tomato/train/images/IMG_20191215_111329.jpg,301.40,426.13,345.69,471.46,tomato
data/Laboro-Tomato/train/images/IMG_20191215_111329.jpg,260.47,56.54,286.70,91.61,tomato
data/Laboro-Tomato/train/images/IMG_20191215_111331.jpg,199.60,135.77,324.03,255.43,tomato
data/Laboro-Tomato/train/images/IMG_20191215_111331.jpg,126.07,225.36,261.58,356.77,tomato
data/Laboro-Tomato/train/images/IMG_20191215_111331.jpg,259.79,241.85,367.02,339.34,tomato
data/Laboro-Tomato/train/images/IMG_20191215_111331.jpg,222.44,323.49,339.42,438.18,tomato
data/Laboro-Tomato/train/images/IMG_20191215_111332.jpg,421.76,452.45,452.99,509.89,tomato
data/Laboro-Tomato/train/images/IMG_20191215_111332.jpg,198.92,234.16,313.60,354.08,tomato
data/Laboro-Tomato/train/images/IMG_20191215_111332.jpg,303.91,288.66,381.72,364.65,tomato
data/Laboro-Tomato/train/images/IMG_20191215_111332.jpg,153.68,163.79,267.23,263.77,tomato
data/Laboro-Tomato/train/images/IMG_20191215_111332.jpg,348.00,104.04,374.69,129.16,tomato
data/Laboro-Tomato/train/images/IMG_20191215_111332.jpg,362.05,120.33,384.42,141.16,tomato
data/Laboro-Tomato/train/images/IMG_20191215_111334.jpg,102.33,186.84,284.00,354.26,tomato
data/Laboro-Tomato/train/images/IMG_20191215_111334.jpg,211.81,286.40,326.50,394.77,tomato
data/Laboro-Tomato/train/images/IMG_20191215_111334.jpg,359.08,0.03,396.64,36.44,tomato
data/Laboro-Tomato/train/images/IMG_20191215_111334.jpg,392.35,105.65,425.37,133.67,tomato
data/Laboro-Tomato/train/images/IMG_20191215_111334.jpg,381.28,135.72,417.49,170.11,tomato
data/Laboro-Tomato/train/images/IMG_20191215_111334.jpg,384.89,18.54,413.17,54.29,tomato
data/Laboro-Tomato/train/images/IMG_20191215_111335.jpg,234.00,191.61,410.92,349.29,tomato
data/Laboro-Tomato/train/images/IMG_20191215_111335.jpg,161.83,207.90,247.11,319.42,tomato
data/Laboro-Tomato/train/images/IMG_20191215_111335.jpg,255.95,323.96,360.69,380.52,tomato
data/Laboro-Tomato/train/images/IMG_20191215_111335.jpg,155.27,18.18,190.66,59.83,tomato
data/Laboro-Tomato/train/images/IMG_20191215_111336.jpg,247.09,217.84,339.63,312.17,tomato
data/Laboro-Tomato/train/images/IMG_20191215_111336.jpg,188.76,244.78,309.77,378.27,tomato
data/Laboro-Tomato/train/images/IMG_20191215_111336.jpg,236.02,319.22,345.73,433.02,tomato
data/Laboro-Tomato/train/images/IMG_20191215_111338.jpg,168.40,253.15,314.98,397.25,tomato
data/Laboro-Tomato/train/images/IMG_20191215_111342.jpg,387.16,174.23,436.70,216.96,tomato
data/Laboro-Tomato/train/images/IMG_20191215_111342.jpg,423.55,204.27,444.60,235.51,tomato
data/Laboro-Tomato/train/images/IMG_20191215_111342.jpg,293.71,269.90,401.17,398.83,tomato
data/Laboro-Tomato/train/images/IMG_20191215_111342.jpg,281.51,376.90,329.69,423.93,tomato
data/Laboro-Tomato/train/images/IMG_20191215_111342.jpg,152.53,303.37,275.61,423.49,tomato
data/Laboro-Tomato/train/images/IMG_20191215_111342.jpg,64.98,130.64,82.50,152.08,tomato
data/Laboro-Tomato/train/images/IMG_20191215_111343.jpg,133.45,91.27,169.66,123.91,tomato
data/Laboro-Tomato/train/images/IMG_20191215_111343.jpg,157.87,107.59,173.61,134.94,tomato
data/Laboro-Tomato/train/images/IMG_20191215_111343.jpg,141.53,123.54,164.15,147.16,tomato
data/Laboro-Tomato/train/images/IMG_20191215_111343.jpg,329.01,159.93,358.73,188.06,tomato
data/Laboro-Tomato/train/images/IMG_20191215_111343.jpg,287.71,179.59,363.04,263.40,tomato
data/Laboro-Tomato/train/images/IMG_20191215_111343.jpg,199.95,175.24,311.48,294.28,tomato
data/Laboro-Tomato/train/images/IMG_20191215_111343.jpg,176.95,361.95,232.23,417.64,tomato
data/Laboro-Tomato/train/images/IMG_20191215_111343.jpg,230.44,389.12,290.85,465.06,tomato
data/Laboro-Tomato/train/images/IMG_20191215_111343.jpg,185.18,416.08,240.08,477.47,tomato
data/Laboro-Tomato/train/images/IMG_20191215_111348.jpg,211.13,105.83,284.13,185.70,tomato
data/Laboro-Tomato/train/images/IMG_20191215_111348.jpg,177.14,156.23,256.82,235.48,tomato
data/Laboro-Tomato/train/images/IMG_20191215_111348.jpg,160.42,210.49,209.99,255.71,tomato
data/Laboro-Tomato/train/images/IMG_20191215_111348.jpg,123.02,425.59,161.83,469.93,tomato
data/Laboro-Tomato/train/images/IMG_20191215_111348.jpg,155.42,427.79,199.91,477.16,tomato
data/Laboro-Tomato/train/images/IMG_20191215_111348.jpg,364.57,401.48,395.96,433.44,tomato
data/Laboro-Tomato/train/images/IMG_20191215_111348.jpg,65.02,34.68,107.56,75.86,tomato
data/Laboro-Tomato/train/images/IMG_20191215_111348.jpg,103.23,46.00,137.73,88.37,tomato
data/Laboro-Tomato/train/images/IMG_20191215_111349.jpg,238.23,283.86,301.17,345.92,tomato
data/Laboro-Tomato/train/images/IMG_20191215_111349.jpg,192.89,317.25,253.19,379.56,tomato
data/Laboro-Tomato/train/images/IMG_20191215_111349.jpg,229.16,343.85,304.65,437.19,tomato
data/Laboro-Tomato/train/images/IMG_20191215_111349.jpg,190.82,450.97,229.16,497.80,tomato
data/Laboro-Tomato/train/images/IMG_20191215_111349.jpg,220.65,417.59,261.64,470.27,tomato
data/Laboro-Tomato/train/images/IMG_20191215_111349.jpg,96.90,427.25,144.60,477.29,tomato
data/Laboro-Tomato/train/images/IMG_20191215_111349.jpg,65.58,429.60,96.90,488.71,tomato
data/Laboro-Tomato/train/images/IMG_20191215_111349.jpg,81.69,379.25,128.50,434.84,tomato
data/Laboro-Tomato/train/images/IMG_20191215_111349.jpg,66.77,371.95,109.77,412.92,tomato
data/Laboro-Tomato/train/images/IMG_20191215_111349.jpg,96.92,353.79,125.00,380.73,tomato
data/Laboro-Tomato/train/images/IMG_20191215_111349.jpg,251.71,163.87,335.40,228.26,tomato
data/Laboro-Tomato/train/images/IMG_20191215_111349.jpg,270.44,211.01,330.42,260.48,tomato
data/Laboro-Tomato/train/images/IMG_20191215_111349.jpg,252.57,136.93,309.06,188.16,tomato
data/Laboro-Tomato/train/images/IMG_20191215_111349.jpg,324.27,144.57,376.05,194.61,tomato
data/Laboro-Tomato/train/images/IMG_20191215_111355.jpg,141.03,365.81,248.02,475.52,tomato
data/Laboro-Tomato/train/images/IMG_20191215_111355.jpg,213.87,334.60,287.84,420.33,tomato
data/Laboro-Tomato/train/images/IMG_20191215_111355.jpg,148.92,273.53,246.43,370.14,tomato
data/Laboro-Tomato/train/images/IMG_20191215_111356.jpg,229.69,229.63,324.01,316.03,tomato
data/Laboro-Tomato/train/images/IMG_20191215_111356.jpg,181.74,275.11,307.54,419.22,tomato
data/Laboro-Tomato/train/images/IMG_20191215_111356.jpg,111.62,352.68,208.20,454.47,tomato
data/Laboro-Tomato/train/images/IMG_20191215_111356.jpg,155.73,434.84,194.62,466.28,tomato
data/Laboro-Tomato/train/images/IMG_20191215_111356.jpg,371.31,476.20,431.72,517.84,tomato
data/Laboro-Tomato/train/images/IMG_20191215_111357.jpg,233.10,285.03,299.62,350.87,tomato
data/Laboro-Tomato/train/images/IMG_20191215_111357.jpg,180.83,323.75,248.47,395.03,tomato
data/Laboro-Tomato/train/images/IMG_20191215_111357.jpg,224.95,351.57,319.51,436.42,tomato
data/Laboro-Tomato/train/images/IMG_20191215_111357.jpg,140.12,475.29,194.62,517.82,tomato
data/Laboro-Tomato/train/images/IMG_20191215_111357.jpg,192.58,501.09,220.87,517.82,tomato
data/Laboro-Tomato/train/images/IMG_20191215_111359.jpg,64.98,180.99,117.70,241.39,tomato
data/Laboro-Tomato/train/images/IMG_20191215_111359.jpg,225.18,210.83,357.97,335.04,tomato
data/Laboro-Tomato/train/images/IMG_20191215_111359.jpg,120.65,259.05,226.52,367.42,tomato
data/Laboro-Tomato/train/images/IMG_20191215_111359.jpg,173.84,287.96,258.88,364.21,tomato
data/Laboro-Tomato/train/images/IMG_20191215_111359.jpg,74.07,300.03,116.77,341.67,tomato
data/Laboro-Tomato/train/images/IMG_20191215_111359.jpg,159.42,373.79,200.80,414.92,tomato
data/Laboro-Tomato/train/images/IMG_20191215_111359.jpg,110.42,378.09,157.89,425.95,tomato
data/Laboro-Tomato/train/images/IMG_20191215_111359.jpg,92.95,376.95,122.05,406.16,tomato
data/Laboro-Tomato/train/images/IMG_20191215_111359.jpg,137.69,408.86,183.22,459.93,tomato
data/Laboro-Tomato/train/images/IMG_20191215_111359.jpg,183.71,494.90,241.86,517.79,tomato
data/Laboro-Tomato/train/images/IMG_20191215_111359.jpg,420.38,103.83,453.44,133.20,tomato
data/Laboro-Tomato/train/images/IMG_20191215_111359.jpg,439.65,59.34,453.44,110.05,tomato
data/Laboro-Tomato/train/images/IMG_20191215_111359.jpg,415.45,66.87,443.30,101.48,tomato
data/Laboro-Tomato/train/images/IMG_20191215_111400.jpg,222.15,289.98,306.14,378.66,tomato
data/Laboro-Tomato/train/images/IMG_20191215_111400.jpg,239.40,209.22,322.23,287.65,tomato
data/Laboro-Tomato/train/images/IMG_20191215_111400.jpg,168.01,242.32,267.82,352.65,tomato
data/Laboro-Tomato/train/images/IMG_20191215_111401.jpg,71.80,175.11,107.54,206.55,tomato
data/Laboro-Tomato/train/images/IMG_20191215_111401.jpg,83.34,200.91,131.28,261.98,tomato
data/Laboro-Tomato/train/images/IMG_20191215_111401.jpg,65.47,218.98,116.36,268.97,tomato
data/Laboro-Tomato/train/images/IMG_20191215_111401.jpg,94.39,266.95,116.34,288.45,tomato
data/Laboro-Tomato/train/images/IMG_20191215_111401.jpg,77.22,281.22,101.19,302.25,tomato
data/Laboro-Tomato/train/images/IMG_20191215_111401.jpg,244.18,226.94,330.58,307.23,tomato
data/Laboro-Tomato/train/images/IMG_20191215_111401.jpg,203.44,263.12,350.26,411.73,tomato
data/Laboro-Tomato/train/images/IMG_20191215_111401.jpg,163.62,333.64,188.91,358.20,tomato
data/Laboro-Tomato/train/images/IMG_20191215_111401.jpg,180.85,316.96,205.56,343.90,tomato
data/Laboro-Tomato/train/images/IMG_20191215_111401.jpg,167.33,425.56,231.43,503.52,tomato
data/Laboro-Tomato/train/images/IMG_20191215_111401.jpg,229.98,411.14,305.23,491.63,tomato
data/Laboro-Tomato/train/images/IMG_20191215_111401.jpg,178.81,485.96,224.77,517.82,tomato
data/Laboro-Tomato/train/images/IMG_20191215_111401.jpg,217.04,477.36,274.89,517.82,tomato
data/Laboro-Tomato/train/images/IMG_20191215_111402.jpg,121.78,203.60,161.37,238.25,tomato
data/Laboro-Tomato/train/images/IMG_20191215_111402.jpg,145.05,175.68,189.30,215.00,tomato
data/Laboro-Tomato/train/images/IMG_20191215_111402.jpg,272.87,375.47,392.02,509.89,tomato
data/Laboro-Tomato/train/images/IMG_20191215_111402.jpg,191.17,408.44,277.30,485.21,tomato
data/Laboro-Tomato/train/images/IMG_20191215_111402.jpg,155.02,291.12,287.18,436.57,tomato
data/Laboro-Tomato/train/images/IMG_20191215_111402.jpg,277.30,248.72,442.76,395.99,tomato
data/Laboro-Tomato/train/images/IMG_20191215_111403.jpg,236.93,438.41,274.03,468.71,tomato
data/Laboro-Tomato/train/images/IMG_20191215_111403.jpg,284.87,354.52,414.51,491.17,tomato
data/Laboro-Tomato/train/images/IMG_20191215_111403.jpg,195.30,280.06,338.97,442.04,tomato
data/Laboro-Tomato/train/images/IMG_20191215_111403.jpg,151.21,276.92,235.12,354.73,tomato
data/Laboro-Tomato/train/images/IMG_20191215_111403.jpg,170.89,217.61,251.42,290.03,tomato
data/Laboro-Tomato/train/images/IMG_20191215_111405.jpg,236.70,0.00,412.49,204.30,tomato
data/Laboro-Tomato/train/images/IMG_20191215_111405.jpg,405.46,34.60,453.21,252.47,tomato
data/Laboro-Tomato/train/images/IMG_20191215_111405.jpg,211.17,287.02,266.46,341.72,tomato
data/Laboro-Tomato/train/images/IMG_20191215_111405.jpg,215.29,340.14,266.46,391.48,tomato
data/Laboro-Tomato/train/images/IMG_20191215_111406.jpg,241.09,293.89,304.22,357.65,tomato
data/Laboro-Tomato/train/images/IMG_20191215_111406.jpg,262.30,350.94,330.95,423.15,tomato
data/Laboro-Tomato/train/images/IMG_20191215_111406.jpg,220.01,343.85,268.03,392.44,tomato
data/Laboro-Tomato/train/images/IMG_20191215_111409.jpg,203.91,202.69,284.68,277.60,tomato
data/Laboro-Tomato/train/images/IMG_20191215_111409.jpg,140.95,288.24,183.53,327.76,tomato
data/Laboro-Tomato/train/images/IMG_20191215_111409.jpg,179.10,315.13,265.82,380.96,tomato
data/Laboro-Tomato/train/images/IMG_20191215_111409.jpg,74.77,471.59,148.31,517.79,tomato
data/Laboro-Tomato/train/images/IMG_20191215_111409.jpg,380.36,393.45,453.21,480.52,tomato
data/Laboro-Tomato/train/images/IMG_20191215_111409.jpg,392.12,475.32,452.96,517.17,tomato
data/Laboro-Tomato/train/images/IMG_20191215_111409.jpg,117.87,152.08,138.23,173.12,tomato
data/Laboro-Tomato/train/images/IMG_20191215_111409.jpg,344.35,113.26,368.48,139.94,tomato
data/Laboro-Tomato/train/images/IMG_20191215_111409.jpg,352.55,124.19,377.68,151.39,tomato
data/Laboro-Tomato/train/images/IMG_20191215_111410.jpg,410.22,57.71,451.17,99.56,tomato
data/Laboro-Tomato/train/images/IMG_20191215_111410.jpg,135.65,2.54,169.56,42.84,tomato
data/Laboro-Tomato/train/images/IMG_20191215_111410.jpg,102.92,16.78,146.51,58.74,tomato
data/Laboro-Tomato/train/images/IMG_20191215_111410.jpg,114.53,104.25,133.41,125.85,tomato
data/Laboro-Tomato/train/images/IMG_20191215_111410.jpg,85.84,93.65,117.66,120.80,tomato
data/Laboro-Tomato/train/images/IMG_20191215_111410.jpg,134.21,169.72,167.58,200.75,tomato
data/Laboro-Tomato/train/images/IMG_20191215_111410.jpg,121.14,203.70,140.02,222.51,tomato
data/Laboro-Tomato/train/images/IMG_20191215_111410.jpg,242.16,377.36,269.58,404.82,tomato
data/Laboro-Tomato/train/images/IMG_20191215_111410.jpg,287.22,250.19,332.44,291.12,tomato
data/Laboro-Tomato/train/images/IMG_20191215_111410.jpg,307.31,271.33,352.68,313.29,tomato
data/Laboro-Tomato/train/images/IMG_20191215_111410.jpg,298.39,311.03,342.25,347.03,tomato
data/Laboro-Tomato/train/images/IMG_20191215_111410.jpg,263.87,322.20,305.21,366.95,tomato
data/Laboro-Tomato/train/images/IMG_20191215_111410.jpg,231.01,325.02,269.08,363.82,tomato
data/Laboro-Tomato/train/images/IMG_20191215_111410.jpg,271.60,283.37,311.62,324.45,tomato
data/Laboro-Tomato/train/images/IMG_20191215_111410.jpg,238.14,289.74,272.21,328.13,tomato
data/Laboro-Tomato/train/images/IMG_20191215_111410_1.jpg,233.53,314.69,308.20,392.49,tomato
data/Laboro-Tomato/train/images/IMG_20191215_111410_1.jpg,181.04,356.98,255.71,441.36,tomato
data/Laboro-Tomato/train/images/IMG_20191215_111410_1.jpg,382.17,316.03,425.14,349.29,tomato
data/Laboro-Tomato/train/images/IMG_20191215_111410_1.jpg,381.03,345.22,413.15,375.11,tomato
data/Laboro-Tomato/train/images/IMG_20191215_111410_1.jpg,409.54,345.01,452.32,387.75,tomato
data/Laboro-Tomato/train/images/IMG_20191215_111413.jpg,322.21,477.36,349.13,515.13,tomato
data/Laboro-Tomato/train/images/IMG_20191215_111413.jpg,186.46,258.35,262.49,330.51,tomato
data/Laboro-Tomato/train/images/IMG_20191215_111414.jpg,230.62,290.70,317.25,363.12,tomato
data/Laboro-Tomato/train/images/IMG_20191215_111414.jpg,221.78,296.61,243.03,348.41,tomato
data/Laboro-Tomato/train/images/IMG_20191215_111414.jpg,218.96,434.16,251.99,472.65,tomato
data/Laboro-Tomato/train/images/IMG_20191215_111414.jpg,187.82,444.73,228.03,485.81,tomato
data/Laboro-Tomato/train/images/IMG_20191215_111414.jpg,229.37,464.26,258.12,496.94,tomato
data/Laboro-Tomato/train/images/IMG_20191215_111414.jpg,188.66,424.22,219.97,453.79,tomato
data/Laboro-Tomato/train/images/IMG_20191215_111414.jpg,403.19,215.18,437.92,250.40,tomato
data/Laboro-Tomato/train/images/IMG_20191215_111415.jpg,65.02,0.00,119.53,39.16,tomato
data/Laboro-Tomato/train/images/IMG_20191215_111415.jpg,66.13,9.71,145.07,84.36,tomato
data/Laboro-Tomato/train/images/IMG_20191215_111415.jpg,65.00,72.36,80.85,105.41,tomato
data/Laboro-Tomato/train/images/IMG_20191215_111415.jpg,164.11,278.74,266.13,376.22,tomato
data/Laboro-Tomato/train/images/IMG_20191215_111415.jpg,193.05,325.77,297.32,429.16,tomato
data/Laboro-Tomato/train/images/IMG_20191215_111415.jpg,293.05,315.13,390.33,414.22,tomato
data/Laboro-Tomato/train/images/IMG_20191215_111415.jpg,237.63,386.61,325.39,453.59,tomato
data/Laboro-Tomato/train/images/IMG_20191215_111416.jpg,159.21,276.25,260.77,357.89,tomato
data/Laboro-Tomato/train/images/IMG_20191215_111416.jpg,168.30,231.47,274.83,334.19,tomato
data/Laboro-Tomato/train/images/IMG_20191215_111416.jpg,254.04,272.44,314.34,341.80,tomato
data/Laboro-Tomato/train/images/IMG_20191215_111417.jpg,64.98,81.74,89.96,104.33,tomato
data/Laboro-Tomato/train/images/IMG_20191215_111417.jpg,84.68,106.58,100.57,120.10,tomato
data/Laboro-Tomato/train/images/IMG_20191215_111417.jpg,132.25,61.38,200.31,129.66,tomato
data/Laboro-Tomato/train/images/IMG_20191215_111417.jpg,139.57,114.76,206.12,170.86,tomato
data/Laboro-Tomato/train/images/IMG_20191215_111417.jpg,188.15,108.81,233.30,149.37,tomato
data/Laboro-Tomato/train/images/IMG_20191215_111417.jpg,210.24,133.07,260.71,179.07,tomato
data/Laboro-Tomato/train/images/IMG_20191215_111417.jpg,119.22,395.86,168.13,454.18,tomato
data/Laboro-Tomato/train/images/IMG_20191215_111417.jpg,330.33,350.87,420.65,440.84,tomato
data/Laboro-Tomato/train/images/IMG_20191215_111417.jpg,247.85,343.67,330.48,422.87,tomato
data/Laboro-Tomato/train/images/IMG_20191215_111417.jpg,286.52,402.33,372.38,477.44,tomato
data/Laboro-Tomato/train/images/IMG_20191215_111417.jpg,65.00,384.10,73.31,403.26,tomato
data/Laboro-Tomato/train/images/IMG_20191215_111418.jpg,157.31,215.59,242.16,280.96,tomato
data/Laboro-Tomato/train/images/IMG_20191215_111418.jpg,159.56,255.63,286.91,370.32,tomato
data/Laboro-Tomato/train/images/IMG_20191215_111418.jpg,91.94,352.01,133.55,397.02,tomato
data/Laboro-Tomato/train/images/IMG_20191215_111418.jpg,65.02,356.31,96.45,392.93,tomato
data/Laboro-Tomato/train/images/IMG_20191215_111418.jpg,311.37,356.10,343.50,388.68,tomato
data/Laboro-Tomato/train/images/IMG_20191215_111418.jpg,316.57,381.64,358.41,425.30,tomato
data/Laboro-Tomato/train/images/IMG_20191215_111418.jpg,353.89,406.32,385.12,440.71,tomato
data/Laboro-Tomato/train/images/IMG_20191215_111418.jpg,342.82,381.87,375.37,407.67,tomato
data/Laboro-Tomato/train/images/IMG_20191215_111419.jpg,65.17,0.00,125.90,52.34,tomato
data/Laboro-Tomato/train/images/IMG_20191215_111419.jpg,211.56,325.95,253.33,368.79,tomato
data/Laboro-Tomato/train/images/IMG_20191215_111419.jpg,252.94,315.10,301.31,367.62,tomato
data/Laboro-Tomato/train/images/IMG_20191215_111419_1.jpg,330.35,31.47,391.88,97.51,tomato
data/Laboro-Tomato/train/images/IMG_20191215_111419_1.jpg,280.15,22.84,338.97,86.66,tomato
data/Laboro-Tomato/train/images/IMG_20191215_111419_1.jpg,318.83,77.60,335.80,110.85,tomato
data/Laboro-Tomato/train/images/IMG_20191215_111419_1.jpg,265.21,89.59,297.34,124.86,tomato
data/Laboro-Tomato/train/images/IMG_20191215_111419_1.jpg,222.23,223.98,288.97,290.70,tomato
data/Laboro-Tomato/train/images/IMG_20191215_111419_1.jpg,243.05,283.24,312.05,338.67,tomato
data/Laboro-Tomato/train/images/IMG_20191215_111419_1.jpg,168.50,134.01,189.71,153.28,tomato
data/Laboro-Tomato/train/images/IMG_20191215_111419_1.jpg,166.65,149.81,187.36,162.86,tomato
data/Laboro-Tomato/train/images/IMG_20191215_111419_1.jpg,186.19,141.78,206.51,161.56,tomato
data/Laboro-Tomato/train/images/IMG_20191215_111422.jpg,106.63,416.50,177.22,488.86,tomato
data/Laboro-Tomato/train/images/IMG_20191215_111422.jpg,169.95,144.55,252.98,220.33,tomato
data/Laboro-Tomato/train/images/IMG_20191215_111422.jpg,87.09,129.34,103.83,145.92,tomato
data/Laboro-Tomato/train/images/IMG_20191215_111422.jpg,66.03,126.75,87.75,146.44,tomato
data/Laboro-Tomato/train/images/IMG_20191215_111422.jpg,75.94,170.86,97.65,193.81,tomato
data/Laboro-Tomato/train/images/IMG_20191215_111422.jpg,65.52,192.77,80.25,212.61,tomato
data/Laboro-Tomato/train/images/IMG_20191215_111422.jpg,81.78,191.94,96.31,203.91,tomato
data/Laboro-Tomato/train/images/IMG_20191215_111422.jpg,135.14,202.36,218.63,288.40,tomato
data/Laboro-Tomato/train/images/IMG_20191215_111422.jpg,261.23,250.43,280.03,268.19,tomato
data/Laboro-Tomato/train/images/IMG_20191215_111422.jpg,108.26,213.13,139.07,249.24,tomato
data/Laboro-Tomato/train/images/IMG_20191215_111422.jpg,92.56,213.57,113.04,234.60,tomato
data/Laboro-Tomato/train/images/IMG_20191215_111422.jpg,81.53,222.95,104.57,244.08,tomato
data/Laboro-Tomato/train/images/IMG_20191215_111422.jpg,96.16,250.61,115.27,270.09,tomato
data/Laboro-Tomato/train/images/IMG_20191215_111422.jpg,85.82,205.70,93.36,215.02,tomato
data/Laboro-Tomato/train/images/IMG_20191215_111422.jpg,65.02,139.37,70.19,160.97,tomato
data/Laboro-Tomato/train/images/IMG_20191215_111422.jpg,76.81,285.68,100.66,299.87,tomato
data/Laboro-Tomato/train/images/IMG_20191215_111422.jpg,69.84,293.78,102.90,324.50,tomato
data/Laboro-Tomato/train/images/IMG_20191215_111422.jpg,114.92,308.86,134.04,331.60,tomato
data/Laboro-Tomato/train/images/IMG_20191215_111422.jpg,122.36,339.34,141.13,358.71,tomato
data/Laboro-Tomato/train/images/IMG_20191215_111422.jpg,153.50,287.62,182.64,312.22,tomato
data/Laboro-Tomato/train/images/IMG_20191215_111422.jpg,150.04,305.72,179.72,332.04,tomato
data/Laboro-Tomato/train/images/IMG_20191215_111422.jpg,374.89,317.84,403.44,344.37,tomato
data/Laboro-Tomato/train/images/IMG_20191215_111422.jpg,367.54,337.89,397.34,362.96,tomato
data/Laboro-Tomato/train/images/IMG_20191215_111422.jpg,397.71,335.87,427.63,360.84,tomato
data/Laboro-Tomato/train/images/IMG_20191215_111425.jpg,197.34,167.86,267.47,253.38,tomato
data/Laboro-Tomato/train/images/IMG_20191215_111425.jpg,262.05,237.32,326.54,299.33,tomato
data/Laboro-Tomato/train/images/IMG_20191215_111425.jpg,242.16,285.73,279.92,319.19,tomato
data/Laboro-Tomato/train/images/IMG_20191215_111425.jpg,202.53,249.08,259.09,301.76,tomato
data/Laboro-Tomato/train/images/IMG_20191215_111425.jpg,141.48,252.27,178.11,284.59,tomato
data/Laboro-Tomato/train/images/IMG_20191215_111425.jpg,115.45,231.44,160.47,263.35,tomato
data/Laboro-Tomato/train/images/IMG_20191215_111425.jpg,180.15,268.53,200.97,287.08,tomato
data/Laboro-Tomato/train/images/IMG_20191215_111426.jpg,65.00,2.46,110.45,70.78,tomato
data/Laboro-Tomato/train/images/IMG_20191215_111426.jpg,74.27,172.39,113.39,215.59,tomato
data/Laboro-Tomato/train/images/IMG_20191215_111426.jpg,64.98,162.89,81.72,203.13,tomato
data/Laboro-Tomato/train/images/IMG_20191215_111426.jpg,193.48,298.83,222.38,327.95,tomato
data/Laboro-Tomato/train/images/IMG_20191215_111426.jpg,171.04,307.30,197.42,335.02,tomato
data/Laboro-Tomato/train/images/IMG_20191215_111426.jpg,328.62,290.78,363.62,328.54,tomato
data/Laboro-Tomato/train/images/IMG_20191215_111426.jpg,272.94,271.46,331.96,336.16,tomato
data/Laboro-Tomato/train/images/IMG_20191215_111426.jpg,253.46,276.38,292.00,318.70,tomato
data/Laboro-Tomato/train/images/IMG_20191215_111426.jpg,288.08,303.16,344.72,356.25,tomato
data/Laboro-Tomato/train/images/IMG_20191215_111430.jpg,121.04,90.70,163.74,147.16,tomato
data/Laboro-Tomato/train/images/IMG_20191215_111430.jpg,127.55,108.18,186.37,169.15,tomato
data/Laboro-Tomato/train/images/IMG_20191215_111430.jpg,165.70,119.61,208.98,177.62,tomato
data/Laboro-Tomato/train/images/IMG_20191215_111430.jpg,314.63,129.63,383.28,198.89,tomato
data/Laboro-Tomato/train/images/IMG_20191215_111430.jpg,263.10,151.49,327.43,212.87,tomato
data/Laboro-Tomato/train/images/IMG_20191215_111430.jpg,227.32,321.24,289.94,384.38,tomato
data/Laboro-Tomato/train/images/IMG_20191215_111430.jpg,289.09,323.47,335.78,372.73,tomato
data/Laboro-Tomato/train/images/IMG_20191215_111430.jpg,265.14,365.03,308.07,410.72,tomato
data/Laboro-Tomato/train/images/IMG_20191215_111430.jpg,235.38,438.95,272.48,480.70,tomato
data/Laboro-Tomato/train/images/IMG_20191215_111430.jpg,257.79,457.78,289.61,494.20,tomato
data/Laboro-Tomato/train/images/IMG_20191215_111430.jpg,151.29,311.47,168.22,343.28,tomato
data/Laboro-Tomato/train/images/IMG_20191215_111430.jpg,147.38,337.74,177.65,371.51,tomato
data/Laboro-Tomato/train/images/IMG_20191215_111430.jpg,172.87,345.07,187.36,365.53,tomato
data/Laboro-Tomato/train/images/IMG_20191215_111430.jpg,151.42,359.83,180.91,379.88,tomato
data/Laboro-Tomato/train/images/IMG_20191215_111430.jpg,91.38,302.80,109.48,314.97,tomato
data/Laboro-Tomato/train/images/IMG_20191215_111430.jpg,107.95,308.99,119.72,320.38,tomato
data/Laboro-Tomato/train/images/IMG_20191215_111430.jpg,93.48,312.35,108.86,322.30,tomato
data/Laboro-Tomato/train/images/IMG_20191215_111430.jpg,103.42,292.07,112.20,307.46,tomato
data/Laboro-Tomato/train/images/IMG_20191215_111430.jpg,85.32,241.34,103.81,262.68,tomato
data/Laboro-Tomato/train/images/IMG_20191215_111430.jpg,67.08,171.41,85.45,188.09,tomato
data/Laboro-Tomato/train/images/IMG_20191215_111430.jpg,80.79,166.61,102.67,180.45,tomato
data/Laboro-Tomato/train/images/IMG_20191215_111433.jpg,138.33,129.84,181.34,184.28,tomato
data/Laboro-Tomato/train/images/IMG_20191215_111433.jpg,177.16,148.43,196.66,169.41,tomato
data/Laboro-Tomato/train/images/IMG_20191215_111433.jpg,151.13,177.31,177.32,192.33,tomato
data/Laboro-Tomato/train/images/IMG_20191215_111433.jpg,175.39,161.82,222.98,208.55,tomato
data/Laboro-Tomato/train/images/IMG_20191215_111433.jpg,187.38,119.14,206.65,139.03,tomato
data/Laboro-Tomato/train/images/IMG_20191215_111433.jpg,202.20,231.11,228.03,260.37,tomato
data/Laboro-Tomato/train/images/IMG_20191215_111433.jpg,143.69,318.62,195.01,375.91,tomato
data/Laboro-Tomato/train/images/IMG_20191215_111433.jpg,97.87,325.46,144.56,376.64,tomato
data/Laboro-Tomato/train/images/IMG_20191215_111433.jpg,143.40,409.19,162.59,431.21,tomato
data/Laboro-Tomato/train/images/IMG_20191215_111433.jpg,119.43,417.51,149.81,447.86,tomato
data/Laboro-Tomato/train/images/IMG_20191215_111433.jpg,200.08,441.34,235.05,472.93,tomato
data/Laboro-Tomato/train/images/IMG_20191215_111433.jpg,206.39,402.69,261.83,463.30,tomato
data/Laboro-Tomato/train/images/IMG_20191215_111433.jpg,228.44,379.59,273.97,424.14,tomato
data/Laboro-Tomato/train/images/IMG_20191215_111433.jpg,262.61,401.55,302.66,453.98,tomato
data/Laboro-Tomato/train/images/IMG_20191215_111433.jpg,188.62,411.34,211.78,446.88,tomato
data/Laboro-Tomato/train/images/IMG_20191215_111433.jpg,291.32,152.06,355.46,232.30,tomato
data/Laboro-Tomato/train/images/IMG_20191215_111433.jpg,348.78,144.88,416.18,216.06,tomato
data/Laboro-Tomato/train/images/IMG_20191215_111433.jpg,380.60,173.30,436.04,231.99,tomato
data/Laboro-Tomato/train/images/IMG_20191215_111433.jpg,314.75,229.91,345.56,249.44,tomato
data/Laboro-Tomato/train/images/IMG_20191215_111433.jpg,342.14,214.69,400.29,264.98,tomato
data/Laboro-Tomato/train/images/IMG_20191215_111433.jpg,276.60,157.58,299.17,181.51,tomato
data/Laboro-Tomato/train/images/IMG_20191215_111433.jpg,264.65,145.58,285.16,167.50,tomato
data/Laboro-Tomato/train/images/IMG_20191215_111435.jpg,321.78,85.73,371.55,149.96,tomato
data/Laboro-Tomato/train/images/IMG_20191215_111435.jpg,78.99,107.98,113.02,140.25,tomato
data/Laboro-Tomato/train/images/IMG_20191215_111435.jpg,269.97,134.16,351.01,207.72,tomato
data/Laboro-Tomato/train/images/IMG_20191215_111435.jpg,65.16,210.93,75.26,226.99,tomato
data/Laboro-Tomato/train/images/IMG_20191215_111435.jpg,165.43,168.01,205.44,207.85,tomato
data/Laboro-Tomato/train/images/IMG_20191215_111435.jpg,132.23,176.87,187.12,236.91,tomato
data/Laboro-Tomato/train/images/IMG_20191215_111435.jpg,175.51,206.84,215.17,242.58,tomato
data/Laboro-Tomato/train/images/IMG_20191215_111435.jpg,247.98,395.23,294.68,453.98,tomato
data/Laboro-Tomato/train/images/IMG_20191215_111435.jpg,207.52,376.95,253.33,424.40,tomato
data/Laboro-Tomato/train/images/IMG_20191215_111435.jpg,215.10,423.80,257.17,469.75,tomato
data/Laboro-Tomato/train/images/IMG_20191215_111435.jpg,200.80,471.95,225.78,501.27,tomato
data/Laboro-Tomato/train/images/IMG_20191215_111435.jpg,101.07,373.79,123.33,396.06,tomato
data/Laboro-Tomato/train/images/IMG_20191215_111435.jpg,84.41,386.48,107.29,409.48,tomato
data/Laboro-Tomato/train/images/IMG_20191215_111435.jpg,102.24,394.64,122.94,413.23,tomato
data/Laboro-Tomato/train/images/IMG_20191215_111435.jpg,84.15,280.55,120.36,312.25,tomato
data/Laboro-Tomato/train/images/IMG_20191215_111435.jpg,82.33,323.21,95.77,338.49,tomato
data/Laboro-Tomato/train/images/IMG_20191215_111435.jpg,67.08,322.33,83.12,336.67,tomato
data/Laboro-Tomato/train/images/IMG_20191215_111437.jpg,65.29,138.02,86.85,163.77,tomato
data/Laboro-Tomato/train/images/IMG_20191215_111437.jpg,65.00,151.75,72.15,180.29,tomato
data/Laboro-Tomato/train/images/IMG_20191215_111437.jpg,247.38,239.06,298.39,288.89,tomato
data/Laboro-Tomato/train/images/IMG_20191215_111437.jpg,80.48,291.82,100.57,312.07,tomato
data/Laboro-Tomato/train/images/IMG_20191215_111437.jpg,65.02,297.05,83.01,316.68,tomato
data/Laboro-Tomato/train/images/IMG_20191215_111437.jpg,203.05,354.34,233.24,382.88,tomato
data/Laboro-Tomato/train/images/IMG_20191215_111437.jpg,186.39,376.17,216.88,407.56,tomato
data/Laboro-Tomato/train/images/IMG_20191215_111437.jpg,216.71,377.80,241.26,404.58,tomato
data/Laboro-Tomato/train/images/IMG_20191215_111437.jpg,378.27,428.10,407.29,460.68,tomato
data/Laboro-Tomato/train/images/IMG_20191215_111437.jpg,290.78,115.82,327.41,145.04,tomato
data/Laboro-Tomato/train/images/IMG_20191215_111437.jpg,306.53,102.80,336.44,132.37,tomato
data/Laboro-Tomato/train/images/IMG_20191215_111437.jpg,173.29,103.50,200.84,128.15,tomato
data/Laboro-Tomato/train/images/IMG_20191215_111438.jpg,380.95,13.68,408.34,49.83,tomato
data/Laboro-Tomato/train/images/IMG_20191215_111438.jpg,350.29,18.57,380.79,52.50,tomato
data/Laboro-Tomato/train/images/IMG_20191215_111438.jpg,401.32,32.43,430.93,62.78,tomato
data/Laboro-Tomato/train/images/IMG_20191215_111438.jpg,259.29,260.76,295.42,299.30,tomato
data/Laboro-Tomato/train/images/IMG_20191215_111438.jpg,218.67,271.61,279.94,344.81,tomato
data/Laboro-Tomato/train/images/IMG_20191215_111438.jpg,203.19,408.47,228.75,437.01,tomato
data/Laboro-Tomato/train/images/IMG_20191215_111438.jpg,184.27,417.56,210.77,445.22,tomato
data/Laboro-Tomato/train/images/IMG_20191215_111438.jpg,65.29,311.81,90.74,336.62,tomato
data/Laboro-Tomato/train/images/IMG_20191215_111438.jpg,65.16,253.04,96.39,281.74,tomato
data/Laboro-Tomato/train/images/IMG_20191215_111438.jpg,353.60,180.60,395.83,217.64,tomato
data/Laboro-Tomato/train/images/IMG_20191215_111439.jpg,204.88,202.51,275.39,264.83,tomato
data/Laboro-Tomato/train/images/IMG_20191215_111439.jpg,273.33,209.82,301.73,238.77,tomato
data/Laboro-Tomato/train/images/IMG_20191215_111439.jpg,324.56,279.18,373.12,318.70,tomato
data/Laboro-Tomato/train/images/IMG_20191215_111439.jpg,343.01,304.61,382.79,345.89,tomato
data/Laboro-Tomato/train/images/IMG_20191215_111439.jpg,296.78,304.61,347.98,355.84,tomato
data/Laboro-Tomato/train/images/IMG_20191215_111439.jpg,265.17,344.42,293.26,374.25,tomato
data/Laboro-Tomato/train/images/IMG_20191215_111439.jpg,169.78,305.18,216.01,351.44,tomato
data/Laboro-Tomato/train/images/IMG_20191215_111439.jpg,196.99,275.96,242.64,318.08,tomato
data/Laboro-Tomato/train/images/IMG_20191215_111441.jpg,95.38,11.91,125.76,46.31,tomato
data/Laboro-Tomato/train/images/IMG_20191215_111441.jpg,122.25,28.57,150.02,60.84,tomato
data/Laboro-Tomato/train/images/IMG_20191215_111441.jpg,66.44,66.41,80.11,82.15,tomato
data/Laboro-Tomato/train/images/IMG_20191215_111441.jpg,65.41,98.55,74.77,114.97,tomato
data/Laboro-Tomato/train/images/IMG_20191215_111441.jpg,74.97,115.23,88.21,126.26,tomato
data/Laboro-Tomato/train/images/IMG_20191215_111441.jpg,109.66,114.37,130.83,140.90,tomato
data/Laboro-Tomato/train/images/IMG_20191215_111441.jpg,101.64,111.81,119.58,134.45,tomato
data/Laboro-Tomato/train/images/IMG_20191215_111441.jpg,149.89,99.17,176.69,127.40,tomato
data/Laboro-Tomato/train/images/IMG_20191215_111441.jpg,136.43,118.65,159.39,143.25,tomato
data/Laboro-Tomato/train/images/IMG_20191215_111441.jpg,85.12,152.24,101.75,166.43,tomato
data/Laboro-Tomato/train/images/IMG_20191215_111441.jpg,84.06,163.25,101.19,178.74,tomato
data/Laboro-Tomato/train/images/IMG_20191215_111441.jpg,77.24,163.22,89.05,177.83,tomato
data/Laboro-Tomato/train/images/IMG_20191215_111441.jpg,110.51,179.59,121.97,189.64,tomato
data/Laboro-Tomato/train/images/IMG_20191215_111441.jpg,161.21,171.72,183.32,193.47,tomato
data/Laboro-Tomato/train/images/IMG_20191215_111441.jpg,155.58,187.96,180.87,214.12,tomato
data/Laboro-Tomato/train/images/IMG_20191215_111441.jpg,176.73,190.29,198.49,211.27,tomato
data/Laboro-Tomato/train/images/IMG_20191215_111441.jpg,207.37,195.44,257.13,241.44,tomato
data/Laboro-Tomato/train/images/IMG_20191215_111441.jpg,197.40,235.33,244.18,276.66,tomato
data/Laboro-Tomato/train/images/IMG_20191215_111441.jpg,164.67,241.41,205.58,279.80,tomato
data/Laboro-Tomato/train/images/IMG_20191215_111441.jpg,308.63,254.42,367.91,310.00,tomato
data/Laboro-Tomato/train/images/IMG_20191215_111441.jpg,259.15,271.17,319.10,330.54,tomato
data/Laboro-Tomato/train/images/IMG_20191215_111441.jpg,201.42,309.63,220.65,327.09,tomato
data/Laboro-Tomato/train/images/IMG_20191215_111441.jpg,258.59,322.58,293.55,357.45,tomato
data/Laboro-Tomato/train/images/IMG_20191215_111442.jpg,177.22,252.27,288.06,348.61,tomato
data/Laboro-Tomato/train/images/IMG_20191215_111442.jpg,137.40,302.49,158.65,322.84,tomato
data/Laboro-Tomato/train/images/IMG_20191215_111442.jpg,123.61,309.25,145.56,332.56,tomato
data/Laboro-Tomato/train/images/IMG_20191215_111442.jpg,117.49,319.66,145.30,340.69,tomato
data/Laboro-Tomato/train/images/IMG_20191215_111444.jpg,246.20,136.88,312.94,229.86,tomato
data/Laboro-Tomato/train/images/IMG_20191215_111444.jpg,294.39,168.30,357.29,244.76,tomato
data/Laboro-Tomato/train/images/IMG_20191215_111444.jpg,138.37,17.64,154.10,36.96,tomato
data/Laboro-Tomato/train/images/IMG_20191215_111444.jpg,172.75,20.69,189.18,39.50,tomato
data/Laboro-Tomato/train/images/IMG_20191215_111444.jpg,159.93,31.99,183.36,61.77,tomato
data/Laboro-Tomato/train/images/IMG_20191215_111444.jpg,270.26,284.49,326.71,341.47,tomato
data/Laboro-Tomato/train/images/IMG_20191215_111444.jpg,259.48,335.28,307.04,389.82,tomato
data/Laboro-Tomato/train/images/IMG_20191215_111444.jpg,204.06,362.50,241.17,405.08,tomato
data/Laboro-Tomato/train/images/IMG_20191215_111444.jpg,234.17,384.02,270.26,422.51,tomato
data/Laboro-Tomato/train/images/IMG_20191215_111444.jpg,214.51,403.00,263.27,455.01,tomato
data/Laboro-Tomato/train/images/IMG_20191215_111444.jpg,184.21,458.09,208.73,475.65,tomato
data/Laboro-Tomato/train/images/IMG_20191215_111444.jpg,184.00,466.12,212.90,495.91,tomato
data/Laboro-Tomato/train/images/IMG_20191215_111444.jpg,127.55,116.47,141.53,138.49,tomato
data/Laboro-Tomato/train/images/IMG_20191215_111444.jpg,82.50,150.30,103.75,170.97,tomato
data/Laboro-Tomato/train/images/IMG_20191215_111445.jpg,98.20,314.56,173.45,392.41,tomato
data/Laboro-Tomato/train/images/IMG_20191215_111445.jpg,164.73,339.70,232.79,407.98,tomato
data/Laboro-Tomato/train/images/IMG_20191215_111445.jpg,129.82,387.44,173.45,439.08,tomato
data/Laboro-Tomato/train/images/IMG_20191215_111445.jpg,159.76,406.97,234.35,473.53,tomato
data/Laboro-Tomato/train/images/IMG_20191215_111445.jpg,280.52,243.74,333.40,288.03,tomato
data/Laboro-Tomato/train/images/IMG_20191215_111445.jpg,254.53,217.61,297.46,264.65,tomato
data/Laboro-Tomato/train/images/IMG_20191215_111445.jpg,372.42,223.93,401.48,255.22,tomato
data/Laboro-Tomato/train/images/IMG_20191215_111445.jpg,405.09,234.89,435.01,269.96,tomato
data/Laboro-Tomato/train/images/IMG_20191215_111445.jpg,377.35,253.54,407.81,278.14,tomato
data/Laboro-Tomato/train/images/IMG_20191215_111446.jpg,206.63,252.68,292.84,347.27,tomato
data/Laboro-Tomato/train/images/IMG_20191215_111446.jpg,278.09,275.55,362.47,379.82,tomato
data/Laboro-Tomato/train/images/IMG_20191215_111446.jpg,111.17,330.61,136.39,353.87,tomato
data/Laboro-Tomato/train/images/IMG_20191215_111446.jpg,77.04,337.48,130.58,387.41,tomato
data/Laboro-Tomato/train/images/IMG_20191215_111446.jpg,93.48,378.19,145.07,434.86,tomato
data/Laboro-Tomato/train/images/IMG_20191215_111446.jpg,65.00,383.27,105.87,426.99,tomato
data/Laboro-Tomato/train/images/IMG_20191215_111448.jpg,98.02,296.63,138.74,333.77,tomato
data/Laboro-Tomato/train/images/IMG_20191215_111448.jpg,205.77,265.84,284.44,344.37,tomato
data/Laboro-Tomato/train/images/IMG_20191215_111448.jpg,271.97,305.15,343.65,383.68,tomato
data/Laboro-Tomato/train/images/IMG_20191215_111448.jpg,213.14,342.48,280.35,410.39,tomato
data/Laboro-Tomato/train/images/IMG_20191215_111448.jpg,271.58,173.50,291.83,188.27,tomato
data/Laboro-Tomato/train/images/IMG_20191215_111450.jpg,262.51,25.33,341.69,107.90,tomato
data/Laboro-Tomato/train/images/IMG_20191215_111450.jpg,314.96,0.23,381.71,40.07,tomato
data/Laboro-Tomato/train/images/IMG_20191215_111450.jpg,149.73,100.75,167.45,117.33,tomato
data/Laboro-Tomato/train/images/IMG_20191215_111450.jpg,133.82,109.56,164.09,140.22,tomato
data/Laboro-Tomato/train/images/IMG_20191215_111450.jpg,117.89,92.64,136.66,112.28,tomato
data/Laboro-Tomato/train/images/IMG_20191215_111450.jpg,107.02,102.59,136.27,128.33,tomato
data/Laboro-Tomato/train/images/IMG_20191215_111450.jpg,162.53,232.53,185.18,251.70,tomato
data/Laboro-Tomato/train/images/IMG_20191215_111450.jpg,156.84,240.61,185.28,276.56,tomato
data/Laboro-Tomato/train/images/IMG_20191215_111450.jpg,225.26,375.60,279.34,451.64,tomato
data/Laboro-Tomato/train/images/IMG_20191215_111450.jpg,178.19,397.98,241.71,474.95,tomato
data/Laboro-Tomato/train/images/IMG_20191215_111450.jpg,161.25,462.57,237.05,517.79,tomato
data/Laboro-Tomato/train/images/IMG_20191215_111450.jpg,366.96,502.33,397.15,517.82,tomato
data/Laboro-Tomato/train/images/IMG_20191215_111450.jpg,431.08,346.75,453.38,380.94,tomato
data/Laboro-Tomato/train/images/IMG_20191215_111450.jpg,397.01,336.03,430.35,367.73,tomato
data/Laboro-Tomato/train/images/IMG_20191215_111450.jpg,394.33,354.78,422.46,380.68,tomato
data/Laboro-Tomato/train/images/IMG_20191215_111452.jpg,268.36,0.47,390.08,116.29,tomato
data/Laboro-Tomato/train/images/IMG_20191215_111452.jpg,184.46,93.45,270.87,185.75,tomato
data/Laboro-Tomato/train/images/IMG_20191215_111452.jpg,262.94,112.20,358.20,202.02,tomato
data/Laboro-Tomato/train/images/IMG_20191215_111452.jpg,237.14,211.76,316.55,288.01,tomato
data/Laboro-Tomato/train/images/IMG_20191215_111452.jpg,167.47,232.56,245.28,308.13,tomato
data/Laboro-Tomato/train/images/IMG_20191215_111452.jpg,227.65,280.99,288.06,343.41,tomato
data/Laboro-Tomato/train/images/IMG_20191215_111452.jpg,200.33,350.56,250.88,398.16,tomato
data/Laboro-Tomato/train/images/IMG_20191215_111452.jpg,65.21,261.07,95.71,290.18,tomato
data/Laboro-Tomato/train/images/IMG_20191215_111452.jpg,68.73,281.12,104.32,323.39,tomato
data/Laboro-Tomato/train/images/IMG_20191215_111453.jpg,253.01,296.11,307.75,349.73,tomato
data/Laboro-Tomato/train/images/IMG_20191215_111453.jpg,167.00,119.87,186.70,139.34,tomato
data/Laboro-Tomato/train/images/IMG_20191215_111453.jpg,160.71,140.46,181.72,158.12,tomato
data/Laboro-Tomato/train/images/IMG_20191215_111454.jpg,77.88,96.14,92.37,109.71,tomato
data/Laboro-Tomato/train/images/IMG_20191215_111454.jpg,101.40,475.55,132.64,513.31,tomato
data/Laboro-Tomato/train/images/IMG_20191215_111454.jpg,79.47,483.48,106.39,517.40,tomato
data/Laboro-Tomato/train/images/IMG_20191215_111454.jpg,76.31,318.73,99.38,340.69,tomato
data/Laboro-Tomato/train/images/IMG_20191215_111454.jpg,70.42,339.11,94.16,361.75,tomato
data/Laboro-Tomato/train/images/IMG_20191215_111454.jpg,265.43,248.38,326.27,315.10,tomato
data/Laboro-Tomato/train/images/IMG_20191215_111454.jpg,209.56,267.88,252.76,320.36,tomato
data/Laboro-Tomato/train/images/IMG_20191215_111454.jpg,238.06,313.55,250.06,332.09,tomato
data/Laboro-Tomato/train/images/IMG_20191215_111454.jpg,263.85,306.53,300.96,346.36,tomato
data/Laboro-Tomato/train/images/IMG_20191215_111455.jpg,66.57,465.79,103.21,513.96,tomato
data/Laboro-Tomato/train/images/IMG_20191215_111455.jpg,65.00,318.29,110.45,342.27,tomato
data/Laboro-Tomato/train/images/IMG_20191215_111455.jpg,66.57,478.27,110.90,517.84,tomato
data/Laboro-Tomato/train/images/IMG_20191215_111455.jpg,128.79,302.02,230.81,408.78,tomato
data/Laboro-Tomato/train/images/IMG_20191215_111455.jpg,223.35,279.82,366.79,425.28,tomato
data/Laboro-Tomato/train/images/IMG_20191215_111456.jpg,65.43,141.41,101.64,179.64,tomato
data/Laboro-Tomato/train/images/IMG_20191215_111456.jpg,68.61,284.80,119.27,332.56,tomato
data/Laboro-Tomato/train/images/IMG_20191215_111456.jpg,65.00,304.95,90.10,358.09,tomato
data/Laboro-Tomato/train/images/IMG_20191215_111456.jpg,89.46,309.50,133.55,348.87,tomato
data/Laboro-Tomato/train/images/IMG_20191215_111456.jpg,77.22,339.81,121.55,381.66,tomato
data/Laboro-Tomato/train/images/IMG_20191215_111456.jpg,83.98,378.27,111.13,394.79,tomato
data/Laboro-Tomato/train/images/IMG_20191215_111456.jpg,121.80,432.09,180.62,497.72,tomato
data/Laboro-Tomato/train/images/IMG_20191215_111456.jpg,175.41,390.03,282.40,512.64,tomato
data/Laboro-Tomato/train/images/IMG_20191215_111456.jpg,257.73,332.79,342.82,426.91,tomato
data/Laboro-Tomato/train/images/IMG_20191215_111456.jpg,262.07,452.24,286.04,487.52,tomato
data/Laboro-Tomato/train/images/IMG_20191215_111456.jpg,255.02,485.73,303.89,517.84,tomato
data/Laboro-Tomato/train/images/IMG_20191215_111457.jpg,266.79,60.84,395.07,200.65,tomato
data/Laboro-Tomato/train/images/IMG_20191215_111457.jpg,157.31,149.78,303.23,314.24,tomato
data/Laboro-Tomato/train/images/IMG_20191215_111457.jpg,65.02,115.59,89.22,171.90,tomato
data/Laboro-Tomato/train/images/IMG_20191215_111457.jpg,64.98,157.24,112.49,203.39,tomato
data/Laboro-Tomato/train/images/IMG_20191215_111457.jpg,65.00,193.42,103.23,238.90,tomato
data/Laboro-Tomato/train/images/IMG_20191215_111457.jpg,87.42,223.28,166.36,301.76,tomato
data/Laboro-Tomato/train/images/IMG_20191215_111457.jpg,248.94,284.56,293.73,328.02,tomato
data/Laboro-Tomato/train/images/IMG_20191215_111457.jpg,262.26,321.91,315.21,385.26,tomato
data/Laboro-Tomato/train/images/IMG_20191215_111457.jpg,71.12,236.18,94.86,262.86,tomato
data/Laboro-Tomato/train/images/IMG_20191215_111458.jpg,78.56,26.91,132.17,83.22,tomato
data/Laboro-Tomato/train/images/IMG_20191215_111458.jpg,129.84,179.46,172.42,216.91,tomato
data/Laboro-Tomato/train/images/IMG_20191215_111458.jpg,131.63,215.85,170.01,245.89,tomato
data/Laboro-Tomato/train/images/IMG_20191215_111458.jpg,243.44,188.45,333.34,281.69,tomato
data/Laboro-Tomato/train/images/IMG_20191215_111458.jpg,184.60,232.53,269.80,328.15,tomato
data/Laboro-Tomato/train/images/IMG_20191215_111458.jpg,168.24,311.91,202.47,346.57,tomato
data/Laboro-Tomato/train/images/IMG_20191215_111458.jpg,207.64,304.95,272.79,351.36,tomato
data/Laboro-Tomato/train/images/IMG_20191215_111459.jpg,112.51,272.83,245.30,400.67,tomato
data/Laboro-Tomato/train/images/IMG_20191215_111459.jpg,204.12,342.06,341.88,465.81,tomato
data/Laboro-Tomato/train/images/IMG_20191215_111500.jpg,255.25,455.61,309.33,517.82,tomato
data/Laboro-Tomato/train/images/IMG_20191215_111500.jpg,254.14,335.95,326.52,399.30,tomato
data/Laboro-Tomato/train/images/IMG_20191215_111500.jpg,235.12,263.58,306.84,339.37,tomato
data/Laboro-Tomato/train/images/IMG_20191215_111501.jpg,259.09,217.17,356.61,334.81,tomato
data/Laboro-Tomato/train/images/IMG_20191215_111501.jpg,166.59,240.51,278.56,374.88,tomato
data/Laboro-Tomato/train/images/IMG_20191215_111501.jpg,65.00,146.80,129.49,213.31,tomato
data/Laboro-Tomato/train/images/IMG_20191215_111501.jpg,126.05,175.34,179.01,230.77,tomato
data/Laboro-Tomato/train/images/IMG_20191215_111501.jpg,122.23,238.46,162.71,282.34,tomato
data/Laboro-Tomato/train/images/IMG_20191215_111501.jpg,90.33,241.83,126.54,279.18,tomato
data/Laboro-Tomato/train/images/IMG_20191215_111504.jpg,270.42,265.16,397.58,383.48,tomato
data/Laboro-Tomato/train/images/IMG_20191215_111504.jpg,177.66,292.75,282.40,401.99,tomato
data/Laboro-Tomato/train/images/IMG_20191215_111505.jpg,244.08,250.76,283.28,272.73,tomato
data/Laboro-Tomato/train/images/IMG_20191215_111505.jpg,344.78,458.25,420.26,517.66,tomato
data/Laboro-Tomato/train/images/IMG_20191215_111505.jpg,153.36,366.67,262.80,476.12,tomato
data/Laboro-Tomato/train/images/IMG_20191215_111506.jpg,171.08,0.00,270.19,100.21,tomato
data/Laboro-Tomato/train/images/IMG_20191215_111506.jpg,158.20,258.56,260.22,361.49,tomato
data/Laboro-Tomato/train/images/IMG_20191215_111506.jpg,320.63,220.80,351.17,248.20,tomato
data/Laboro-Tomato/train/images/IMG_20191215_111506.jpg,335.96,369.46,398.24,443.90,tomato
data/Laboro-Tomato/train/images/IMG_20191215_111506.jpg,68.17,480.52,140.78,517.87,tomato
data/Laboro-Tomato/train/images/IMG_20191215_111506.jpg,205.50,487.08,252.55,517.64,tomato
data/Laboro-Tomato/train/images/IMG_20191215_111507.jpg,72.69,27.38,141.69,104.51,tomato
data/Laboro-Tomato/train/images/IMG_20191215_111507.jpg,139.20,0.47,165.00,29.89,tomato
data/Laboro-Tomato/train/images/IMG_20191215_111507.jpg,87.40,209.95,163.43,278.74,tomato
data/Laboro-Tomato/train/images/IMG_20191215_111507.jpg,94.39,265.81,154.80,288.45,tomato
data/Laboro-Tomato/train/images/IMG_20191215_111507.jpg,164.09,181.43,183.71,200.65,tomato
data/Laboro-Tomato/train/images/IMG_20191215_111507.jpg,214.16,275.73,253.68,323.28,tomato
data/Laboro-Tomato/train/images/IMG_20191215_111507.jpg,250.08,283.63,301.05,336.00,tomato
data/Laboro-Tomato/train/images/IMG_20191215_111507.jpg,65.02,410.70,85.88,460.99,tomato
data/Laboro-Tomato/train/images/IMG_20191215_111507.jpg,124.85,406.79,163.35,444.60,tomato
data/Laboro-Tomato/train/images/IMG_20191215_111507.jpg,410.88,351.72,440.64,380.11,tomato
data/Laboro-Tomato/train/images/IMG_20191215_111507.jpg,380.09,415.18,405.77,441.18,tomato
data/Laboro-Tomato/train/images/IMG_20191215_111507.jpg,378.03,436.05,404.02,462.57,tomato
data/Laboro-Tomato/train/images/IMG_20191215_111509.jpg,170.87,248.64,264.96,347.06,tomato
data/Laboro-Tomato/train/images/IMG_20191215_111509.jpg,246.22,299.51,298.47,326.65,tomato
data/Laboro-Tomato/train/images/IMG_20191215_111509.jpg,147.34,341.62,230.83,458.79,tomato
data/Laboro-Tomato/train/images/IMG_20191215_111509.jpg,210.71,316.24,352.78,478.68,tomato
data/Laboro-Tomato/train/images/IMG_20191215_111509.jpg,324.50,283.89,453.21,422.35,tomato
data/Laboro-Tomato/train/images/IMG_20191215_111509.jpg,339.20,408.37,377.43,454.52,tomato
data/Laboro-Tomato/train/images/IMG_20191215_111510.jpg,214.75,255.40,298.00,337.30,tomato
data/Laboro-Tomato/train/images/IMG_20191215_111510.jpg,202.76,310.41,289.40,383.92,tomato
data/Laboro-Tomato/train/images/IMG_20191215_111510.jpg,251.19,346.78,373.37,448.15,tomato
data/Laboro-Tomato/train/images/IMG_20191215_111512.jpg,184.00,311.29,306.84,446.13,tomato
data/Laboro-Tomato/train/images/IMG_20191215_111512.jpg,255.93,220.36,382.85,347.27,tomato
data/Laboro-Tomato/train/images/IMG_20191215_111512.jpg,115.66,185.52,256.61,331.24,tomato
data/Laboro-Tomato/train/images/IMG_20191215_111513.jpg,85.80,0.00,145.28,39.16,tomato
data/Laboro-Tomato/train/images/IMG_20191215_111513.jpg,154.57,189.12,250.72,297.69,tomato
data/Laboro-Tomato/train/images/IMG_20191215_111513.jpg,226.99,204.04,356.63,320.80,tomato
data/Laboro-Tomato/train/images/IMG_20191215_111513.jpg,87.42,258.59,153.69,320.12,tomato
data/Laboro-Tomato/train/images/IMG_20191215_111513.jpg,65.25,268.56,88.99,322.17,tomato
data/Laboro-Tomato/train/images/IMG_20191215_111513.jpg,91.22,409.25,107.07,444.52,tomato
data/Laboro-Tomato/train/images/IMG_20191215_111513.jpg,107.06,290.73,239.42,445.45,tomato
data/Laboro-Tomato/train/images/IMG_20191215_111513.jpg,83.49,325.98,100.82,345.04,tomato
data/Laboro-Tomato/train/images/IMG_20191215_111513.jpg,407.05,168.07,437.16,199.51,tomato
data/Laboro-Tomato/train/images/IMG_20191215_111514.jpg,287.14,239.78,431.04,386.38,tomato
data/Laboro-Tomato/train/images/IMG_20191215_111514.jpg,179.01,273.76,305.46,394.77,tomato
data/Laboro-Tomato/train/images/IMG_20191215_111514.jpg,138.76,252.03,172.67,285.75,tomato
data/Laboro-Tomato/train/images/IMG_20191215_111514.jpg,176.75,255.17,219.29,304.48,tomato
data/Laboro-Tomato/train/images/IMG_20191215_111514.jpg,166.59,263.09,184.70,299.04,tomato
data/Laboro-Tomato/train/images/IMG_20191215_111514.jpg,247.13,465.84,305.71,517.84,tomato
data/Laboro-Tomato/train/images/IMG_20191215_111515.jpg,124.52,73.58,168.81,121.81,tomato
data/Laboro-Tomato/train/images/IMG_20191215_111515.jpg,173.10,69.41,227.68,138.20,tomato
data/Laboro-Tomato/train/images/IMG_20191215_111515.jpg,159.76,96.48,196.20,144.19,tomato
data/Laboro-Tomato/train/images/IMG_20191215_111515.jpg,130.46,188.29,157.81,215.23,tomato
data/Laboro-Tomato/train/images/IMG_20191215_111515.jpg,116.32,186.38,139.09,208.86,tomato
data/Laboro-Tomato/train/images/IMG_20191215_111515.jpg,100.99,136.57,117.66,156.20,tomato
data/Laboro-Tomato/train/images/IMG_20191215_111515.jpg,92.97,144.86,107.11,160.04,tomato
data/Laboro-Tomato/train/images/IMG_20191215_111515.jpg,74.21,107.38,89.98,123.44,tomato
data/Laboro-Tomato/train/images/IMG_20191215_111515.jpg,87.63,118.83,100.57,130.43,tomato
data/Laboro-Tomato/train/images/IMG_20191215_111515.jpg,64.98,100.28,73.02,111.58,tomato
data/Laboro-Tomato/train/images/IMG_20191215_111515.jpg,267.02,284.12,355.36,369.49,tomato
data/Laboro-Tomato/train/images/IMG_20191215_111515.jpg,205.27,392.26,222.01,409.92,tomato
data/Laboro-Tomato/train/images/IMG_20191215_111515.jpg,78.81,84.12,89.96,94.69,tomato
data/Laboro-Tomato/train/images/IMG_20191215_111515.jpg,98.72,113.39,108.75,124.16,tomato
data/Laboro-Tomato/train/images/IMG_20191215_111516.jpg,245.96,308.13,353.66,414.68,tomato
data/Laboro-Tomato/train/images/IMG_20191215_111517_1.jpg,276.54,282.34,355.48,364.23,tomato
data/Laboro-Tomato/train/images/IMG_20191215_111517_1.jpg,221.99,265.84,288.50,329.86,tomato
data/Laboro-Tomato/train/images/IMG_20191215_111517_1.jpg,151.93,234.73,169.91,250.53,tomato
data/Laboro-Tomato/train/images/IMG_20191215_111517_1.jpg,143.24,215.38,168.34,240.35,tomato
data/Laboro-Tomato/train/images/IMG_20191215_111517_1.jpg,135.49,178.89,156.59,199.87,tomato
data/Laboro-Tomato/train/images/IMG_20191215_111517_1.jpg,144.16,162.34,168.98,186.38,tomato
data/Laboro-Tomato/train/images/IMG_20191215_111517_1.jpg,118.57,112.28,149.34,151.59,tomato
data/Laboro-Tomato/train/images/IMG_20191215_111517_1.jpg,101.85,128.72,128.38,155.87,tomato
data/Laboro-Tomato/train/images/IMG_20191215_111517_1.jpg,393.96,182.03,446.29,221.19,tomato
data/Laboro-Tomato/train/images/IMG_20191215_111517_1.jpg,414.98,209.04,447.65,239.13,tomato
data/Laboro-Tomato/train/images/IMG_20191215_111517_1.jpg,321.29,16.96,352.53,48.61,tomato
data/Laboro-Tomato/train/images/IMG_20191215_111517_1.jpg,325.18,39.58,355.71,70.34,tomato
data/Laboro-Tomato/train/images/IMG_20191215_111517_1.jpg,85.86,74.59,102.65,91.17,tomato
data/Laboro-Tomato/train/images/IMG_20191215_111517_1.jpg,72.52,19.35,94.08,40.74,tomato
data/Laboro-Tomato/train/images/IMG_20191215_111517_1.jpg,71.53,80.24,92.04,98.89,tomato
data/Laboro-Tomato/train/images/IMG_20191215_111517_1.jpg,134.44,3.06,156.01,28.54,tomato
data/Laboro-Tomato/train/images/IMG_20191215_111519.jpg,138.06,17.20,183.32,64.23,tomato
data/Laboro-Tomato/train/images/IMG_20191215_111519.jpg,121.12,2.95,176.32,60.87,tomato
data/Laboro-Tomato/train/images/IMG_20191215_111519.jpg,227.51,278.76,275.30,320.67,tomato
data/Laboro-Tomato/train/images/IMG_20191215_111519.jpg,248.53,220.33,288.85,261.82,tomato
data/Laboro-Tomato/train/images/IMG_20191215_111519.jpg,260.69,259.05,300.94,287.54,tomato
data/Laboro-Tomato/train/images/IMG_20191215_111520.jpg,207.81,7.04,251.71,45.07,tomato
data/Laboro-Tomato/train/images/IMG_20191215_111520.jpg,209.85,41.54,242.91,83.09,tomato
data/Laboro-Tomato/train/images/IMG_20191215_111520.jpg,235.90,246.72,310.80,314.89,tomato
data/Laboro-Tomato/train/images/IMG_20191215_111520.jpg,299.69,238.80,337.14,280.34,tomato
data/Laboro-Tomato/train/images/IMG_20191215_111520.jpg,323.97,269.23,359.95,318.08,tomato
data/Laboro-Tomato/train/images/IMG_20191215_111520.jpg,292.95,280.37,343.88,329.53,tomato
data/Laboro-Tomato/train/images/IMG_20191215_111521.jpg,65.43,117.20,155.25,206.55,tomato
data/Laboro-Tomato/train/images/IMG_20191215_111521.jpg,65.21,203.39,153.21,279.18,tomato
data/Laboro-Tomato/train/images/IMG_20191215_111521.jpg,209.56,329.16,297.13,419.86,tomato
data/Laboro-Tomato/train/images/IMG_20191215_111521.jpg,275.37,384.82,331.71,441.80,tomato
data/Laboro-Tomato/train/images/IMG_20191215_111521_1.jpg,367.93,416.73,435.34,504.48,tomato
data/Laboro-Tomato/train/images/IMG_20191215_111521_1.jpg,228.77,340.90,302.32,415.80,tomato
data/Laboro-Tomato/train/images/IMG_20191215_111521_1.jpg,206.84,259.49,285.55,342.53,tomato
data/Laboro-Tomato/train/images/IMG_20191215_111522.jpg,311.35,134.84,349.58,174.20,tomato
data/Laboro-Tomato/train/images/IMG_20191215_111522.jpg,286.93,145.69,316.11,183.24,tomato
data/Laboro-Tomato/train/images/IMG_20191215_111522.jpg,267.93,311.53,358.65,397.51,tomato
data/Laboro-Tomato/train/images/IMG_20191215_111522.jpg,160.01,325.77,276.75,423.05,tomato
data/Laboro-Tomato/train/images/IMG_20191215_111522.jpg,404.20,243.56,432.95,267.70,tomato
data/Laboro-Tomato/train/images/IMG_20191215_111522.jpg,409.00,260.86,450.06,295.26,tomato
data/Laboro-Tomato/train/images/IMG_20191215_111522.jpg,168.17,455.35,209.54,504.61,tomato
data/Laboro-Tomato/train/images/IMG_20191215_111522.jpg,185.44,495.73,223.43,517.79,tomato
data/Laboro-Tomato/train/images/IMG_20191215_111522.jpg,413.35,477.91,453.17,517.69,tomato
data/Laboro-Tomato/train/images/IMG_20191215_111524.jpg,129.94,163.82,198.04,235.97,tomato
data/Laboro-Tomato/train/images/IMG_20191215_111524.jpg,174.27,173.09,252.78,257.47,tomato
data/Laboro-Tomato/train/images/IMG_20191215_111524.jpg,65.00,193.65,164.77,338.44,tomato
data/Laboro-Tomato/train/images/IMG_20191215_111524.jpg,321.53,319.42,383.06,380.29,tomato
data/Laboro-Tomato/train/images/IMG_20191215_111524.jpg,81.08,430.25,147.13,500.18,tomato
data/Laboro-Tomato/train/images/IMG_20191215_111524.jpg,64.98,478.27,94.86,517.84,tomato
data/Laboro-Tomato/train/images/IMG_20191215_111524.jpg,241.48,489.35,283.32,517.84,tomato
data/Laboro-Tomato/train/images/IMG_20191215_111524.jpg,425.12,361.46,452.20,384.67,tomato
data/Laboro-Tomato/train/images/IMG_20191215_111524.jpg,424.67,379.62,450.55,404.01,tomato
data/Laboro-Tomato/train/images/IMG_20191215_111526.jpg,241.90,146.62,312.73,222.40,tomato
data/Laboro-Tomato/train/images/IMG_20191215_111526.jpg,266.55,243.67,318.15,295.26,tomato
data/Laboro-Tomato/train/images/IMG_20191215_111526.jpg,240.35,271.04,297.58,329.42,tomato
data/Laboro-Tomato/train/images/IMG_20191215_111526.jpg,162.03,28.98,179.01,49.55,tomato
data/Laboro-Tomato/train/images/IMG_20191215_111526.jpg,279.90,346.36,316.77,386.40,tomato
data/Laboro-Tomato/train/images/IMG_20191215_111526.jpg,236.06,339.11,281.51,383.92,tomato
data/Laboro-Tomato/train/images/IMG_20191215_111526.jpg,289.18,383.89,315.87,432.06,tomato
data/Laboro-Tomato/train/images/IMG_20191215_111526.jpg,240.12,368.74,300.06,437.27,tomato
data/Laboro-Tomato/train/images/IMG_20191215_111526.jpg,218.36,377.08,243.65,403.55,tomato
data/Laboro-Tomato/train/images/IMG_20191215_111526.jpg,98.47,293.78,121.66,315.07,tomato
data/Laboro-Tomato/train/images/IMG_20191215_111528.jpg,72.69,0.03,167.95,68.56,tomato
data/Laboro-Tomato/train/images/IMG_20191215_111528.jpg,229.24,53.82,258.65,88.22,tomato
data/Laboro-Tomato/train/images/IMG_20191215_111528.jpg,137.61,179.85,186.02,241.39,tomato
data/Laboro-Tomato/train/images/IMG_20191215_111528.jpg,78.79,189.12,158.43,261.75,tomato
data/Laboro-Tomato/train/images/IMG_20191215_111528.jpg,296.43,200.23,327.66,227.84,tomato
data/Laboro-Tomato/train/images/IMG_20191215_111528.jpg,141.71,325.74,188.76,373.04,tomato
data/Laboro-Tomato/train/images/IMG_20191215_111528.jpg,378.77,349.08,407.95,373.94,tomato
data/Laboro-Tomato/train/images/IMG_20191215_111528.jpg,123.61,364.00,185.57,428.02,tomato
data/Laboro-Tomato/train/images/IMG_20191215_111528.jpg,69.51,328.49,159.33,417.64,tomato
data/Laboro-Tomato/train/images/IMG_20191215_111528.jpg,65.23,395.21,100.98,443.64,tomato
data/Laboro-Tomato/train/images/IMG_20191215_111530.jpg,75.39,204.95,227.65,336.36,tomato
data/Laboro-Tomato/train/images/IMG_20191215_111530.jpg,244.16,245.01,345.75,338.46,tomato
data/Laboro-Tomato/train/images/IMG_20191215_111530.jpg,194.86,291.17,380.60,485.94,tomato
data/Laboro-Tomato/train/images/IMG_20191215_111530.jpg,65.21,325.10,204.34,478.01,tomato
data/Laboro-Tomato/train/images/IMG_20191215_111530.jpg,365.87,201.58,393.03,225.36,tomato
data/Laboro-Tomato/train/images/IMG_20191215_111530.jpg,385.10,206.32,409.54,236.88,tomato
data/Laboro-Tomato/train/images/IMG_20191215_111530.jpg,288.52,209.51,310.47,229.86,tomato
data/Laboro-Tomato/train/images/IMG_20191215_111531.jpg,410.01,31.68,441.90,74.41,tomato
data/Laboro-Tomato/train/images/IMG_20191215_111531.jpg,210.47,352.47,301.42,447.94,tomato
data/Laboro-Tomato/train/images/IMG_20191215_111531.jpg,252.53,258.59,373.12,379.18,tomato
data/Laboro-Tomato/train/images/IMG_20191215_111531.jpg,154.34,267.60,255.70,369.64,tomato
data/Laboro-Tomato/train/images/IMG_20191215_111533.jpg,325.86,0.00,375.63,27.14,tomato
data/Laboro-Tomato/train/images/IMG_20191215_111533.jpg,281.51,0.00,306.84,45.92,tomato
data/Laboro-Tomato/train/images/IMG_20191215_111533.jpg,396.43,0.03,452.99,14.48,tomato
data/Laboro-Tomato/train/images/IMG_20191215_111533.jpg,282.95,88.50,304.78,113.11,tomato
data/Laboro-Tomato/train/images/IMG_20191215_111533.jpg,312.86,89.72,329.80,115.31,tomato
data/Laboro-Tomato/train/images/IMG_20191215_111533.jpg,182.64,285.44,274.32,366.10,tomato
data/Laboro-Tomato/train/images/IMG_20191215_111533.jpg,153.54,333.23,195.42,360.17,tomato
data/Laboro-Tomato/train/images/IMG_20191215_111533.jpg,108.88,263.79,174.58,338.33,tomato
data/Laboro-Tomato/train/images/IMG_20191215_111533.jpg,251.29,351.15,286.10,381.82,tomato
data/Laboro-Tomato/train/images/IMG_20191215_111533.jpg,266.05,426.47,387.03,517.74,tomato
data/Laboro-Tomato/train/images/IMG_20191215_111533.jpg,375.57,482.02,439.59,517.61,tomato
data/Laboro-Tomato/train/images/IMG_20191215_111535.jpg,241.22,94.59,337.80,198.19,tomato
data/Laboro-Tomato/train/images/IMG_20191215_111535.jpg,126.32,137.32,229.94,244.55,tomato
data/Laboro-Tomato/train/images/IMG_20191215_111535.jpg,222.01,186.64,282.19,242.06,tomato
data/Laboro-Tomato/train/images/IMG_20191215_111535.jpg,182.40,222.17,277.43,308.37,tomato
data/Laboro-Tomato/train/images/IMG_20191215_111535.jpg,268.61,228.02,330.38,297.95,tomato
data/Laboro-Tomato/train/images/IMG_20191215_111535.jpg,143.52,269.23,270.87,392.98,tomato
data/Laboro-Tomato/train/images/IMG_20191215_111535.jpg,303.00,297.25,361.58,377.80,tomato
data/Laboro-Tomato/train/images/IMG_20191215_111535.jpg,231.51,347.47,341.92,454.70,tomato
data/Laboro-Tomato/train/images/IMG_20191215_111535.jpg,196.64,462.88,242.29,517.79,tomato
data/Laboro-Tomato/train/images/IMG_20191215_111537.jpg,189.18,264.91,287.82,358.35,tomato
data/Laboro-Tomato/train/images/IMG_20191215_111537.jpg,270.19,276.43,301.85,336.16,tomato
data/Laboro-Tomato/train/images/IMG_20191215_111542.jpg,148.00,46.15,218.83,112.66,tomato
data/Laboro-Tomato/train/images/IMG_20191215_111542.jpg,173.35,211.32,250.04,290.73,tomato
data/Laboro-Tomato/train/images/IMG_20191215_111542.jpg,165.68,285.50,255.93,380.76,tomato
data/Laboro-Tomato/train/images/IMG_20191215_111542.jpg,259.77,325.33,357.95,430.74,tomato
data/Laboro-Tomato/train/images/IMG_20191215_111542.jpg,184.46,376.43,276.07,474.85,tomato
data/Laboro-Tomato/train/images/IMG_20191215_111544.jpg,97.13,74.44,163.87,152.03,tomato
data/Laboro-Tomato/train/images/IMG_20191215_111544.jpg,96.24,133.49,208.43,238.02,tomato
data/Laboro-Tomato/train/images/IMG_20191215_111544.jpg,183.08,212.87,275.82,297.25,tomato
data/Laboro-Tomato/train/images/IMG_20191215_111544.jpg,382.83,239.83,426.27,274.44,tomato
data/Laboro-Tomato/train/images/IMG_20191215_111544.jpg,202.08,271.04,293.03,365.37,tomato
data/Laboro-Tomato/train/images/IMG_20191215_111544.jpg,209.09,338.20,268.15,382.34,tomato
data/Laboro-Tomato/train/images/IMG_20191215_111544.jpg,407.50,273.06,435.09,310.83,tomato
data/Laboro-Tomato/train/images/IMG_20191215_111544.jpg,266.57,323.72,357.99,411.53,tomato
data/Laboro-Tomato/train/images/IMG_20191215_111544.jpg,227.43,422.14,268.61,466.95,tomato
data/Laboro-Tomato/train/images/IMG_20191215_111547.jpg,163.35,217.25,253.83,307.59,tomato
data/Laboro-Tomato/train/images/IMG_20191215_111547.jpg,206.65,287.36,276.11,375.99,tomato
data/Laboro-Tomato/train/images/IMG_20191215_111547.jpg,387.28,343.67,416.38,369.31,tomato
data/Laboro-Tomato/train/images/IMG_20191215_111547.jpg,370.67,194.51,407.11,233.36,tomato
data/Laboro-Tomato/train/images/IMG_20191215_111547.jpg,340.21,191.58,379.06,229.03,tomato
data/Laboro-Tomato/train/images/IMG_20191215_111547.jpg,350.31,221.86,384.19,256.57,tomato
data/Laboro-Tomato/train/images/IMG_20191215_111548.jpg,65.93,0.03,221.33,76.02,tomato
data/Laboro-Tomato/train/images/IMG_20191215_111548.jpg,150.08,171.92,254.35,269.41,tomato
data/Laboro-Tomato/train/images/IMG_20191215_111548.jpg,194.60,259.28,318.15,375.78,tomato
data/Laboro-Tomato/train/images/IMG_20191215_111548.jpg,314.32,264.23,453.21,393.42,tomato
data/Laboro-Tomato/train/images/IMG_20191215_111548.jpg,382.39,245.48,452.98,301.11,tomato
data/Laboro-Tomato/train/images/IMG_20191215_111548.jpg,255.25,385.96,298.22,421.50,tomato
data/Laboro-Tomato/train/images/IMG_20191215_111548.jpg,219.95,413.57,252.32,460.61,tomato
data/Laboro-Tomato/train/images/IMG_20191215_111548.jpg,301.21,244.31,369.12,291.40,tomato
data/Laboro-Tomato/train/images/IMG_20191215_111552.jpg,65.23,139.37,114.34,173.09,tomato
data/Laboro-Tomato/train/images/IMG_20191215_111552.jpg,103.44,130.10,224.69,254.05,tomato
data/Laboro-Tomato/train/images/IMG_20191215_111552.jpg,212.96,159.93,314.55,275.08,tomato
data/Laboro-Tomato/train/images/IMG_20191215_111552.jpg,153.68,246.59,252.32,343.20,tomato
data/Laboro-Tomato/train/images/IMG_20191215_111555.jpg,119.76,32.82,154.37,67.68,tomato
data/Laboro-Tomato/train/images/IMG_20191215_111555.jpg,271.45,350.58,304.32,375.86,tomato
data/Laboro-Tomato/train/images/IMG_20191215_111555.jpg,271.29,290.39,337.65,360.42,tomato
data/Laboro-Tomato/train/images/IMG_20191215_111555.jpg,324.60,272.21,390.17,338.10,tomato
data/Laboro-Tomato/train/images/IMG_20191215_111556.jpg,334.21,138.20,373.33,178.71,tomato
data/Laboro-Tomato/train/images/IMG_20191215_111556.jpg,282.85,277.83,341.01,370.81,tomato
data/Laboro-Tomato/train/images/IMG_20191215_111556.jpg,181.53,275.52,295.09,397.25,tomato
data/Laboro-Tomato/train/images/IMG_20191215_111605.jpg,83.10,258.35,187.38,344.08,tomato
data/Laboro-Tomato/train/images/IMG_20191215_111605.jpg,270.85,225.54,372.44,325.51,tomato
data/Laboro-Tomato/train/images/IMG_20191215_111605.jpg,219.29,241.60,300.06,327.79,tomato
data/Laboro-Tomato/train/images/IMG_20191215_111605.jpg,271.08,303.37,346.88,399.77,tomato
data/Laboro-Tomato/train/images/IMG_20191215_111605.jpg,246.90,335.92,272.23,366.48,tomato
data/Laboro-Tomato/train/images/IMG_20191215_111605.jpg,260.69,372.16,314.77,429.60,tomato
data/Laboro-Tomato/train/images/IMG_20191215_111608.jpg,120.19,269.46,329.24,469.20,tomato
data/Laboro-Tomato/train/images/IMG_20191215_111608.jpg,64.98,138.90,232.62,308.55,tomato
data/Laboro-Tomato/train/images/IMG_20191215_111608.jpg,265.45,151.10,453.21,349.29,tomato
data/Laboro-Tomato/train/images/IMG_20191215_111610.jpg,141.26,239.78,255.95,360.37,tomato
data/Laboro-Tomato/train/images/IMG_20191215_111610.jpg,245.07,229.16,324.01,316.50,tomato
data/Laboro-Tomato/train/images/IMG_20191215_111610.jpg,235.12,315.59,316.79,388.89,tomato
data/Laboro-Tomato/train/images/IMG_20191215_111613.jpg,65.02,339.34,86.04,394.77,tomato
data/Laboro-Tomato/train/images/IMG_20191215_111613.jpg,203.91,190.24,246.68,247.47,tomato
data/Laboro-Tomato/train/images/IMG_20191215_111613.jpg,282.19,213.34,357.75,280.32,tomato
data/Laboro-Tomato/train/images/IMG_20191215_111613.jpg,216.36,131.44,278.13,192.51,tomato
data/Laboro-Tomato/train/images/IMG_20191215_111613.jpg,234.00,176.69,298.49,250.66,tomato
data/Laboro-Tomato/train/images/IMG_20191215_111613.jpg,279.92,144.34,353.66,215.36,tomato
data/Laboro-Tomato/train/images/IMG_20191215_111617.jpg,331.94,139.37,434.89,244.57,tomato
data/Laboro-Tomato/train/images/IMG_20191215_111617.jpg,240.33,143.67,332.87,232.82,tomato
data/Laboro-Tomato/train/images/IMG_20191215_111617.jpg,298.72,204.77,379.92,275.11,tomato
data/Laboro-Tomato/train/images/IMG_20191215_111622.jpg,140.80,4.09,276.31,155.66,tomato
data/Laboro-Tomato/train/images/IMG_20191215_111622.jpg,265.21,129.66,304.34,188.91,tomato
data/Laboro-Tomato/train/images/IMG_20191215_111622.jpg,214.55,187.10,297.81,271.02,tomato
data/Laboro-Tomato/train/images/IMG_20191215_111622.jpg,254.37,357.45,329.24,419.86,tomato
data/Laboro-Tomato/train/images/IMG_20191215_111622.jpg,163.19,367.83,246.45,456.51,tomato
data/Laboro-Tomato/train/images/IMG_20191215_111622.jpg,236.04,392.28,337.16,506.76,tomato
data/Laboro-Tomato/train/images/IMG_20191215_111622.jpg,166.36,135.25,278.33,245.89,tomato
data/Laboro-Tomato/train/images/IMG_20191215_111624.jpg,223.12,182.10,333.30,291.14,tomato
data/Laboro-Tomato/train/images/IMG_20191215_111624.jpg,143.73,253.15,257.05,367.83,tomato
data/Laboro-Tomato/train/images/IMG_20191215_111624.jpg,252.10,277.13,336.02,357.01,tomato
data/Laboro-Tomato/train/images/IMG_20191215_111624.jpg,201.65,329.86,320.65,444.34,tomato
data/Laboro-Tomato/train/images/IMG_20191215_111624.jpg,427.20,295.03,452.99,351.13,tomato
data/Laboro-Tomato/train/images/IMG_20191215_111627.jpg,145.32,137.30,281.96,283.22,tomato
data/Laboro-Tomato/train/images/IMG_20191215_111627.jpg,228.11,249.29,295.98,332.53,tomato
data/Laboro-Tomato/train/images/IMG_20191215_111627.jpg,126.31,270.58,289.86,437.32,tomato
data/Laboro-Tomato/train/images/IMG_20191215_111627.jpg,257.75,310.59,376.52,457.19,tomato
data/Laboro-Tomato/train/images/IMG_20191215_111634.jpg,282.85,0.47,453.21,58.38,tomato
data/Laboro-Tomato/train/images/IMG_20191215_111634.jpg,178.42,304.30,253.68,382.47,tomato
data/Laboro-Tomato/train/images/IMG_20191215_111634.jpg,236.41,275.91,321.41,367.75,tomato
data/Laboro-Tomato/train/images/IMG_20191215_111634.jpg,117.53,241.21,224.44,339.06,tomato
data/Laboro-Tomato/train/images/IMG_20191215_111636.jpg,242.82,86.87,347.09,196.58,tomato
data/Laboro-Tomato/train/images/IMG_20191215_111636.jpg,138.76,120.36,252.55,228.05,tomato
data/Laboro-Tomato/train/images/IMG_20191215_111636.jpg,214.98,342.97,278.11,401.81,tomato
data/Laboro-Tomato/train/images/IMG_20191215_111636.jpg,215.21,400.18,260.01,463.53,tomato
data/Laboro-Tomato/train/images/IMG_20191215_111636.jpg,146.88,384.56,219.95,476.87,tomato
data/Laboro-Tomato/train/images/IMG_20191215_111638.jpg,228.58,314.19,298.70,382.31,tomato
data/Laboro-Tomato/train/images/IMG_20191215_111638.jpg,224.48,257.24,290.52,318.98,tomato
data/Laboro-Tomato/train/images/IMG_20191215_111638.jpg,182.87,289.15,239.20,342.29,tomato
data/Laboro-Tomato/train/images/IMG_20191215_111640.jpg,181.06,298.19,264.09,376.66,tomato
data/Laboro-Tomato/train/images/IMG_20191215_111640.jpg,238.52,240.02,318.59,321.91,tomato
data/Laboro-Tomato/train/images/IMG_20191215_111640.jpg,142.37,224.66,243.73,320.59,tomato
data/Laboro-Tomato/train/images/IMG_20191215_111640.jpg,287.28,1.19,382.73,70.60,tomato
data/Laboro-Tomato/train/images/IMG_20191215_111640.jpg,386.62,0.93,453.33,53.87,tomato
data/Laboro-Tomato/train/images/IMG_20191215_111642.jpg,349.83,21.06,453.21,225.10,tomato
data/Laboro-Tomato/train/images/IMG_20191215_111642.jpg,232.81,261.05,311.10,340.14,tomato
data/Laboro-Tomato/train/images/IMG_20191215_111642.jpg,158.43,255.32,234.35,327.32,tomato
data/Laboro-Tomato/train/images/IMG_20191215_111642.jpg,127.43,277.31,163.02,317.66,tomato
data/Laboro-Tomato/train/images/IMG_20191215_111642.jpg,150.00,321.60,206.10,378.74,tomato
data/Laboro-Tomato/train/images/IMG_20191215_111642.jpg,205.97,313.55,264.13,373.74,tomato
data/Laboro-Tomato/train/images/IMG_20191215_111644.jpg,271.97,187.13,358.41,270.58,tomato
data/Laboro-Tomato/train/images/IMG_20191215_111644.jpg,213.19,199.33,273.14,261.07,tomato
data/Laboro-Tomato/train/images/IMG_20191215_111644.jpg,252.32,244.31,304.57,295.23,tomato
data/Laboro-Tomato/train/images/IMG_20191215_111644.jpg,84.68,210.85,152.78,276.48,tomato
data/Laboro-Tomato/train/images/IMG_20191215_111644.jpg,130.83,252.47,201.19,291.84,tomato
data/Laboro-Tomato/train/images/IMG_20191215_111644.jpg,375.59,485.03,443.92,517.82,tomato
data/Laboro-Tomato/train/images/IMG_20191215_111644.jpg,230.37,369.20,269.72,410.39,tomato
data/Laboro-Tomato/train/images/IMG_20191215_111646.jpg,204.57,47.50,249.13,97.02,tomato
data/Laboro-Tomato/train/images/IMG_20191215_111646.jpg,192.60,47.53,267.70,133.05,tomato
data/Laboro-Tomato/train/images/IMG_20191215_111646.jpg,255.71,69.67,320.21,143.43,tomato
data/Laboro-Tomato/train/images/IMG_20191215_111646.jpg,65.25,183.04,94.20,216.76,tomato
data/Laboro-Tomato/train/images/IMG_20191215_111646.jpg,74.73,159.49,104.84,191.40,tomato
data/Laboro-Tomato/train/images/IMG_20191215_111646.jpg,89.65,196.84,124.03,229.16,tomato
data/Laboro-Tomato/train/images/IMG_20191215_111646.jpg,102.10,180.52,124.71,213.78,tomato
data/Laboro-Tomato/train/images/IMG_20191215_111646.jpg,208.18,220.85,230.60,253.85,tomato
data/Laboro-Tomato/train/images/IMG_20191215_111646.jpg,230.42,215.54,272.69,258.33,tomato
data/Laboro-Tomato/train/images/IMG_20191215_111646.jpg,221.33,242.24,249.23,268.40,tomato
data/Laboro-Tomato/train/images/IMG_20191215_111646.jpg,197.38,280.21,223.92,305.02,tomato
data/Laboro-Tomato/train/images/IMG_20191215_111646.jpg,287.55,339.73,316.81,370.34,tomato
data/Laboro-Tomato/train/images/IMG_20191215_111646.jpg,389.32,374.82,448.68,431.60,tomato
data/Laboro-Tomato/train/images/IMG_20191215_111646.jpg,339.53,363.17,389.84,413.31,tomato
data/Laboro-Tomato/train/images/IMG_20191215_111646.jpg,327.39,400.98,366.24,442.22,tomato
data/Laboro-Tomato/train/images/IMG_20191215_111646.jpg,365.37,403.70,407.29,449.03,tomato
data/Laboro-Tomato/train/images/IMG_20191215_111649.jpg,149.58,308.05,224.32,383.58,tomato
data/Laboro-Tomato/train/images/IMG_20191215_111649.jpg,339.20,338.75,384.66,383.04,tomato
data/Laboro-Tomato/train/images/IMG_20191215_111650.jpg,316.13,100.67,371.76,140.92,tomato
data/Laboro-Tomato/train/images/IMG_20191215_111650.jpg,345.30,139.34,388.97,192.07,tomato
data/Laboro-Tomato/train/images/IMG_20191215_111650.jpg,273.72,280.13,315.64,317.53,tomato
data/Laboro-Tomato/train/images/IMG_20191215_111650.jpg,192.29,312.61,248.35,370.84,tomato
data/Laboro-Tomato/train/images/IMG_20191215_111651.jpg,242.93,328.02,359.41,443.90,tomato
data/Laboro-Tomato/train/images/IMG_20191215_111652.jpg,191.48,234.34,317.93,356.07,tomato
data/Laboro-Tomato/train/images/IMG_20191215_111652.jpg,261.39,238.67,322.23,309.69,tomato
data/Laboro-Tomato/train/images/IMG_20191215_111654.jpg,211.13,97.05,262.92,161.75,tomato
data/Laboro-Tomato/train/images/IMG_20191215_111654.jpg,160.94,149.05,253.91,236.86,tomato
data/Laboro-Tomato/train/images/IMG_20191215_111654.jpg,226.29,212.87,304.34,294.77,tomato
data/Laboro-Tomato/train/images/IMG_20191215_111654.jpg,164.32,243.41,247.34,327.32,tomato
data/Laboro-Tomato/train/images/IMG_20191215_111654.jpg,201.87,303.39,253.23,340.48,tomato
data/Laboro-Tomato/train/images/IMG_20191215_111654.jpg,246.20,333.00,307.50,403.81,tomato
data/Laboro-Tomato/train/images/IMG_20191215_111657.jpg,195.77,205.44,312.94,325.10,tomato
data/Laboro-Tomato/train/images/IMG_20191215_111657.jpg,210.92,318.52,297.32,393.42,tomato
data/Laboro-Tomato/train/images/IMG_20191215_111657.jpg,92.62,284.82,219.97,413.34,tomato
data/Laboro-Tomato/train/images/IMG_20191215_111719.jpg,65.00,142.27,153.89,248.61,tomato
data/Laboro-Tomato/train/images/IMG_20191215_111719.jpg,150.51,167.44,249.81,265.60,tomato
data/Laboro-Tomato/train/images/IMG_20191215_111719.jpg,315.21,338.20,377.65,403.57,tomato
data/Laboro-Tomato/train/images/IMG_20191215_111719.jpg,307.99,278.04,370.19,340.46,tomato
data/Laboro-Tomato/train/images/IMG_20191215_111722.jpg,248.02,58.17,383.06,174.20,tomato
data/Laboro-Tomato/train/images/IMG_20191215_111722.jpg,179.59,290.81,236.74,357.01,tomato
data/Laboro-Tomato/train/images/IMG_20191215_111722.jpg,218.24,368.14,315.25,459.83,tomato
data/Laboro-Tomato/train/images/IMG_20191215_111722.jpg,167.99,382.47,223.08,450.89,tomato
data/Laboro-Tomato/train/images/IMG_20191215_111733.jpg,188.50,166.95,227.66,203.21,tomato
data/Laboro-Tomato/train/images/IMG_20191215_111733.jpg,219.95,190.03,249.05,210.39,tomato
data/Laboro-Tomato/train/images/IMG_20191215_111733.jpg,209.89,199.95,280.02,270.60,tomato
data/Laboro-Tomato/train/images/IMG_20191215_111733.jpg,252.80,218.29,291.65,271.12,tomato
data/Laboro-Tomato/train/images/IMG_20191215_111733.jpg,206.82,331.83,229.39,355.97,tomato
data/Laboro-Tomato/train/images/IMG_20191215_111733.jpg,148.29,462.19,198.41,509.06,tomato
data/Laboro-Tomato/train/images/IMG_20191215_111733.jpg,190.74,486.82,256.43,517.79,tomato
data/Laboro-Tomato/train/images/IMG_20191215_111733.jpg,221.51,92.20,241.36,111.89,tomato
data/Laboro-Tomato/train/images/IMG_20191215_111736.jpg,195.54,253.61,252.10,320.33,tomato
data/Laboro-Tomato/train/images/IMG_20191215_111736.jpg,209.33,292.07,262.71,338.23,tomato
data/Laboro-Tomato/train/images/IMG_20191215_111736.jpg,236.02,234.84,294.37,291.87,tomato
data/Laboro-Tomato/train/images/IMG_20191215_111737.jpg,376.27,232.82,453.19,300.00,tomato
data/Laboro-Tomato/train/images/IMG_20191215_111737.jpg,121.55,283.01,220.42,393.40,tomato
data/Laboro-Tomato/train/images/IMG_20191215_111737.jpg,194.62,263.77,270.42,344.06,tomato
data/Laboro-Tomato/train/images/IMG_20191215_111740.jpg,154.82,233.46,248.92,299.97,tomato
data/Laboro-Tomato/train/images/IMG_20191215_111740.jpg,151.89,149.99,260.47,255.19,tomato
data/Laboro-Tomato/train/images/IMG_20191215_111740.jpg,247.32,182.80,342.35,273.97,tomato
data/Laboro-Tomato/train/images/IMG_20191215_111740.jpg,231.98,259.93,323.59,339.81,tomato
data/Laboro-Tomato/train/images/IMG_20191215_111742.jpg,102.98,89.51,140.54,128.05,tomato
data/Laboro-Tomato/train/images/IMG_20191215_111742.jpg,70.89,100.34,110.24,135.56,tomato
data/Laboro-Tomato/train/images/IMG_20191215_111742.jpg,87.03,121.21,125.18,153.85,tomato
data/Laboro-Tomato/train/images/IMG_20191215_111742.jpg,421.86,57.65,441.71,94.22,tomato
data/Laboro-Tomato/train/images/IMG_20191215_111742.jpg,377.00,104.48,410.26,133.59,tomato
data/Laboro-Tomato/train/images/IMG_20191215_111742.jpg,217.84,98.52,316.98,196.32,tomato
data/Laboro-Tomato/train/images/IMG_20191215_111742.jpg,319.37,129.63,402.78,210.49,tomato
data/Laboro-Tomato/train/images/IMG_20191215_111742.jpg,112.32,337.94,148.76,363.22,tomato
data/Laboro-Tomato/train/images/IMG_20191215_111742.jpg,251.07,270.58,309.23,328.75,tomato
data/Laboro-Tomato/train/images/IMG_20191215_111742.jpg,270.28,297.64,315.66,339.29,tomato
data/Laboro-Tomato/train/images/IMG_20191215_111742.jpg,142.06,256.88,198.90,306.40,tomato
data/Laboro-Tomato/train/images/IMG_20191215_111742.jpg,169.88,275.63,212.57,319.97,tomato
data/Laboro-Tomato/train/images/IMG_20191215_111742.jpg,111.85,271.77,135.94,293.06,tomato
data/Laboro-Tomato/train/images/IMG_20191215_111742.jpg,98.00,276.22,116.30,294.20,tomato
data/Laboro-Tomato/train/images/IMG_20191215_111742.jpg,98.33,223.72,113.80,240.82,tomato
data/Laboro-Tomato/train/images/IMG_20191215_111742.jpg,150.74,0.47,202.10,43.67,tomato
data/Laboro-Tomato/train/images/IMG_20191215_111744.jpg,269.97,71.69,320.87,130.74,tomato
data/Laboro-Tomato/train/images/IMG_20191215_111744.jpg,255.27,112.90,302.32,163.82,tomato
data/Laboro-Tomato/train/images/IMG_20191215_111744.jpg,292.41,137.68,340.00,191.97,tomato
data/Laboro-Tomato/train/images/IMG_20191215_111744.jpg,275.88,157.55,308.12,203.19,tomato
data/Laboro-Tomato/train/images/IMG_20191215_111744.jpg,288.47,187.65,336.87,235.46,tomato
data/Laboro-Tomato/train/images/IMG_20191215_111744.jpg,200.74,229.16,282.79,303.34,tomato
data/Laboro-Tomato/train/images/IMG_20191215_111744.jpg,274.50,265.16,343.15,341.10,tomato
data/Laboro-Tomato/train/images/IMG_20191215_111744.jpg,252.08,293.50,285.92,340.12,tomato
data/Laboro-Tomato/train/images/IMG_20191215_111744.jpg,232.00,298.63,265.06,325.98,tomato
data/Laboro-Tomato/train/images/IMG_20191215_111744.jpg,253.34,398.24,297.63,453.15,tomato
data/Laboro-Tomato/train/images/IMG_20191215_111744.jpg,209.72,415.36,254.55,466.48,tomato
data/Laboro-Tomato/train/images/IMG_20191215_111744.jpg,239.67,444.91,284.66,496.40,tomato
data/Laboro-Tomato/train/images/IMG_20191215_111746.jpg,135.24,214.79,173.78,256.90,tomato
data/Laboro-Tomato/train/images/IMG_20191215_111746.jpg,125.20,251.98,155.31,280.32,tomato
data/Laboro-Tomato/train/images/IMG_20191215_111746.jpg,157.46,281.71,199.34,337.19,tomato
data/Laboro-Tomato/train/images/IMG_20191215_111746.jpg,219.23,288.19,255.83,323.98,tomato
data/Laboro-Tomato/train/images/IMG_20191215_111746.jpg,177.94,311.60,243.83,375.16,tomato
data/Laboro-Tomato/train/images/IMG_20191215_111746.jpg,257.21,306.29,297.34,352.91,tomato
data/Laboro-Tomato/train/images/IMG_20191215_111746.jpg,286.13,405.41,306.18,435.92,tomato
data/Laboro-Tomato/train/images/IMG_20191215_111748.jpg,271.33,219.87,337.84,284.36,tomato
data/Laboro-Tomato/train/images/IMG_20191215_111748.jpg,163.15,252.45,262.26,350.19,tomato
data/Laboro-Tomato/train/images/IMG_20191215_111748.jpg,262.28,301.76,310.69,344.08,tomato
data/Laboro-Tomato/train/images/IMG_20191215_111748.jpg,250.04,321.50,316.55,372.83,tomato
data/Laboro-Tomato/train/images/IMG_20191215_111751.jpg,294.16,100.44,343.69,162.19,tomato
data/Laboro-Tomato/train/images/IMG_20191215_111751.jpg,212.28,111.32,299.62,197.51,tomato
data/Laboro-Tomato/train/images/IMG_20191215_111751.jpg,313.85,156.31,379.47,216.03,tomato
data/Laboro-Tomato/train/images/IMG_20191215_111751.jpg,272.65,175.08,347.32,252.47,tomato
data/Laboro-Tomato/train/images/IMG_20191215_111751.jpg,224.03,199.77,274.27,248.61,tomato
data/Laboro-Tomato/train/images/IMG_20191215_111751.jpg,206.18,353.85,298.49,443.87,tomato
data/Laboro-Tomato/train/images/IMG_20191215_111751.jpg,89.20,384.15,135.82,452.21,tomato
data/Laboro-Tomato/train/images/IMG_20191215_111751.jpg,160.22,410.85,224.25,487.98,tomato
data/Laboro-Tomato/train/images/IMG_20191215_111751.jpg,124.96,426.24,195.32,509.27,tomato
data/Laboro-Tomato/train/images/IMG_20191215_111757.jpg,309.75,100.47,430.35,202.25,tomato
data/Laboro-Tomato/train/images/IMG_20191215_111757.jpg,229.94,125.77,312.96,203.37,tomato
data/Laboro-Tomato/train/images/IMG_20191215_111757.jpg,80.83,140.48,150.72,206.99,tomato
data/Laboro-Tomato/train/images/IMG_20191215_111757.jpg,105.50,121.03,155.50,168.32,tomato
data/Laboro-Tomato/train/images/IMG_20191215_111757.jpg,105.97,284.59,145.32,320.54,tomato
data/Laboro-Tomato/train/images/IMG_20191215_111757.jpg,140.80,293.86,177.00,328.46,tomato
data/Laboro-Tomato/train/images/IMG_20191215_111757.jpg,184.00,341.83,250.74,409.69,tomato
data/Laboro-Tomato/train/images/IMG_20191215_111757.jpg,229.90,373.04,295.28,442.71,tomato
data/Laboro-Tomato/train/images/IMG_20191215_111757.jpg,231.53,460.84,270.65,505.85,tomato
data/Laboro-Tomato/train/images/IMG_20191215_111757.jpg,119.04,214.94,142.58,237.79,tomato
data/Laboro-Tomato/train/images/IMG_20191215_111759.jpg,118.17,274.44,222.01,374.20,tomato
data/Laboro-Tomato/train/images/IMG_20191215_111759.jpg,184.91,269.67,249.83,328.72,tomato
data/Laboro-Tomato/train/images/IMG_20191215_111759.jpg,207.77,308.34,296.90,401.11,tomato
data/Laboro-Tomato/train/images/IMG_20191215_111759.jpg,395.28,409.45,429.67,443.38,tomato
data/Laboro-Tomato/train/images/IMG_20191215_111759.jpg,428.31,409.92,452.98,441.15,tomato
data/Laboro-Tomato/train/images/IMG_20191215_111759.jpg,412.96,438.90,447.11,474.85,tomato
data/Laboro-Tomato/train/images/IMG_20191215_111759.jpg,412.96,228.02,432.11,244.81,tomato
data/Laboro-Tomato/train/images/IMG_20191215_111759.jpg,428.34,235.92,439.96,246.33,tomato
data/Laboro-Tomato/train/images/IMG_20191215_111759.jpg,428.34,235.20,451.77,255.04,tomato
data/Laboro-Tomato/train/images/IMG_20191215_111759.jpg,443.20,235.87,453.31,251.77,tomato
data/Laboro-Tomato/train/images/IMG_20191215_111804.jpg,198.26,302.72,313.41,401.35,tomato
data/Laboro-Tomato/train/images/IMG_20191215_111804.jpg,221.31,196.81,322.21,314.24,tomato
data/Laboro-Tomato/train/images/IMG_20191215_111804.jpg,190.31,221.94,248.00,311.50,tomato
data/Laboro-Tomato/train/images/IMG_20191215_111806.jpg,200.94,0.23,280.81,100.47,tomato
data/Laboro-Tomato/train/images/IMG_20191215_111806.jpg,294.39,32.56,398.00,81.20,tomato
data/Laboro-Tomato/train/images/IMG_20191215_111806.jpg,270.40,79.62,322.23,132.76,tomato
data/Laboro-Tomato/train/images/IMG_20191215_111806.jpg,105.52,334.37,212.28,432.79,tomato
data/Laboro-Tomato/train/images/IMG_20191215_111806.jpg,191.24,335.07,263.62,404.74,tomato
data/Laboro-Tomato/train/images/IMG_20191215_111806.jpg,187.14,397.72,276.73,476.46,tomato
data/Laboro-Tomato/train/images/IMG_20191215_111853.jpg,199.83,203.37,233.74,235.28,tomato
data/Laboro-Tomato/train/images/IMG_20191215_111853.jpg,181.28,216.06,224.01,257.70,tomato
data/Laboro-Tomato/train/images/IMG_20191215_111853.jpg,266.81,145.69,301.42,179.82,tomato
data/Laboro-Tomato/train/images/IMG_20191215_111853.jpg,89.90,130.30,117.72,160.61,tomato
data/Laboro-Tomato/train/images/IMG_20191215_111853.jpg,74.48,136.16,95.30,159.93,tomato
data/Laboro-Tomato/train/images/IMG_20191215_111853.jpg,103.69,164.02,127.00,188.01,tomato
data/Laboro-Tomato/train/images/IMG_20191215_111853.jpg,82.19,173.30,103.91,196.14,tomato
data/Laboro-Tomato/train/images/IMG_20191215_111853.jpg,107.07,187.77,129.69,207.67,tomato
data/Laboro-Tomato/train/images/IMG_20191215_111853.jpg,84.46,193.86,105.52,211.53,tomato
data/Laboro-Tomato/train/images/IMG_20191215_111853.jpg,104.80,207.48,124.27,225.56,tomato
data/Laboro-Tomato/train/images/IMG_20191215_111853.jpg,93.26,213.55,110.01,229.14,tomato
data/Laboro-Tomato/train/images/IMG_20191215_111853.jpg,343.26,137.11,374.69,175.34,tomato
data/Laboro-Tomato/train/images/IMG_20191215_111853.jpg,295.96,186.17,324.01,214.45,tomato
data/Laboro-Tomato/train/images/IMG_20191215_111853.jpg,352.76,194.53,383.30,223.28,tomato
data/Laboro-Tomato/train/images/IMG_20191215_111853.jpg,272.67,244.78,304.80,278.92,tomato
data/Laboro-Tomato/train/images/IMG_20191215_111853.jpg,311.35,236.62,332.17,257.45,tomato
data/Laboro-Tomato/train/images/IMG_20191215_111853.jpg,345.52,221.00,370.19,243.85,tomato
data/Laboro-Tomato/train/images/IMG_20191215_111853.jpg,225.86,259.70,255.03,289.80,tomato
data/Laboro-Tomato/train/images/IMG_20191215_111853.jpg,274.50,271.67,301.65,295.44,tomato
data/Laboro-Tomato/train/images/IMG_20191215_111853.jpg,189.65,259.28,226.99,295.70,tomato
data/Laboro-Tomato/train/images/IMG_20191215_111853.jpg,294.16,292.28,324.03,323.72,tomato
data/Laboro-Tomato/train/images/IMG_20191215_111853.jpg,275.41,299.97,295.54,323.49,tomato
data/Laboro-Tomato/train/images/IMG_20191215_111853.jpg,244.18,299.51,277.20,329.14,tomato
data/Laboro-Tomato/train/images/IMG_20191215_111853.jpg,310.47,347.27,336.70,375.55,tomato
data/Laboro-Tomato/train/images/IMG_20191215_111853.jpg,224.71,313.34,252.76,339.34,tomato
data/Laboro-Tomato/train/images/IMG_20191215_111853.jpg,317.93,419.86,326.52,430.48,tomato
data/Laboro-Tomato/train/images/IMG_20191215_111853.jpg,318.17,505.83,339.65,517.84,tomato
data/Laboro-Tomato/train/images/IMG_20191215_111853.jpg,260.90,404.04,279.67,423.93,tomato
data/Laboro-Tomato/train/images/IMG_20191215_111853.jpg,233.30,340.48,261.35,370.32,tomato
data/Laboro-Tomato/train/images/IMG_20191215_111853.jpg,168.15,312.64,199.15,342.73,tomato
data/Laboro-Tomato/train/images/IMG_20191215_111853.jpg,188.76,356.33,204.80,373.53,tomato
data/Laboro-Tomato/train/images/IMG_20191215_111853.jpg,154.82,366.04,177.66,390.03,tomato
data/Laboro-Tomato/train/images/IMG_20191215_111853.jpg,65.19,330.48,78.87,351.72,tomato
data/Laboro-Tomato/train/images/IMG_20191215_111853.jpg,93.05,368.63,114.42,388.47,tomato
data/Laboro-Tomato/train/images/IMG_20191215_111853.jpg,114.11,376.02,131.05,394.15,tomato
data/Laboro-Tomato/train/images/IMG_20191215_111853.jpg,67.72,355.97,86.37,372.03,tomato
data/Laboro-Tomato/train/images/IMG_20191215_111853.jpg,129.34,348.95,148.84,368.27,tomato
data/Laboro-Tomato/train/images/IMG_20191215_111853.jpg,147.77,317.46,163.35,335.95,tomato
data/Laboro-Tomato/train/images/IMG_20191215_111853.jpg,143.85,338.56,158.57,354.10,tomato
data/Laboro-Tomato/train/images/IMG_20191215_111853.jpg,126.58,338.69,144.37,353.56,tomato
data/Laboro-Tomato/train/images/IMG_20191215_111853.jpg,129.67,322.45,147.26,335.82,tomato
data/Laboro-Tomato/train/images/IMG_20191215_111853.jpg,161.66,343.98,172.77,355.63,tomato
data/Laboro-Tomato/train/images/IMG_20191215_111853.jpg,79.37,334.06,93.90,349.29,tomato
data/Laboro-Tomato/train/images/IMG_20191215_111853.jpg,65.00,372.23,75.26,387.46,tomato
data/Laboro-Tomato/train/images/IMG_20191215_111853.jpg,72.52,411.21,83.98,423.70,tomato
data/Laboro-Tomato/train/images/IMG_20191215_111853.jpg,95.98,316.99,113.43,332.37,tomato
data/Laboro-Tomato/train/images/IMG_20191215_111853.jpg,87.75,316.29,97.65,327.07,tomato
data/Laboro-Tomato/train/images/IMG_20191215_111853.jpg,171.41,337.66,185.94,349.11,tomato
data/Laboro-Tomato/train/images/IMG_20191215_111853.jpg,147.44,362.16,160.96,375.47,tomato
data/Laboro-Tomato/train/images/IMG_20191215_111853.jpg,155.48,409.38,162.55,417.46,tomato
data/Laboro-Tomato/train/images/IMG_20191215_111856.jpg,81.28,0.03,135.12,36.65,tomato
data/Laboro-Tomato/train/images/IMG_20191215_111856.jpg,65.02,21.50,116.81,79.62,tomato
data/Laboro-Tomato/train/images/IMG_20191215_111856.jpg,170.63,38.67,221.76,94.56,tomato
data/Laboro-Tomato/train/images/IMG_20191215_111856.jpg,65.02,82.10,101.65,125.30,tomato
data/Laboro-Tomato/train/images/IMG_20191215_111856.jpg,126.99,90.26,179.24,146.36,tomato
data/Laboro-Tomato/train/images/IMG_20191215_111856.jpg,91.94,127.79,128.58,165.81,tomato
data/Laboro-Tomato/train/images/IMG_20191215_111856.jpg,214.55,125.36,259.11,173.53,tomato
data/Laboro-Tomato/train/images/IMG_20191215_111856.jpg,278.77,118.80,326.29,166.51,tomato
data/Laboro-Tomato/train/images/IMG_20191215_111856.jpg,263.17,168.79,301.87,207.69,tomato
data/Laboro-Tomato/train/images/IMG_20191215_111856.jpg,205.02,190.05,240.99,226.00,tomato
data/Laboro-Tomato/train/images/IMG_20191215_111856.jpg,250.49,199.97,285.34,235.25,tomato
data/Laboro-Tomato/train/images/IMG_20191215_111856.jpg,201.40,219.24,234.42,248.41,tomato
data/Laboro-Tomato/train/images/IMG_20191215_111856.jpg,240.10,234.34,268.61,261.28,tomato
data/Laboro-Tomato/train/images/IMG_20191215_111856.jpg,215.66,247.94,238.97,272.13,tomato
data/Laboro-Tomato/train/images/IMG_20191215_111856.jpg,74.73,377.57,91.01,394.77,tomato
data/Laboro-Tomato/train/images/IMG_20191215_111856.jpg,242.82,433.70,274.05,468.97,tomato
data/Laboro-Tomato/train/images/IMG_20191215_111856.jpg,221.33,384.87,245.81,411.40,tomato
data/Laboro-Tomato/train/images/IMG_20191215_111856.jpg,213.66,402.33,232.66,421.50,tomato
data/Laboro-Tomato/train/images/IMG_20191215_111856.jpg,199.29,410.52,222.71,434.65,tomato
data/Laboro-Tomato/train/images/IMG_20191215_111856.jpg,196.39,432.63,217.76,458.12,tomato
data/Laboro-Tomato/train/images/IMG_20191215_111856.jpg,223.94,457.76,250.43,487.18,tomato
data/Laboro-Tomato/train/images/IMG_20191215_111856.jpg,210.40,484.80,232.81,508.42,tomato
data/Laboro-Tomato/train/images/IMG_20191215_111856.jpg,225.28,492.83,252.82,517.79,tomato
data/Laboro-Tomato/train/images/IMG_20191215_111856.jpg,247.03,397.38,259.50,411.94,tomato
data/Laboro-Tomato/train/images/IMG_20191215_111856.jpg,256.41,378.92,274.05,397.05,tomato
data/Laboro-Tomato/train/images/IMG_20191215_111856.jpg,275.57,394.82,298.33,419.27,tomato
data/Laboro-Tomato/train/images/IMG_20191215_111856.jpg,266.01,422.53,283.96,443.56,tomato
data/Laboro-Tomato/train/images/IMG_20191215_111856.jpg,308.94,456.90,335.98,485.44,tomato
data/Laboro-Tomato/train/images/IMG_20191215_111856.jpg,320.75,410.36,345.38,436.88,tomato
data/Laboro-Tomato/train/images/IMG_20191215_111856.jpg,299.69,361.07,321.60,384.02,tomato
data/Laboro-Tomato/train/images/IMG_20191215_111856.jpg,271.31,373.24,293.03,394.43,tomato
data/Laboro-Tomato/train/images/IMG_20191215_111900.jpg,183.86,134.50,217.47,166.77,tomato
data/Laboro-Tomato/train/images/IMG_20191215_111900.jpg,123.18,150.66,158.41,183.55,tomato
data/Laboro-Tomato/train/images/IMG_20191215_111900.jpg,65.31,185.50,77.04,197.82,tomato
data/Laboro-Tomato/train/images/IMG_20191215_111900.jpg,178.44,182.62,208.82,212.10,tomato
data/Laboro-Tomato/train/images/IMG_20191215_111900.jpg,80.87,198.99,93.81,211.47,tomato
data/Laboro-Tomato/train/images/IMG_20191215_111900.jpg,64.98,209.97,77.14,226.08,tomato
data/Laboro-Tomato/train/images/IMG_20191215_111900.jpg,71.51,222.90,83.67,234.40,tomato
data/Laboro-Tomato/train/images/IMG_20191215_111900.jpg,65.21,228.88,80.40,241.57,tomato
data/Laboro-Tomato/train/images/IMG_20191215_111900.jpg,82.23,237.30,89.18,243.62,tomato
data/Laboro-Tomato/train/images/IMG_20191215_111900.jpg,133.75,202.49,164.32,230.15,tomato
data/Laboro-Tomato/train/images/IMG_20191215_111900.jpg,176.34,212.48,205.02,240.14,tomato
data/Laboro-Tomato/train/images/IMG_20191215_111900.jpg,175.00,235.53,200.76,257.91,tomato
data/Laboro-Tomato/train/images/IMG_20191215_111900.jpg,141.69,234.08,171.06,261.64,tomato
data/Laboro-Tomato/train/images/IMG_20191215_111900.jpg,153.07,253.07,177.47,276.02,tomato
data/Laboro-Tomato/train/images/IMG_20191215_111900.jpg,176.34,256.80,195.23,276.02,tomato
data/Laboro-Tomato/train/images/IMG_20191215_111900.jpg,191.53,248.15,211.89,264.98,tomato
data/Laboro-Tomato/train/images/IMG_20191215_111900.jpg,212.90,250.48,230.70,267.21,tomato
data/Laboro-Tomato/train/images/IMG_20191215_111900.jpg,204.47,268.12,218.85,281.79,tomato
data/Laboro-Tomato/train/images/IMG_20191215_111900.jpg,332.44,227.71,387.92,278.58,tomato
data/Laboro-Tomato/train/images/IMG_20191215_111900.jpg,263.56,259.60,324.40,316.11,tomato
data/Laboro-Tomato/train/images/IMG_20191215_111900.jpg,242.76,304.48,259.58,320.85,tomato
data/Laboro-Tomato/train/images/IMG_20191215_111900.jpg,215.70,302.69,236.37,322.01,tomato
data/Laboro-Tomato/train/images/IMG_20191215_111900.jpg,219.68,324.11,239.77,342.55,tomato
data/Laboro-Tomato/train/images/IMG_20191215_111900.jpg,243.05,330.54,258.67,346.28,tomato
data/Laboro-Tomato/train/images/IMG_20191215_111900.jpg,223.70,341.39,242.58,359.67,tomato
data/Laboro-Tomato/train/images/IMG_20191215_111900.jpg,277.30,335.79,335.30,388.99,tomato
data/Laboro-Tomato/train/images/IMG_20191215_111900.jpg,339.55,338.88,390.37,390.88,tomato
data/Laboro-Tomato/train/images/IMG_20191215_111900.jpg,296.97,376.33,344.53,416.52,tomato
data/Laboro-Tomato/train/images/IMG_20191215_111900.jpg,326.73,228.20,337.84,238.82,tomato
data/Laboro-Tomato/train/images/IMG_20191215_111900.jpg,297.79,490.08,319.70,516.91,tomato
data/Laboro-Tomato/train/images/IMG_20191215_111905.jpg,140.54,433.90,174.93,468.97,tomato
data/Laboro-Tomato/train/images/IMG_20191215_111905.jpg,71.31,437.53,114.09,482.75,tomato
data/Laboro-Tomato/train/images/IMG_20191215_111905.jpg,244.84,424.86,283.07,462.88,tomato
data/Laboro-Tomato/train/images/IMG_20191215_111905.jpg,258.63,471.04,269.27,483.01,tomato
data/Laboro-Tomato/train/images/IMG_20191215_111905.jpg,213.17,352.47,257.07,396.35,tomato
data/Laboro-Tomato/train/images/IMG_20191215_111905.jpg,203.21,366.72,227.41,399.09,tomato
data/Laboro-Tomato/train/images/IMG_20191215_111905.jpg,269.51,349.99,317.68,401.11,tomato
data/Laboro-Tomato/train/images/IMG_20191215_111905.jpg,275.18,392.72,293.05,407.17,tomato
data/Laboro-Tomato/train/images/IMG_20191215_111905.jpg,132.64,362.86,155.48,391.35,tomato
data/Laboro-Tomato/train/images/IMG_20191215_111905.jpg,118.63,390.44,134.91,409.45,tomato
data/Laboro-Tomato/train/images/IMG_20191215_111905.jpg,167.51,333.26,209.11,378.27,tomato
data/Laboro-Tomato/train/images/IMG_20191215_111905.jpg,121.57,323.96,159.56,360.84,tomato
data/Laboro-Tomato/train/images/IMG_20191215_111905.jpg,211.83,320.12,251.89,358.15,tomato
data/Laboro-Tomato/train/images/IMG_20191215_111905.jpg,174.50,286.64,212.07,323.98,tomato
data/Laboro-Tomato/train/images/IMG_20191215_111905.jpg,118.15,279.82,159.33,322.82,tomato
data/Laboro-Tomato/train/images/IMG_20191215_111905.jpg,67.72,260.63,85.59,277.16,tomato
data/Laboro-Tomato/train/images/IMG_20191215_111905.jpg,283.30,321.24,324.71,363.56,tomato
data/Laboro-Tomato/train/images/IMG_20191215_111905.jpg,275.84,304.48,309.56,326.44,tomato
data/Laboro-Tomato/train/images/IMG_20191215_111905.jpg,278.33,272.18,324.71,318.54,tomato
data/Laboro-Tomato/train/images/IMG_20191215_111905.jpg,305.95,261.54,334.23,288.68,tomato
data/Laboro-Tomato/train/images/IMG_20191215_111905.jpg,318.59,296.35,361.13,337.99,tomato
data/Laboro-Tomato/train/images/IMG_20191215_111905.jpg,305.70,224.19,339.84,256.31,tomato
data/Laboro-Tomato/train/images/IMG_20191215_111905.jpg,291.90,237.32,318.83,266.49,tomato
data/Laboro-Tomato/train/images/IMG_20191215_111905.jpg,267.49,233.49,292.35,261.10,tomato
data/Laboro-Tomato/train/images/IMG_20191215_111905.jpg,366.11,182.78,402.98,221.47,tomato
data/Laboro-Tomato/train/images/IMG_20191215_111905.jpg,295.28,198.19,321.97,230.10,tomato
data/Laboro-Tomato/train/images/IMG_20191215_111905.jpg,254.53,201.68,283.94,231.99,tomato
data/Laboro-Tomato/train/images/IMG_20191215_111905.jpg,270.44,193.65,295.07,221.37,tomato
data/Laboro-Tomato/train/images/IMG_20191215_111907.jpg,255.03,0.00,324.69,28.08,tomato
data/Laboro-Tomato/train/images/IMG_20191215_111907.jpg,148.49,40.95,184.00,77.36,tomato
data/Laboro-Tomato/train/images/IMG_20191215_111907.jpg,135.36,57.45,173.59,103.13,tomato
data/Laboro-Tomato/train/images/IMG_20191215_111907.jpg,149.38,99.33,182.87,133.46,tomato
data/Laboro-Tomato/train/images/IMG_20191215_111907.jpg,280.60,53.61,338.06,111.32,tomato
data/Laboro-Tomato/train/images/IMG_20191215_111907.jpg,292.35,81.02,367.02,159.96,tomato
data/Laboro-Tomato/train/images/IMG_20191215_111907.jpg,131.30,123.78,168.40,161.54,tomato
data/Laboro-Tomato/train/images/IMG_20191215_111907.jpg,148.47,148.64,179.90,178.94,tomato
data/Laboro-Tomato/train/images/IMG_20191215_111907.jpg,335.55,144.11,387.38,198.19,tomato
data/Laboro-Tomato/train/images/IMG_20191215_111907.jpg,129.47,166.07,164.32,199.53,tomato
data/Laboro-Tomato/train/images/IMG_20191215_111907.jpg,149.62,187.80,180.85,216.96,tomato
data/Laboro-Tomato/train/images/IMG_20191215_111907.jpg,320.61,189.80,388.95,252.47,tomato
data/Laboro-Tomato/train/images/IMG_20191215_111907.jpg,142.14,208.81,171.78,238.44,tomato
data/Laboro-Tomato/train/images/IMG_20191215_111907.jpg,160.47,219.89,184.68,243.62,tomato
data/Laboro-Tomato/train/images/IMG_20191215_111907.jpg,405.48,257.68,418.15,269.44,tomato
data/Laboro-Tomato/train/images/IMG_20191215_111907.jpg,161.37,242.06,183.55,262.89,tomato
data/Laboro-Tomato/train/images/IMG_20191215_111907.jpg,339.82,240.97,387.22,277.75,tomato
data/Laboro-Tomato/train/images/IMG_20191215_111907.jpg,342.16,277.60,381.71,312.61,tomato
data/Laboro-Tomato/train/images/IMG_20191215_111907.jpg,309.50,313.60,355.54,363.95,tomato
data/Laboro-Tomato/train/images/IMG_20191215_111907.jpg,301.07,333.83,344.93,375.32,tomato
data/Laboro-Tomato/train/images/IMG_20191215_111907.jpg,354.01,333.41,386.25,365.89,tomato
data/Laboro-Tomato/train/images/IMG_20191215_111907.jpg,403.93,345.45,427.55,368.87,tomato
data/Laboro-Tomato/train/images/IMG_20191215_111907.jpg,380.93,354.93,403.54,377.83,tomato
data/Laboro-Tomato/train/images/IMG_20191215_111907.jpg,359.35,359.67,381.53,376.20,tomato
data/Laboro-Tomato/train/images/IMG_20191215_111907.jpg,425.86,350.43,440.89,368.14,tomato
data/Laboro-Tomato/train/images/IMG_20191215_111907.jpg,324.40,379.88,350.43,405.62,tomato
data/Laboro-Tomato/train/images/IMG_20191215_111907.jpg,374.85,384.38,401.77,411.16,tomato
data/Laboro-Tomato/train/images/IMG_20191215_111907.jpg,383.78,399.53,410.40,424.81,tomato
data/Laboro-Tomato/train/images/IMG_20191215_111907.jpg,366.65,417.27,381.37,440.02,tomato
data/Laboro-Tomato/train/images/IMG_20191215_111907.jpg,315.93,421.55,340.33,446.41,tomato
data/Laboro-Tomato/train/images/IMG_20191215_111907.jpg,406.37,448.48,425.26,474.80,tomato
data/Laboro-Tomato/train/images/IMG_20191215_111907.jpg,347.75,459.03,381.08,496.37,tomato
data/Laboro-Tomato/train/images/IMG_20191215_111907.jpg,315.35,448.20,336.02,469.18,tomato
data/Laboro-Tomato/train/images/IMG_20191215_111907.jpg,321.14,456.33,347.17,485.81,tomato
data/Laboro-Tomato/train/images/IMG_20191215_111907.jpg,376.95,464.26,393.30,493.84,tomato
data/Laboro-Tomato/train/images/IMG_20191215_111907.jpg,328.58,483.11,357.44,516.01,tomato
data/Laboro-Tomato/train/images/IMG_20191215_111907.jpg,438.06,445.64,453.25,474.33,tomato
data/Laboro-Tomato/train/images/IMG_20191215_111907.jpg,431.96,459.49,453.36,487.00,tomato
data/Laboro-Tomato/train/images/IMG_20191215_111907.jpg,421.84,469.90,435.51,489.23,tomato
data/Laboro-Tomato/train/images/IMG_20191215_111907.jpg,73.31,503.50,100.98,517.79,tomato
data/Laboro-Tomato/train/images/IMG_20191215_111907.jpg,108.88,482.23,137.75,512.43,tomato
data/Laboro-Tomato/train/images/IMG_20191215_111907.jpg,309.46,307.41,348.12,332.74,tomato
data/Laboro-Tomato/train/images/IMG_20191215_111907.jpg,381.08,323.10,395.23,338.28,tomato
data/Laboro-Tomato/train/images/IMG_20191215_111907.jpg,169.95,307.15,182.58,316.73,tomato
data/Laboro-Tomato/train/images/IMG_20191215_111907.jpg,176.23,284.87,187.49,293.32,tomato
data/Laboro-Tomato/train/images/IMG_20191215_111907.jpg,151.27,289.04,161.72,298.06,tomato
data/Laboro-Tomato/train/images/IMG_20191215_111907.jpg,159.70,287.70,169.91,295.36,tomato
data/Laboro-Tomato/train/images/IMG_20191215_111912.jpg,110.38,0.03,139.67,15.62,tomato
data/Laboro-Tomato/train/images/IMG_20191215_111912.jpg,114.84,20.23,144.45,52.08,tomato
data/Laboro-Tomato/train/images/IMG_20191215_111912.jpg,120.94,46.72,146.82,64.44,tomato
data/Laboro-Tomato/train/images/IMG_20191215_111912.jpg,129.41,58.30,153.34,84.05,tomato
data/Laboro-Tomato/train/images/IMG_20191215_111912.jpg,119.60,79.31,139.53,101.17,tomato
data/Laboro-Tomato/train/images/IMG_20191215_111912.jpg,115.74,84.80,134.46,102.93,tomato
data/Laboro-Tomato/train/images/IMG_20191215_111912.jpg,108.59,93.29,125.68,111.73,tomato
data/Laboro-Tomato/train/images/IMG_20191215_111912.jpg,224.89,0.03,246.76,19.35,tomato
data/Laboro-Tomato/train/images/IMG_20191215_111912.jpg,194.86,22.33,218.20,49.68,tomato
data/Laboro-Tomato/train/images/IMG_20191215_111912.jpg,208.53,48.48,230.56,73.35,tomato
data/Laboro-Tomato/train/images/IMG_20191215_111912.jpg,199.91,49.08,213.31,65.60,tomato
data/Laboro-Tomato/train/images/IMG_20191215_111912.jpg,207.35,62.91,224.75,79.85,tomato
data/Laboro-Tomato/train/images/IMG_20191215_111912.jpg,226.85,49.83,251.40,74.70,tomato
data/Laboro-Tomato/train/images/IMG_20191215_111912.jpg,203.79,69.65,215.56,84.20,tomato
data/Laboro-Tomato/train/images/IMG_20191215_111912.jpg,219.68,77.91,240.08,100.39,tomato
data/Laboro-Tomato/train/images/IMG_20191215_111912.jpg,209.44,82.67,224.60,102.77,tomato
data/Laboro-Tomato/train/images/IMG_20191215_111912.jpg,196.80,90.29,214.94,112.15,tomato
data/Laboro-Tomato/train/images/IMG_20191215_111912.jpg,281.72,152.94,334.68,207.38,tomato
data/Laboro-Tomato/train/images/IMG_20191215_111912.jpg,275.78,213.78,316.53,256.15,tomato
data/Laboro-Tomato/train/images/IMG_20191215_111912.jpg,211.37,230.72,252.59,269.26,tomato
data/Laboro-Tomato/train/images/IMG_20191215_111912.jpg,243.96,252.11,277.88,272.21,tomato
data/Laboro-Tomato/train/images/IMG_20191215_111912.jpg,203.05,267.73,240.23,306.11,tomato
data/Laboro-Tomato/train/images/IMG_20191215_111912.jpg,249.91,264.05,285.77,299.74,tomato
data/Laboro-Tomato/train/images/IMG_20191215_111912.jpg,235.47,269.26,277.43,311.21,tomato
data/Laboro-Tomato/train/images/IMG_20191215_111912.jpg,294.95,263.14,328.29,296.92,tomato
data/Laboro-Tomato/train/images/IMG_20191215_111912.jpg,274.28,289.77,295.42,313.29,tomato
data/Laboro-Tomato/train/images/IMG_20191215_111912.jpg,226.69,298.08,254.67,326.21,tomato
data/Laboro-Tomato/train/images/IMG_20191215_111912.jpg,249.91,308.34,265.95,326.94,tomato
data/Laboro-Tomato/train/images/IMG_20191215_111912.jpg,259.42,301.81,290.08,335.12,tomato
data/Laboro-Tomato/train/images/IMG_20191215_111912.jpg,299.87,296.74,330.05,326.94,tomato
data/Laboro-Tomato/train/images/IMG_20191215_111912.jpg,281.71,315.36,309.68,346.75,tomato
data/Laboro-Tomato/train/images/IMG_20191215_111912.jpg,216.15,323.26,255.27,358.64,tomato
data/Laboro-Tomato/train/images/IMG_20191215_111912.jpg,162.88,324.40,207.21,365.16,tomato
data/Laboro-Tomato/train/images/IMG_20191215_111912.jpg,156.76,354.91,193.05,385.11,tomato
data/Laboro-Tomato/train/images/IMG_20191215_111912.jpg,119.45,372.49,134.33,388.24,tomato
data/Laboro-Tomato/train/images/IMG_20191215_111912.jpg,106.36,373.66,121.08,390.60,tomato
data/Laboro-Tomato/train/images/IMG_20191215_111912.jpg,91.01,365.76,109.77,382.85,tomato
data/Laboro-Tomato/train/images/IMG_20191215_111912.jpg,204.37,367.26,240.08,404.87,tomato
data/Laboro-Tomato/train/images/IMG_20191215_111912.jpg,174.03,384.54,204.06,420.23,tomato
data/Laboro-Tomato/train/images/IMG_20191215_111912.jpg,241.42,418.75,272.65,452.94,tomato
data/Laboro-Tomato/train/images/IMG_20191215_111912.jpg,285.43,468.84,309.52,496.50,tomato
data/Laboro-Tomato/train/images/IMG_20191215_111912.jpg,261.21,468.71,283.24,495.49,tomato
data/Laboro-Tomato/train/images/IMG_20191215_111912.jpg,118.81,218.57,136.13,236.44,tomato
data/Laboro-Tomato/train/images/IMG_20191215_111912.jpg,91.90,227.14,111.06,245.38,tomato
data/Laboro-Tomato/train/images/IMG_20191215_111912.jpg,152.82,255.71,166.53,269.54,tomato
data/Laboro-Tomato/train/images/IMG_20191215_111912.jpg,137.82,243.15,152.32,257.24,tomato
data/Laboro-Tomato/train/images/IMG_20191215_111912.jpg,113.12,271.61,129.55,286.89,tomato
data/Laboro-Tomato/train/images/IMG_20191215_111912.jpg,124.29,288.81,140.91,303.68,tomato
data/Laboro-Tomato/train/images/IMG_20191215_111912.jpg,84.44,268.61,101.65,282.65,tomato
data/Laboro-Tomato/train/images/IMG_20191215_111912.jpg,85.36,254.18,103.69,268.48,tomato
data/Laboro-Tomato/train/images/IMG_20191215_111912.jpg,76.93,286.79,93.01,300.62,tomato
data/Laboro-Tomato/train/images/IMG_20191215_111912.jpg,95.59,241.70,112.57,256.00,tomato
data/Laboro-Tomato/train/images/IMG_20191215_111912.jpg,65.23,254.55,77.51,270.40,tomato
data/Laboro-Tomato/train/images/IMG_20191215_111912.jpg,131.12,274.33,144.95,287.18,tomato
data/Laboro-Tomato/train/images/IMG_20191215_111912.jpg,82.33,240.71,97.94,256.36,tomato
data/Laboro-Tomato/train/images/IMG_20191215_111912.jpg,88.95,295.57,104.92,304.48,tomato
data/Laboro-Tomato/train/images/IMG_20191215_111912.jpg,88.64,279.25,105.62,293.55,tomato
data/Laboro-Tomato/train/images/IMG_20191215_111912.jpg,350.12,321.34,361.70,333.51,tomato
data/Laboro-Tomato/train/images/IMG_20191215_111912.jpg,131.86,259.21,146.24,272.78,tomato
data/Laboro-Tomato/train/images/IMG_20191215_111912.jpg,122.61,245.87,137.22,262.29,tomato
data/Laboro-Tomato/train/images/IMG_20191215_111912.jpg,111.89,246.46,125.49,261.18,tomato
data/Laboro-Tomato/train/images/IMG_20191215_111912.jpg,107.64,292.44,123.61,302.54,tomato
data/Laboro-Tomato/train/images/IMG_20191215_111913.jpg,71.33,1.58,102.57,34.37,tomato
data/Laboro-Tomato/train/images/IMG_20191215_111913.jpg,282.62,141.60,324.93,182.78,tomato
data/Laboro-Tomato/train/images/IMG_20191215_111913.jpg,231.49,161.72,279.24,209.48,tomato
data/Laboro-Tomato/train/images/IMG_20191215_111913.jpg,217.68,190.26,256.38,227.14,tomato
data/Laboro-Tomato/train/images/IMG_20191215_111913.jpg,186.04,218.05,223.37,245.66,tomato
data/Laboro-Tomato/train/images/IMG_20191215_111913.jpg,183.78,187.98,220.89,222.38,tomato
data/Laboro-Tomato/train/images/IMG_20191215_111913.jpg,244.20,203.86,275.86,231.68,tomato
data/Laboro-Tomato/train/images/IMG_20191215_111913.jpg,273.59,204.97,310.03,242.58,tomato
data/Laboro-Tomato/train/images/IMG_20191215_111913.jpg,300.08,201.24,333.34,222.48,tomato
data/Laboro-Tomato/train/images/IMG_20191215_111913.jpg,324.87,222.30,348.26,248.67,tomato
data/Laboro-Tomato/train/images/IMG_20191215_111913.jpg,295.56,236.05,333.12,268.69,tomato
data/Laboro-Tomato/train/images/IMG_20191215_111913.jpg,257.40,228.41,286.89,256.54,tomato
data/Laboro-Tomato/train/images/IMG_20191215_111913.jpg,322.71,249.62,347.30,273.25,tomato
data/Laboro-Tomato/train/images/IMG_20191215_111913.jpg,275.90,252.99,301.65,272.68,tomato
data/Laboro-Tomato/train/images/IMG_20191215_111913.jpg,291.83,265.01,316.03,293.91,tomato
data/Laboro-Tomato/train/images/IMG_20191215_111913.jpg,268.19,270.47,306.96,306.47,tomato
data/Laboro-Tomato/train/images/IMG_20191215_111913.jpg,283.16,303.76,313.27,336.80,tomato
data/Laboro-Tomato/train/images/IMG_20191215_111913.jpg,241.26,502.62,280.42,517.74,tomato
data/Laboro-Tomato/train/images/IMG_20191215_111913.jpg,227.00,226.13,257.46,253.02,tomato
data/Laboro-Tomato/train/images/IMG_20191215_111913.jpg,137.18,222.04,179.61,258.66,tomato
data/Laboro-Tomato/train/images/IMG_20191215_111913.jpg,188.33,247.71,223.41,278.68,tomato
data/Laboro-Tomato/train/images/IMG_20191215_111913.jpg,190.21,270.42,224.09,296.79,tomato
data/Laboro-Tomato/train/images/IMG_20191215_111913.jpg,219.64,287.70,248.90,315.77,tomato
data/Laboro-Tomato/train/images/IMG_20191215_111913.jpg,204.57,319.58,222.01,337.35,tomato
data/Laboro-Tomato/train/images/IMG_20191215_111913.jpg,190.23,298.19,222.05,327.76,tomato
data/Laboro-Tomato/train/images/IMG_20191215_111913.jpg,170.91,285.65,202.37,314.92,tomato
data/Laboro-Tomato/train/images/IMG_20191215_111913.jpg,136.68,300.57,161.31,315.44,tomato
data/Laboro-Tomato/train/images/IMG_20191215_111913.jpg,78.19,334.27,107.60,362.65,tomato
data/Laboro-Tomato/train/images/IMG_20191215_111913.jpg,126.23,272.70,164.38,306.22,tomato
data/Laboro-Tomato/train/images/IMG_20191215_111913.jpg,129.43,254.67,142.06,269.85,tomato
data/Laboro-Tomato/train/images/IMG_20191215_111913.jpg,103.36,243.33,119.56,259.54,tomato
data/Laboro-Tomato/train/images/IMG_20191215_111913.jpg,86.13,231.78,99.65,246.33,tomato
data/Laboro-Tomato/train/images/IMG_20191215_111913.jpg,69.47,229.09,85.09,244.26,tomato
data/Laboro-Tomato/train/images/IMG_20191215_111913.jpg,91.50,215.41,107.11,229.55,tomato
data/Laboro-Tomato/train/images/IMG_20191215_111913.jpg,96.22,193.21,112.88,209.89,tomato
data/Laboro-Tomato/train/images/IMG_20191215_111913.jpg,74.83,191.45,91.77,208.24,tomato
data/Laboro-Tomato/train/images/IMG_20191215_111913.jpg,79.12,162.57,99.05,179.51,tomato
data/Laboro-Tomato/train/images/IMG_20191215_111913.jpg,65.00,172.70,77.04,187.72,tomato
data/Laboro-Tomato/train/images/IMG_20191215_111913.jpg,113.78,171.22,126.87,183.71,tomato
data/Laboro-Tomato/train/images/IMG_20191215_111913.jpg,97.63,164.23,110.45,176.61,tomato
data/Laboro-Tomato/train/images/IMG_20191215_111913.jpg,101.34,132.50,114.83,145.56,tomato
data/Laboro-Tomato/train/images/IMG_20191215_111913.jpg,88.15,139.55,100.43,151.05,tomato
data/Laboro-Tomato/train/images/IMG_20191215_111913.jpg,96.35,151.96,108.63,163.30,tomato
data/Laboro-Tomato/train/images/IMG_20191215_111913.jpg,85.59,132.50,98.41,144.52,tomato
data/Laboro-Tomato/train/images/IMG_20191215_111913.jpg,100.33,177.13,112.80,189.51,tomato
data/Laboro-Tomato/train/images/IMG_20191215_111913.jpg,65.02,182.67,75.47,205.83,tomato
data/Laboro-Tomato/train/images/IMG_20191215_111913.jpg,239.81,142.68,246.99,156.51,tomato
data/Laboro-Tomato/train/images/IMG_20191215_111913.jpg,241.88,135.48,255.25,144.55,tomato
data/Laboro-Tomato/train/images/IMG_20191215_111914.jpg,254.80,149.55,312.96,207.67,tomato
data/Laboro-Tomato/train/images/IMG_20191215_111914.jpg,136.72,147.53,211.15,223.98,tomato
data/Laboro-Tomato/train/images/IMG_20191215_111914.jpg,221.97,197.25,282.85,255.17,tomato
data/Laboro-Tomato/train/images/IMG_20191215_111914.jpg,224.03,278.04,283.74,334.14,tomato
data/Laboro-Tomato/train/images/IMG_20191215_111914.jpg,234.23,348.41,283.10,401.55,tomato
data/Laboro-Tomato/train/images/IMG_20191215_111914.jpg,155.48,331.86,219.04,392.93,tomato
data/Laboro-Tomato/train/images/IMG_20191215_111914.jpg,160.22,387.15,215.70,435.95,tomato
data/Laboro-Tomato/train/images/IMG_20191215_111914.jpg,224.17,394.04,269.00,438.90,tomato
data/Laboro-Tomato/train/images/IMG_20191215_111914.jpg,203.89,429.24,231.63,459.13,tomato
data/Laboro-Tomato/train/images/IMG_20191215_111914.jpg,161.97,434.73,202.30,476.43,tomato
data/Laboro-Tomato/train/images/IMG_20191215_111914.jpg,79.86,440.84,101.42,463.58,tomato
data/Laboro-Tomato/train/images/IMG_20191215_111914.jpg,108.12,413.62,125.22,432.58,tomato
data/Laboro-Tomato/train/images/IMG_20191215_111914.jpg,75.76,397.57,96.12,416.73,tomato
data/Laboro-Tomato/train/images/IMG_20191215_111914.jpg,88.66,150.40,104.74,166.93,tomato
data/Laboro-Tomato/train/images/IMG_20191215_111914.jpg,104.72,177.31,119.76,191.61,tomato
data/Laboro-Tomato/train/images/IMG_20191215_111914.jpg,109.93,193.50,124.34,206.60,tomato
data/Laboro-Tomato/train/images/IMG_20191215_111914.jpg,74.07,185.06,90.89,200.65,tomato
data/Laboro-Tomato/train/images/IMG_20191215_111914.jpg,70.67,175.99,86.13,188.79,tomato
data/Laboro-Tomato/train/images/IMG_20191215_111914.jpg,89.24,201.29,103.23,215.70,tomato
data/Laboro-Tomato/train/images/IMG_20191215_111914.jpg,104.39,214.50,117.06,226.11,tomato
data/Laboro-Tomato/train/images/IMG_20191215_111914.jpg,65.00,200.93,75.57,216.26,tomato
data/Laboro-Tomato/train/images/IMG_20191215_111914.jpg,107.11,362.06,119.00,374.13,tomato
data/Laboro-Tomato/train/images/IMG_20191215_111914.jpg,103.68,352.97,116.46,365.29,tomato
data/Laboro-Tomato/train/images/IMG_20191215_111914.jpg,121.68,441.34,136.99,460.09,tomato
data/Laboro-Tomato/train/images/IMG_20191215_111914.jpg,81.94,420.95,101.13,439.55,tomato
data/Laboro-Tomato/train/images/IMG_20191215_111914.jpg,65.00,444.75,80.31,466.30,tomato
data/Laboro-Tomato/train/images/IMG_20191215_111914.jpg,65.00,432.27,73.78,452.78,tomato
data/Laboro-Tomato/train/images/IMG_20191215_111914.jpg,132.23,400.85,145.63,413.65,tomato
data/Laboro-Tomato/train/images/IMG_20191215_111914.jpg,110.53,464.83,126.15,481.35,tomato
data/Laboro-Tomato/train/images/IMG_20191215_111914.jpg,86.41,489.85,103.50,509.79,tomato
data/Laboro-Tomato/train/images/IMG_20191215_111914.jpg,102.49,489.85,117.64,508.13,tomato
data/Laboro-Tomato/train/images/IMG_20191215_111914.jpg,114.11,394.20,124.36,407.46,tomato
data/Laboro-Tomato/train/images/IMG_20191215_111917.jpg,186.23,47.53,267.47,140.71,tomato
data/Laboro-Tomato/train/images/IMG_20191215_111917.jpg,171.57,148.85,257.97,243.18,tomato
data/Laboro-Tomato/train/images/IMG_20191215_111917.jpg,262.73,191.61,315.68,246.83,tomato
data/Laboro-Tomato/train/images/IMG_20191215_111917.jpg,385.34,242.09,424.46,285.75,tomato
data/Laboro-Tomato/train/images/IMG_20191215_111917.jpg,291.44,232.79,344.39,290.49,tomato
data/Laboro-Tomato/train/images/IMG_20191215_111917.jpg,215.87,255.43,281.49,319.66,tomato
data/Laboro-Tomato/train/images/IMG_20191215_111917.jpg,294.86,296.14,342.84,345.25,tomato
data/Laboro-Tomato/train/images/IMG_20191215_111917.jpg,348.02,335.07,386.72,378.94,tomato
data/Laboro-Tomato/train/images/IMG_20191215_111917.jpg,231.96,345.43,264.32,376.87,tomato
data/Laboro-Tomato/train/images/IMG_20191215_111917.jpg,239.86,314.22,285.32,362.19,tomato
data/Laboro-Tomato/train/images/IMG_20191215_111917.jpg,129.69,299.77,211.58,372.60,tomato
data/Laboro-Tomato/train/images/IMG_20191215_111917.jpg,78.33,279.88,107.07,307.23,tomato
data/Laboro-Tomato/train/images/IMG_20191215_111917.jpg,97.34,327.12,124.03,354.47,tomato
data/Laboro-Tomato/train/images/IMG_20191215_111917.jpg,95.30,368.74,164.07,438.41,tomato
data/Laboro-Tomato/train/images/IMG_20191215_111917.jpg,367.49,362.39,400.28,397.93,tomato
data/Laboro-Tomato/train/images/IMG_20191215_111917.jpg,98.26,429.37,162.28,490.91,tomato
data/Laboro-Tomato/train/images/IMG_20191215_111917.jpg,172.01,440.71,217.27,498.63,tomato
data/Laboro-Tomato/train/images/IMG_20191215_111917.jpg,392.58,291.63,425.84,322.40,tomato
data/Laboro-Tomato/train/images/IMG_20191215_111917.jpg,160.47,179.38,200.06,239.78,tomato
data/Laboro-Tomato/train/images/IMG_20191215_111917.jpg,103.46,361.51,127.24,384.82,tomato
data/Laboro-Tomato/train/images/IMG_20191215_111917.jpg,65.23,367.83,88.31,393.42,tomato
data/Laboro-Tomato/train/images/IMG_20191215_111918.jpg,215.41,175.89,288.25,248.15,tomato
data/Laboro-Tomato/train/images/IMG_20191215_111918.jpg,159.81,332.43,240.58,409.66,tomato
data/Laboro-Tomato/train/images/IMG_20191215_111918.jpg,266.90,287.36,326.03,346.46,tomato
data/Laboro-Tomato/train/images/IMG_20191215_111918.jpg,197.58,383.63,258.14,443.62,tomato
data/Laboro-Tomato/train/images/IMG_20191215_111918.jpg,266.05,349.39,313.76,401.50,tomato
data/Laboro-Tomato/train/images/IMG_20191215_111919.jpg,186.48,199.27,233.10,245.89,tomato
data/Laboro-Tomato/train/images/IMG_20191215_111919.jpg,101.19,202.46,158.41,252.24,tomato
data/Laboro-Tomato/train/images/IMG_20191215_111919.jpg,140.54,264.93,187.82,308.60,tomato
data/Laboro-Tomato/train/images/IMG_20191215_111919.jpg,259.11,353.17,293.50,384.15,tomato
data/Laboro-Tomato/train/images/IMG_20191215_111919.jpg,172.46,292.72,210.22,330.95,tomato
data/Laboro-Tomato/train/images/IMG_20191215_111919.jpg,210.03,305.62,230.62,327.79,tomato
data/Laboro-Tomato/train/images/IMG_20191215_111919.jpg,220.87,283.24,249.62,311.32,tomato
data/Laboro-Tomato/train/images/IMG_20191215_111919.jpg,232.64,253.59,247.56,267.83,tomato
data/Laboro-Tomato/train/images/IMG_20191215_111919.jpg,425.59,310.28,453.29,341.26,tomato
data/Laboro-Tomato/train/images/IMG_20191215_111919.jpg,292.86,352.89,324.17,381.12,tomato
data/Laboro-Tomato/train/images/IMG_20191215_111919.jpg,285.32,373.43,301.56,392.07,tomato
data/Laboro-Tomato/train/images/IMG_20191215_111919.jpg,256.08,379.41,287.05,406.60,tomato
data/Laboro-Tomato/train/images/IMG_20191215_111919.jpg,349.65,334.42,368.30,353.59,tomato
data/Laboro-Tomato/train/images/IMG_20191215_111919.jpg,336.99,350.35,374.28,390.70,tomato
data/Laboro-Tomato/train/images/IMG_20191215_111919.jpg,374.13,360.24,398.92,385.88,tomato
data/Laboro-Tomato/train/images/IMG_20191215_111919.jpg,354.61,395.83,380.44,424.06,tomato
data/Laboro-Tomato/train/images/IMG_20191215_111919.jpg,407.13,375.96,452.63,422.17,tomato
data/Laboro-Tomato/train/images/IMG_20191215_111922.jpg,299.98,182.31,348.27,230.33,tomato
data/Laboro-Tomato/train/images/IMG_20191215_111922.jpg,344.45,263.95,400.94,312.79,tomato
data/Laboro-Tomato/train/images/IMG_20191215_111922.jpg,158.96,297.33,198.16,337.43,tomato
data/Laboro-Tomato/train/images/IMG_20191215_111922.jpg,104.20,191.69,144.29,232.35,tomato
data/Laboro-Tomato/train/images/IMG_20191215_111922.jpg,297.34,246.13,339.18,288.24,tomato
data/Laboro-Tomato/train/images/IMG_20191215_111922.jpg,119.72,309.89,156.90,345.58,tomato
data/Laboro-Tomato/train/images/IMG_20191215_111922.jpg,289.73,288.55,327.76,328.08,tomato
data/Laboro-Tomato/train/images/IMG_20191215_111922.jpg,278.62,317.79,312.84,349.70,tomato
data/Laboro-Tomato/train/images/IMG_20191215_111922.jpg,310.24,319.53,358.22,364.02,tomato
data/Laboro-Tomato/train/images/IMG_20191215_111922.jpg,295.61,353.20,334.23,395.62,tomato
data/Laboro-Tomato/train/images/IMG_20191215_111922.jpg,272.19,354.93,298.22,391.82,tomato
data/Laboro-Tomato/train/images/IMG_20191215_111922.jpg,122.67,258.95,161.87,296.14,tomato
data/Laboro-Tomato/train/images/IMG_20191215_111922.jpg,96.31,231.78,132.60,267.78,tomato
data/Laboro-Tomato/train/images/IMG_20191215_111922.jpg,73.20,258.40,106.84,286.22,tomato
data/Laboro-Tomato/train/images/IMG_20191215_111922.jpg,85.49,305.23,115.91,332.74,tomato
data/Laboro-Tomato/train/images/IMG_20191215_111922.jpg,134.04,344.13,165.66,376.61,tomato
data/Laboro-Tomato/train/images/IMG_20191215_111922.jpg,173.29,349.96,201.38,376.90,tomato
data/Laboro-Tomato/train/images/IMG_20191215_111924.jpg,120.44,68.32,191.92,137.11,tomato
data/Laboro-Tomato/train/images/IMG_20191215_111924.jpg,193.03,57.21,248.70,113.11,tomato
data/Laboro-Tomato/train/images/IMG_20191215_111924.jpg,167.93,90.96,212.96,144.11,tomato
data/Laboro-Tomato/train/images/IMG_20191215_111924.jpg,234.44,101.81,274.03,142.06,tomato
data/Laboro-Tomato/train/images/IMG_20191215_111924.jpg,199.38,111.53,262.94,170.78,tomato
data/Laboro-Tomato/train/images/IMG_20191215_111924.jpg,164.32,140.95,214.09,182.80,tomato
data/Laboro-Tomato/train/images/IMG_20191215_111924.jpg,98.28,156.57,160.94,214.01,tomato
data/Laboro-Tomato/train/images/IMG_20191215_111924.jpg,309.56,127.61,350.74,176.04,tomato
data/Laboro-Tomato/train/images/IMG_20191215_111924.jpg,338.74,161.07,372.23,194.79,tomato
data/Laboro-Tomato/train/images/IMG_20191215_111924.jpg,189.86,163.82,228.33,188.01,tomato
data/Laboro-Tomato/train/images/IMG_20191215_111924.jpg,250.72,151.36,282.39,181.20,tomato
data/Laboro-Tomato/train/images/IMG_20191215_111924.jpg,250.49,174.44,274.93,194.59,tomato
data/Laboro-Tomato/train/images/IMG_20191215_111924.jpg,88.31,206.11,111.15,225.80,tomato
data/Laboro-Tomato/train/images/IMG_20191215_111924.jpg,200.51,192.98,231.98,222.87,tomato
data/Laboro-Tomato/train/images/IMG_20191215_111924.jpg,219.95,216.94,234.21,230.51,tomato
data/Laboro-Tomato/train/images/IMG_20191215_111924.jpg,161.81,212.22,205.25,247.97,tomato
data/Laboro-Tomato/train/images/IMG_20191215_111924.jpg,74.29,230.54,125.18,270.78,tomato
data/Laboro-Tomato/train/images/IMG_20191215_111924.jpg,89.90,265.35,122.69,294.30,tomato
data/Laboro-Tomato/train/images/IMG_20191215_111924.jpg,144.18,252.24,179.45,287.52,tomato
data/Laboro-Tomato/train/images/IMG_20191215_111924.jpg,110.69,207.23,130.81,222.82,tomato
data/Laboro-Tomato/train/images/IMG_20191215_111924.jpg,275.63,205.41,314.75,244.11,tomato
data/Laboro-Tomato/train/images/IMG_20191215_111924.jpg,287.84,233.26,313.87,254.08,tomato
data/Laboro-Tomato/train/images/IMG_20191215_111924.jpg,330.36,355.40,362.73,388.45,tomato
data/Laboro-Tomato/train/images/IMG_20191215_111924.jpg,353.67,375.96,391.01,415.13,tomato
data/Laboro-Tomato/train/images/IMG_20191215_111924.jpg,348.47,389.59,365.45,413.11,tomato
data/Laboro-Tomato/train/images/IMG_20191215_111926.jpg,244.41,194.79,292.58,243.64,tomato
data/Laboro-Tomato/train/images/IMG_20191215_111926.jpg,252.53,232.79,293.94,254.96,tomato
data/Laboro-Tomato/train/images/IMG_20191215_111926.jpg,263.64,249.11,293.94,276.25,tomato
data/Laboro-Tomato/train/images/IMG_20191215_111926.jpg,272.89,260.40,316.32,303.39,tomato
data/Laboro-Tomato/train/images/IMG_20191215_111926.jpg,247.58,265.11,271.78,288.42,tomato
data/Laboro-Tomato/train/images/IMG_20191215_111926.jpg,284.44,286.17,319.29,312.43,tomato
data/Laboro-Tomato/train/images/IMG_20191215_111926.jpg,190.80,303.13,233.76,351.31,tomato
data/Laboro-Tomato/train/images/IMG_20191215_111926.jpg,167.25,340.48,220.87,399.53,tomato
data/Laboro-Tomato/train/images/IMG_20191215_111926.jpg,193.73,362.21,233.55,408.57,tomato
data/Laboro-Tomato/train/images/IMG_20191215_111926.jpg,246.24,363.56,284.00,393.65,tomato
data/Laboro-Tomato/train/images/IMG_20191215_111926.jpg,248.24,381.87,290.08,424.86,tomato
data/Laboro-Tomato/train/images/IMG_20191215_111926.jpg,250.28,423.75,296.66,468.76,tomato
data/Laboro-Tomato/train/images/IMG_20191215_111926.jpg,170.42,464.46,220.65,517.87,tomato
data/Laboro-Tomato/train/images/IMG_20191215_111926.jpg,290.76,446.59,344.84,506.32,tomato
data/Laboro-Tomato/train/images/IMG_20191215_111928.jpg,131.88,361.41,148.31,377.57,tomato
data/Laboro-Tomato/train/images/IMG_20191215_111928.jpg,141.46,373.58,155.68,389.74,tomato
data/Laboro-Tomato/train/images/IMG_20191215_111928.jpg,154.65,353.61,177.92,379.88,tomato
data/Laboro-Tomato/train/images/IMG_20191215_111928.jpg,177.80,351.83,203.40,381.46,tomato
data/Laboro-Tomato/train/images/IMG_20191215_111928.jpg,189.18,330.38,218.67,360.11,tomato
data/Laboro-Tomato/train/images/IMG_20191215_111928.jpg,144.43,332.06,174.69,357.91,tomato
data/Laboro-Tomato/train/images/IMG_20191215_111928.jpg,148.18,302.69,182.06,333.72,tomato
data/Laboro-Tomato/train/images/IMG_20191215_111928.jpg,201.21,294.51,233.30,325.02,tomato
data/Laboro-Tomato/train/images/IMG_20191215_111928.jpg,156.04,265.92,190.97,300.57,tomato
data/Laboro-Tomato/train/images/IMG_20191215_111928.jpg,207.66,250.56,239.75,282.36,tomato
data/Laboro-Tomato/train/images/IMG_20191215_111928.jpg,317.60,413.13,356.14,454.52,tomato
data/Laboro-Tomato/train/images/IMG_20191215_111928.jpg,345.92,383.76,390.68,432.40,tomato
data/Laboro-Tomato/train/images/IMG_20191215_111928.jpg,293.42,378.99,333.01,421.94,tomato
data/Laboro-Tomato/train/images/IMG_20191215_111928.jpg,358.38,370.06,377.76,385.18,tomato
data/Laboro-Tomato/train/images/IMG_20191215_111928.jpg,279.06,337.35,318.92,375.52,tomato
data/Laboro-Tomato/train/images/IMG_20191215_111928.jpg,336.11,306.97,394.97,371.10,tomato
data/Laboro-Tomato/train/images/IMG_20191215_111928.jpg,265.12,282.75,317.49,334.08,tomato
data/Laboro-Tomato/train/images/IMG_20191215_111928.jpg,246.86,274.59,279.96,309.40,tomato
data/Laboro-Tomato/train/images/IMG_20191215_111928.jpg,363.68,259.34,421.88,314.30,tomato
data/Laboro-Tomato/train/images/IMG_20191215_111928.jpg,364.57,173.17,453.31,252.73,tomato
data/Laboro-Tomato/train/images/IMG_20191215_111928.jpg,251.52,205.13,319.82,267.60,tomato
data/Laboro-Tomato/train/images/IMG_20191215_111928.jpg,287.61,105.96,356.30,183.29,tomato
data/Laboro-Tomato/train/images/IMG_20191215_111928.jpg,159.58,139.03,177.02,154.88,tomato
data/Laboro-Tomato/train/images/IMG_20191215_111928.jpg,157.56,119.79,173.99,138.59,tomato
data/Laboro-Tomato/train/images/IMG_20191215_111928.jpg,164.42,95.70,179.26,117.30,tomato
data/Laboro-Tomato/train/images/IMG_20191215_111928.jpg,156.55,89.07,177.26,110.98,tomato
data/Laboro-Tomato/train/images/IMG_20191215_111928.jpg,162.30,67.68,181.30,93.11,tomato
data/Laboro-Tomato/train/images/IMG_20191215_111928.jpg,146.43,43.85,170.83,69.59,tomato
data/Laboro-Tomato/train/images/IMG_20191215_111928.jpg,195.24,79.72,213.70,103.24,tomato
data/Laboro-Tomato/train/images/IMG_20191215_111928.jpg,201.77,114.40,220.23,131.86,tomato
data/Laboro-Tomato/train/images/IMG_20191215_111928.jpg,190.29,128.54,206.14,143.62,tomato
data/Laboro-Tomato/train/images/IMG_20191215_111928.jpg,207.27,131.36,223.59,147.11,tomato
data/Laboro-Tomato/train/images/IMG_20191215_111928.jpg,214.01,148.90,223.68,159.93,tomato
data/Laboro-Tomato/train/images/IMG_20191215_111928.jpg,205.48,154.78,218.07,168.04,tomato
data/Laboro-Tomato/train/images/IMG_20191215_111928.jpg,187.96,104.38,204.82,124.27,tomato
data/Laboro-Tomato/train/images/IMG_20191215_111928.jpg,170.05,122.82,176.34,136.08,tomato
data/Laboro-Tomato/train/images/IMG_20191215_111928.jpg,261.19,309.63,289.94,339.42,tomato
data/Laboro-Tomato/train/images/IMG_20191215_111928.jpg,346.39,244.26,420.98,291.66,tomato
data/Laboro-Tomato/train/images/IMG_20191215_111928.jpg,325.20,228.18,376.52,278.84,tomato
data/Laboro-Tomato/train/images/IMG_20191215_111928.jpg,185.05,155.76,195.15,171.20,tomato
data/Laboro-Tomato/train/images/IMG_20191215_111928.jpg,148.24,252.29,158.92,263.53,tomato
data/Laboro-Tomato/train/images/IMG_20191215_111928.jpg,163.31,242.04,172.44,252.97,tomato
data/Laboro-Tomato/train/images/IMG_20191215_111928.jpg,193.34,237.53,202.55,247.32,tomato
data/Laboro-Tomato/train/images/IMG_20191215_111928.jpg,388.27,328.28,404.12,356.10,tomato
data/Laboro-Tomato/train/images/IMG_20191215_111928.jpg,414.73,244.57,438.27,280.99,tomato
data/Laboro-Tomato/train/images/IMG_20191215_111930.jpg,135.38,418.98,159.35,444.11,tomato
data/Laboro-Tomato/train/images/IMG_20191215_111930.jpg,116.36,430.30,139.90,457.45,tomato
data/Laboro-Tomato/train/images/IMG_20191215_111930.jpg,100.30,415.15,125.20,441.62,tomato
data/Laboro-Tomato/train/images/IMG_20191215_111930.jpg,422.65,354.70,452.96,385.94,tomato
data/Laboro-Tomato/train/images/IMG_20191215_111930.jpg,419.74,383.01,452.76,412.64,tomato
data/Laboro-Tomato/train/images/IMG_20191215_111930.jpg,419.93,410.85,448.45,437.53,tomato
data/Laboro-Tomato/train/images/IMG_20191215_111930.jpg,439.18,411.27,452.98,437.53,tomato
data/Laboro-Tomato/train/images/IMG_20191215_111930.jpg,271.33,386.84,337.61,453.35,tomato
data/Laboro-Tomato/train/images/IMG_20191215_111930.jpg,245.77,435.95,304.82,502.67,tomato
data/Laboro-Tomato/train/images/IMG_20191215_111930.jpg,196.64,447.24,246.64,508.78,tomato
data/Laboro-Tomato/train/images/IMG_20191215_111930.jpg,172.48,403.34,240.12,467.83,tomato
data/Laboro-Tomato/train/images/IMG_20191215_111930.jpg,181.74,337.74,260.92,411.50,tomato
data/Laboro-Tomato/train/images/IMG_20191215_111930.jpg,294.16,304.51,364.75,375.52,tomato
data/Laboro-Tomato/train/images/IMG_20191215_111930.jpg,192.39,248.61,273.82,330.30,tomato
data/Laboro-Tomato/train/images/IMG_20191215_111930.jpg,296.20,209.74,360.22,278.94,tomato
data/Laboro-Tomato/train/images/IMG_20191215_111930.jpg,423.33,139.34,453.21,205.85,tomato
data/Laboro-Tomato/train/images/IMG_20191215_111930.jpg,411.58,164.46,452.99,213.78,tomato
data/Laboro-Tomato/train/images/IMG_20191215_111930.jpg,440.52,61.07,453.19,110.18,tomato
data/Laboro-Tomato/train/images/IMG_20191215_111930.jpg,426.52,91.82,453.21,129.16,tomato
data/Laboro-Tomato/train/images/IMG_20191215_111930.jpg,139.59,19.19,171.06,51.15,tomato
data/Laboro-Tomato/train/images/IMG_20191215_111930.jpg,115.29,24.79,146.95,59.34,tomato
data/Laboro-Tomato/train/images/IMG_20191215_111930.jpg,121.62,57.29,150.88,85.68,tomato
data/Laboro-Tomato/train/images/IMG_20191215_111930.jpg,150.02,59.36,173.99,88.27,tomato
data/Laboro-Tomato/train/images/IMG_20191215_111930.jpg,156.01,87.90,171.58,113.39,tomato
data/Laboro-Tomato/train/images/IMG_20191215_111930.jpg,195.36,49.47,221.20,76.30,tomato
data/Laboro-Tomato/train/images/IMG_20191215_111930.jpg,206.65,75.63,222.89,96.14,tomato
data/Laboro-Tomato/train/images/IMG_20191215_111930.jpg,199.27,19.68,216.05,49.94,tomato
data/Laboro-Tomato/train/images/IMG_20191215_111930.jpg,126.07,0.00,163.21,17.43,tomato
data/Laboro-Tomato/train/images/IMG_20191215_111930.jpg,193.98,89.43,213.33,110.83,tomato
data/Laboro-Tomato/train/images/IMG_20191215_111931.jpg,197.58,345.92,260.71,411.08,tomato
data/Laboro-Tomato/train/images/IMG_20191215_111931.jpg,232.87,366.51,274.05,418.78,tomato
data/Laboro-Tomato/train/images/IMG_20191215_111931.jpg,257.05,328.96,309.77,378.74,tomato
data/Laboro-Tomato/train/images/IMG_20191215_111931.jpg,337.67,210.05,357.52,229.73,tomato
data/Laboro-Tomato/train/images/IMG_20191215_111931.jpg,288.04,219.97,304.82,240.33,tomato
data/Laboro-Tomato/train/images/IMG_20191215_111931.jpg,294.74,237.43,312.18,253.02,tomato
data/Laboro-Tomato/train/images/IMG_20191215_111931.jpg,311.31,234.01,331.67,252.81,tomato
data/Laboro-Tomato/train/images/IMG_20191215_111931.jpg,362.65,216.24,380.95,232.14,tomato
data/Laboro-Tomato/train/images/IMG_20191215_111931.jpg,422.17,207.85,437.90,220.85,tomato
data/Laboro-Tomato/train/images/IMG_20191215_111931.jpg,395.13,208.86,410.71,222.53,tomato
data/Laboro-Tomato/train/images/IMG_20191215_111931.jpg,348.29,204.07,366.24,220.49,tomato
data/Laboro-Tomato/train/images/IMG_20191215_111931.jpg,305.17,157.24,319.70,171.59,tomato
data/Laboro-Tomato/train/images/IMG_20191215_111933.jpg,289.20,453.35,347.32,513.96,tomato
data/Laboro-Tomato/train/images/IMG_20191215_111933.jpg,250.96,390.70,321.08,464.21,tomato
data/Laboro-Tomato/train/images/IMG_20191215_111933.jpg,138.29,400.41,169.72,432.74,tomato
data/Laboro-Tomato/train/images/IMG_20191215_111933.jpg,181.06,357.89,221.35,399.74,tomato
data/Laboro-Tomato/train/images/IMG_20191215_111933.jpg,245.07,350.19,265.43,372.83,tomato
data/Laboro-Tomato/train/images/IMG_20191215_111933.jpg,267.25,356.51,313.64,400.18,tomato
data/Laboro-Tomato/train/images/IMG_20191215_111933.jpg,213.85,316.96,251.42,352.71,tomato
data/Laboro-Tomato/train/images/IMG_20191215_111933.jpg,283.30,299.53,344.14,362.88,tomato
data/Laboro-Tomato/train/images/IMG_20191215_111933.jpg,255.71,256.80,319.51,322.84,tomato
data/Laboro-Tomato/train/images/IMG_20191215_111933.jpg,240.54,264.67,262.03,300.88,tomato
data/Laboro-Tomato/train/images/IMG_20191215_111933.jpg,237.84,219.19,288.74,271.46,tomato
data/Laboro-Tomato/train/images/IMG_20191215_111933.jpg,311.60,219.87,378.77,281.87,tomato
data/Laboro-Tomato/train/images/IMG_20191215_111933.jpg,329.45,155.43,381.04,209.25,tomato
data/Laboro-Tomato/train/images/IMG_20191215_111933.jpg,178.58,212.77,203.71,239.13,tomato
data/Laboro-Tomato/train/images/IMG_20191215_111933.jpg,113.93,212.61,133.78,230.59,tomato
data/Laboro-Tomato/train/images/IMG_20191215_111933.jpg,137.71,228.20,150.18,241.21,tomato
data/Laboro-Tomato/train/images/IMG_20191215_111933.jpg,150.20,209.22,160.45,218.13,tomato
data/Laboro-Tomato/train/images/IMG_20191215_111933.jpg,120.59,228.52,137.53,247.53,tomato
data/Laboro-Tomato/train/images/IMG_20191215_111933.jpg,118.69,247.34,127.08,256.25,tomato
data/Laboro-Tomato/train/images/IMG_20191215_111933.jpg,103.50,225.43,123.16,243.56,tomato
data/Laboro-Tomato/train/images/IMG_20191215_111933.jpg,65.85,280.06,83.65,298.86,tomato
data/Laboro-Tomato/train/images/IMG_20191215_111933.jpg,86.72,246.36,104.51,262.94,tomato
data/Laboro-Tomato/train/images/IMG_20191215_111933.jpg,79.37,211.94,97.17,227.32,tomato
data/Laboro-Tomato/train/images/IMG_20191215_111933.jpg,84.33,196.04,104.34,213.49,tomato
data/Laboro-Tomato/train/images/IMG_20191215_111933.jpg,66.88,197.72,86.04,216.37,tomato
data/Laboro-Tomato/train/images/IMG_20191215_111936.jpg,253.01,136.62,331.06,214.69,tomato
data/Laboro-Tomato/train/images/IMG_20191215_111936.jpg,65.45,168.32,158.41,252.50,tomato
data/Laboro-Tomato/train/images/IMG_20191215_111936.jpg,209.54,286.17,277.65,361.95,tomato
data/Laboro-Tomato/train/images/IMG_20191215_111936.jpg,87.16,380.26,157.06,460.14,tomato
data/Laboro-Tomato/train/images/IMG_20191215_111936.jpg,89.67,455.17,141.26,507.90,tomato
data/Laboro-Tomato/train/images/IMG_20191215_111936.jpg,76.09,420.33,106.20,468.97,tomato
data/Laboro-Tomato/train/images/IMG_20191215_111936.jpg,150.98,404.25,204.35,459.47,tomato
data/Laboro-Tomato/train/images/IMG_20191215_111936.jpg,147.81,455.17,197.81,511.73,tomato
data/Laboro-Tomato/train/images/IMG_20191215_111936.jpg,201.64,409.22,259.99,478.01,tomato
data/Laboro-Tomato/train/images/IMG_20191215_111936.jpg,258.22,400.00,312.73,456.77,tomato
data/Laboro-Tomato/train/images/IMG_20191215_111936.jpg,276.29,440.46,318.13,479.62,tomato
data/Laboro-Tomato/train/images/IMG_20191215_111936.jpg,248.26,460.35,289.20,508.11,tomato
data/Laboro-Tomato/train/images/IMG_20191215_111936.jpg,213.43,472.36,260.24,517.84,tomato
data/Laboro-Tomato/train/images/IMG_20191215_111939.jpg,244.84,236.42,285.78,279.62,tomato
data/Laboro-Tomato/train/images/IMG_20191215_111939.jpg,174.71,271.48,218.15,320.59,tomato
data/Laboro-Tomato/train/images/IMG_20191215_111939.jpg,248.49,349.08,304.35,410.62,tomato
data/Laboro-Tomato/train/images/IMG_20191215_111939.jpg,206.86,290.26,248.94,332.58,tomato
data/Laboro-Tomato/train/images/IMG_20191215_111939.jpg,281.30,310.59,328.11,360.84,tomato
data/Laboro-Tomato/train/images/IMG_20191215_111939.jpg,240.78,393.21,275.86,420.36,tomato
data/Laboro-Tomato/train/images/IMG_20191215_111939.jpg,209.09,347.47,255.25,399.27,tomato
data/Laboro-Tomato/train/images/IMG_20191215_111939.jpg,228.56,333.00,262.51,360.61,tomato
data/Laboro-Tomato/train/images/IMG_20191215_111939.jpg,175.61,318.75,214.30,352.47,tomato
data/Laboro-Tomato/train/images/IMG_20191215_111939.jpg,160.69,347.91,208.63,401.53,tomato
data/Laboro-Tomato/train/images/IMG_20191215_111939.jpg,309.56,334.81,339.63,367.60,tomato
data/Laboro-Tomato/train/images/IMG_20191215_111939.jpg,184.23,402.02,227.66,444.08,tomato
data/Laboro-Tomato/train/images/IMG_20191215_111939.jpg,169.51,406.76,193.05,441.83,tomato
data/Laboro-Tomato/train/images/IMG_20191215_111939.jpg,264.51,335.74,286.93,352.27,tomato
data/Laboro-Tomato/train/images/IMG_20191215_111939.jpg,260.01,276.25,289.18,305.88,tomato
data/Laboro-Tomato/train/images/IMG_20191215_111939.jpg,246.64,273.94,268.36,305.18,tomato
data/Laboro-Tomato/train/images/IMG_20191215_111941.jpg,116.36,5.88,157.77,47.27,tomato
data/Laboro-Tomato/train/images/IMG_20191215_111941.jpg,65.02,0.00,122.01,28.28,tomato
data/Laboro-Tomato/train/images/IMG_20191215_111941.jpg,262.71,238.69,316.55,289.35,tomato
data/Laboro-Tomato/train/images/IMG_20191215_111941.jpg,165.91,240.22,220.89,294.77,tomato
data/Laboro-Tomato/train/images/IMG_20191215_111941.jpg,219.74,229.14,266.36,273.94,tomato
data/Laboro-Tomato/train/images/IMG_20191215_111941.jpg,223.80,275.11,252.98,315.82,tomato
data/Laboro-Tomato/train/images/IMG_20191215_111941.jpg,241.44,282.10,288.95,332.56,tomato
data/Laboro-Tomato/train/images/IMG_20191215_111941.jpg,183.53,279.82,230.15,326.65,tomato
data/Laboro-Tomato/train/images/IMG_20191215_111941.jpg,325.86,166.61,339.03,181.17,tomato
data/Laboro-Tomato/train/images/IMG_20191215_111941.jpg,359.58,191.43,376.32,207.85,tomato
data/Laboro-Tomato/train/images/IMG_20191215_111941.jpg,319.70,177.05,332.37,192.28,tomato
data/Laboro-Tomato/train/images/IMG_20191215_111942.jpg,192.39,242.09,232.87,290.73,tomato
data/Laboro-Tomato/train/images/IMG_20191215_111942.jpg,139.22,242.76,193.96,297.51,tomato
data/Laboro-Tomato/train/images/IMG_20191215_111942.jpg,212.05,221.47,268.15,272.80,tomato
data/Laboro-Tomato/train/images/IMG_20191215_111942.jpg,170.67,304.71,213.64,351.07,tomato
data/Laboro-Tomato/train/images/IMG_20191215_111942.jpg,119.06,295.70,178.77,355.63,tomato
data/Laboro-Tomato/train/images/IMG_20191215_111942.jpg,306.38,289.56,365.19,346.33,tomato
data/Laboro-Tomato/train/images/IMG_20191215_111942.jpg,279.26,306.35,319.74,348.41,tomato
data/Laboro-Tomato/train/images/IMG_20191215_111942.jpg,197.58,331.42,217.27,359.91,tomato
data/Laboro-Tomato/train/images/IMG_20191215_111942.jpg,160.03,346.13,203.93,386.84,tomato
data/Laboro-Tomato/train/images/IMG_20191215_111942.jpg,149.38,354.05,172.93,386.38,tomato
data/Laboro-Tomato/train/images/IMG_20191215_111942.jpg,277.65,337.79,314.98,365.14,tomato
data/Laboro-Tomato/train/images/IMG_20191215_111942.jpg,317.02,342.73,363.41,386.40,tomato
data/Laboro-Tomato/train/images/IMG_20191215_111942.jpg,177.24,276.20,219.97,308.11,tomato
data/Laboro-Tomato/train/images/IMG_20191215_111942.jpg,73.61,57.45,98.04,81.90,tomato
data/Laboro-Tomato/train/images/IMG_20191215_111942.jpg,65.00,82.34,87.38,105.39,tomato
data/Laboro-Tomato/train/images/IMG_20191215_111942.jpg,88.29,80.96,109.54,100.65,tomato
data/Laboro-Tomato/train/images/IMG_20191215_111942.jpg,79.94,100.65,98.70,120.12,tomato
data/Laboro-Tomato/train/images/IMG_20191215_111942.jpg,71.57,163.79,86.25,178.30,tomato
data/Laboro-Tomato/train/images/IMG_20191215_111945.jpg,226.05,343.51,241.79,359.93,tomato
data/Laboro-Tomato/train/images/IMG_20191215_111945.jpg,216.94,338.56,235.28,357.01,tomato
data/Laboro-Tomato/train/images/IMG_20191215_111945.jpg,190.87,331.16,211.23,352.40,tomato
data/Laboro-Tomato/train/images/IMG_20191215_111945.jpg,170.52,351.62,191.42,368.92,tomato
data/Laboro-Tomato/train/images/IMG_20191215_111945.jpg,190.62,355.11,210.09,376.92,tomato
data/Laboro-Tomato/train/images/IMG_20191215_111945.jpg,170.61,365.32,190.85,386.71,tomato
data/Laboro-Tomato/train/images/IMG_20191215_111945.jpg,199.73,359.03,216.28,375.91,tomato
data/Laboro-Tomato/train/images/IMG_20191215_111945.jpg,179.63,377.93,196.84,396.48,tomato
data/Laboro-Tomato/train/images/IMG_20191215_111945.jpg,195.59,379.62,214.28,400.28,tomato
data/Laboro-Tomato/train/images/IMG_20191215_111945.jpg,186.37,394.12,203.00,409.50,tomato
data/Laboro-Tomato/train/images/IMG_20191215_111945.jpg,153.52,339.24,176.48,360.58,tomato
data/Laboro-Tomato/train/images/IMG_20191215_111945.jpg,128.33,334.60,148.45,353.61,tomato
data/Laboro-Tomato/train/images/IMG_20191215_111945.jpg,143.26,318.29,168.24,345.07,tomato
data/Laboro-Tomato/train/images/IMG_20191215_111945.jpg,132.81,309.84,158.03,332.79,tomato
data/Laboro-Tomato/train/images/IMG_20191215_111945.jpg,115.49,303.70,137.44,324.94,tomato
data/Laboro-Tomato/train/images/IMG_20191215_111945.jpg,165.68,302.46,188.17,324.94,tomato
data/Laboro-Tomato/train/images/IMG_20191215_111945.jpg,145.75,292.10,168.48,314.37,tomato
data/Laboro-Tomato/train/images/IMG_20191215_111945.jpg,138.99,286.25,159.93,304.89,tomato
data/Laboro-Tomato/train/images/IMG_20191215_111945.jpg,158.12,277.93,178.95,298.29,tomato
data/Laboro-Tomato/train/images/IMG_20191215_111945.jpg,174.01,290.65,191.65,307.64,tomato
data/Laboro-Tomato/train/images/IMG_20191215_111945.jpg,188.06,300.78,209.08,323.52,tomato
data/Laboro-Tomato/train/images/IMG_20191215_111945.jpg,200.97,315.59,222.11,335.64,tomato
data/Laboro-Tomato/train/images/IMG_20191215_111945.jpg,199.54,283.45,215.39,300.65,tomato
data/Laboro-Tomato/train/images/IMG_20191215_111945.jpg,188.27,262.32,208.16,280.65,tomato
data/Laboro-Tomato/train/images/IMG_20191215_111945.jpg,255.09,296.37,273.20,313.93,tomato
data/Laboro-Tomato/train/images/IMG_20191215_111945.jpg,237.77,267.81,258.90,287.49,tomato
data/Laboro-Tomato/train/images/IMG_20191215_111945.jpg,237.88,246.10,259.48,268.17,tomato
data/Laboro-Tomato/train/images/IMG_20191215_111945.jpg,211.56,249.44,231.03,269.59,tomato
data/Laboro-Tomato/train/images/IMG_20191215_111945.jpg,274.32,258.72,297.40,280.42,tomato
data/Laboro-Tomato/train/images/IMG_20191215_111945.jpg,335.94,251.26,357.31,273.17,tomato
data/Laboro-Tomato/train/images/IMG_20191215_111945.jpg,118.30,224.94,128.33,233.38,tomato
data/Laboro-Tomato/train/images/IMG_20191215_111945.jpg,111.21,216.76,120.65,224.16,tomato
data/Laboro-Tomato/train/images/IMG_20191215_111945.jpg,97.05,221.03,105.37,230.15,tomato
data/Laboro-Tomato/train/images/IMG_20191215_111945.jpg,114.59,135.09,126.75,146.90,tomato
data/Laboro-Tomato/train/images/IMG_20191215_111945.jpg,90.87,124.53,104.70,139.03,tomato
data/Laboro-Tomato/train/images/IMG_20191215_111945.jpg,113.04,150.04,123.49,159.93,tomato
data/Laboro-Tomato/train/images/IMG_20191215_111945.jpg,132.02,134.27,141.81,145.77,tomato
data/Laboro-Tomato/train/images/IMG_20191215_111945.jpg,78.48,128.02,91.77,141.96,tomato
data/Laboro-Tomato/train/images/IMG_20191215_111945.jpg,110.09,111.21,124.27,125.41,tomato
data/Laboro-Tomato/train/images/IMG_20191215_111945.jpg,125.49,104.48,139.79,119.09,tomato
data/Laboro-Tomato/train/images/IMG_20191215_111945.jpg,86.95,92.67,105.29,109.97,tomato
data/Laboro-Tomato/train/images/IMG_20191215_111945.jpg,83.22,98.96,97.83,114.14,tomato
data/Laboro-Tomato/train/images/IMG_20191215_111945.jpg,106.14,78.14,122.69,95.70,tomato
data/Laboro-Tomato/train/images/IMG_20191215_111945.jpg,117.29,63.66,134.39,82.00,tomato
data/Laboro-Tomato/train/images/IMG_20191215_111945.jpg,84.44,62.65,100.88,78.04,tomato
data/Laboro-Tomato/train/images/IMG_20191215_111945.jpg,96.39,46.46,110.69,61.18,tomato
data/Laboro-Tomato/train/images/IMG_20191215_111945.jpg,124.73,115.72,137.90,126.08,tomato
data/Laboro-Tomato/train/images/IMG_20191215_111945.jpg,220.87,241.34,233.14,257.39,tomato
data/Laboro-Tomato/train/images/IMG_20191215_111945.jpg,71.64,107.59,79.65,116.08,tomato
data/Laboro-Tomato/train/images/IMG_20191215_111945.jpg,71.16,119.42,79.98,127.76,tomato
data/Laboro-Tomato/train/images/IMG_20191215_111945.jpg,88.47,166.95,95.69,174.00,tomato
data/Laboro-Tomato/train/images/IMG_20191215_111945.jpg,78.11,184.25,86.31,191.19,tomato
data/Laboro-Tomato/train/images/IMG_20191215_111945.jpg,96.51,212.41,102.96,218.98,tomato
data/Laboro-Tomato/train/images/IMG_20191215_111947.jpg,303.66,202.72,352.76,254.05,tomato
data/Laboro-Tomato/train/images/IMG_20191215_111947.jpg,233.55,249.11,273.37,290.03,tomato
data/Laboro-Tomato/train/images/IMG_20191215_111947.jpg,176.09,222.61,207.99,253.85,tomato
data/Laboro-Tomato/train/images/IMG_20191215_111947.jpg,329.02,283.24,390.10,335.04,tomato
data/Laboro-Tomato/train/images/IMG_20191215_111947.jpg,351.40,339.34,391.88,378.92,tomato
data/Laboro-Tomato/train/images/IMG_20191215_111947.jpg,240.54,314.92,293.26,373.50,tomato
data/Laboro-Tomato/train/images/IMG_20191215_111947.jpg,183.53,311.29,229.45,360.14,tomato
data/Laboro-Tomato/train/images/IMG_20191215_111947.jpg,172.69,264.44,215.66,309.92,tomato
data/Laboro-Tomato/train/images/IMG_20191215_111947.jpg,155.95,258.15,193.94,295.70,tomato
data/Laboro-Tomato/train/images/IMG_20191215_111947.jpg,228.56,401.11,271.76,447.27,tomato
data/Laboro-Tomato/train/images/IMG_20191215_111947.jpg,153.00,397.25,194.41,437.97,tomato
data/Laboro-Tomato/train/images/IMG_20191215_111947.jpg,227.65,362.65,257.05,393.42,tomato
data/Laboro-Tomato/train/images/IMG_20191215_111947.jpg,65.23,134.60,78.36,165.84,tomato
data/Laboro-Tomato/train/images/IMG_20191215_111947.jpg,65.21,180.52,76.99,207.46,tomato
data/Laboro-Tomato/train/images/IMG_20191215_111951_1.jpg,267.91,241.62,326.97,307.67,tomato
data/Laboro-Tomato/train/images/IMG_20191215_111951_1.jpg,279.47,320.56,334.21,376.46,tomato
data/Laboro-Tomato/train/images/IMG_20191215_111951_1.jpg,193.71,332.12,260.69,390.49,tomato
data/Laboro-Tomato/train/images/IMG_20191215_111951_1.jpg,273.82,368.53,315.23,407.43,tomato
data/Laboro-Tomato/train/images/IMG_20191215_111951_1.jpg,208.67,390.73,261.81,445.01,tomato
data/Laboro-Tomato/train/images/IMG_20191215_111951_1.jpg,168.67,180.65,190.39,202.05,tomato
data/Laboro-Tomato/train/images/IMG_20191215_111951_1.jpg,123.82,187.28,147.44,209.71,tomato
data/Laboro-Tomato/train/images/IMG_20191215_111951_1.jpg,126.60,213.47,147.46,233.67,tomato
data/Laboro-Tomato/train/images/IMG_20191215_111951_1.jpg,172.96,206.79,193.48,226.99,tomato
data/Laboro-Tomato/train/images/IMG_20191215_111951_1.jpg,184.93,215.20,200.16,230.28,tomato
data/Laboro-Tomato/train/images/IMG_20191215_111951_1.jpg,65.19,247.60,82.44,263.97,tomato
data/Laboro-Tomato/train/images/IMG_20191215_111951_1.jpg,83.14,260.45,98.06,274.13,tomato
data/Laboro-Tomato/train/images/IMG_20191215_111951_1.jpg,74.83,271.35,93.48,289.33,tomato
data/Laboro-Tomato/train/images/IMG_20191215_111954.jpg,76.52,14.27,108.88,49.55,tomato
data/Laboro-Tomato/train/images/IMG_20191215_111954.jpg,216.81,120.56,279.94,185.47,tomato
data/Laboro-Tomato/train/images/IMG_20191215_111954.jpg,246.43,159.70,300.74,210.15,tomato
data/Laboro-Tomato/train/images/IMG_20191215_111954.jpg,282.42,202.02,314.09,234.14,tomato
data/Laboro-Tomato/train/images/IMG_20191215_111954.jpg,288.74,230.07,332.64,272.60,tomato
data/Laboro-Tomato/train/images/IMG_20191215_111954.jpg,244.41,246.36,295.30,296.81,tomato
data/Laboro-Tomato/train/images/IMG_20191215_111954.jpg,65.02,402.23,112.30,457.45,tomato
data/Laboro-Tomato/train/images/IMG_20191215_112001.jpg,329.92,111.29,394.18,185.73,tomato
data/Laboro-Tomato/train/images/IMG_20191215_112001.jpg,225.39,124.22,290.08,191.87,tomato
data/Laboro-Tomato/train/images/IMG_20191215_112001.jpg,215.23,121.03,255.95,173.50,tomato
data/Laboro-Tomato/train/images/IMG_20191215_112001.jpg,150.98,199.77,214.77,264.67,tomato
data/Laboro-Tomato/train/images/IMG_20191215_112001.jpg,203.91,173.50,251.42,222.35,tomato
data/Laboro-Tomato/train/images/IMG_20191215_112001.jpg,69.29,166.98,137.16,233.02,tomato
data/Laboro-Tomato/train/images/IMG_20191215_112001.jpg,126.99,187.28,166.11,233.23,tomato
data/Laboro-Tomato/train/images/IMG_20191215_112001.jpg,97.79,225.98,141.22,263.33,tomato
data/Laboro-Tomato/train/images/IMG_20191215_112001.jpg,365.19,168.12,429.22,231.68,tomato
data/Laboro-Tomato/train/images/IMG_20191215_112001.jpg,174.52,245.89,215.00,278.94,tomato
data/Laboro-Tomato/train/images/IMG_20191215_112001.jpg,301.85,196.61,349.60,245.25,tomato
data/Laboro-Tomato/train/images/IMG_20191215_112001.jpg,141.46,261.05,194.60,314.45,tomato
data/Laboro-Tomato/train/images/IMG_20191215_112001.jpg,124.29,276.22,173.16,323.72,tomato
data/Laboro-Tomato/train/images/IMG_20191215_112001.jpg,174.29,304.95,212.05,345.87,tomato
data/Laboro-Tomato/train/images/IMG_20191215_112001.jpg,138.52,314.66,180.13,347.24,tomato
data/Laboro-Tomato/train/images/IMG_20191215_112001.jpg,316.79,281.22,373.12,335.51,tomato
data/Laboro-Tomato/train/images/IMG_20191215_112001.jpg,311.37,306.99,351.19,344.75,tomato
data/Laboro-Tomato/train/images/IMG_20191215_112001.jpg,377.41,300.44,429.43,352.24,tomato
data/Laboro-Tomato/train/images/IMG_20191215_112001.jpg,134.77,406.27,157.54,437.04,tomato
data/Laboro-Tomato/train/images/IMG_20191215_112001.jpg,150.86,403.68,184.89,439.11,tomato
data/Laboro-Tomato/train/images/IMG_20191215_112001.jpg,65.00,163.35,77.67,210.64,tomato
data/Laboro-Tomato/train/images/IMG_20191215_112001.jpg,65.00,256.07,77.20,293.42,tomato
data/Laboro-Tomato/train/images/IMG_20191215_112001.jpg,136.25,231.21,167.25,258.82,tomato
data/Laboro-Tomato/train/images/IMG_20191215_112010.jpg,175.24,190.11,238.60,257.34,tomato
data/Laboro-Tomato/train/images/IMG_20191215_112010.jpg,256.14,200.08,327.55,269.85,tomato
data/Laboro-Tomato/train/images/IMG_20191215_112010.jpg,300.31,227.89,334.66,270.01,tomato
data/Laboro-Tomato/train/images/IMG_20191215_112010.jpg,168.24,272.52,207.21,313.44,tomato
data/Laboro-Tomato/train/images/IMG_20191215_112010.jpg,224.60,290.05,268.34,333.51,tomato
data/Laboro-Tomato/train/images/IMG_20191215_112010.jpg,215.39,280.24,253.46,320.85,tomato
data/Laboro-Tomato/train/images/IMG_20191215_112010.jpg,290.04,300.75,336.31,348.20,tomato
data/Laboro-Tomato/train/images/IMG_20191215_112010.jpg,300.31,81.20,324.71,109.32,tomato
data/Laboro-Tomato/train/images/IMG_20191215_112010.jpg,275.20,326.21,293.19,342.73,tomato
data/Laboro-Tomato/train/images/IMG_20191215_112012_1.jpg,147.79,387.98,190.76,434.60,tomato
data/Laboro-Tomato/train/images/IMG_20191215_112012_1.jpg,172.23,286.38,223.12,338.44,tomato
data/Laboro-Tomato/train/images/IMG_20191215_112012_1.jpg,133.76,255.84,185.36,311.27,tomato
data/Laboro-Tomato/train/images/IMG_20191215_112012_1.jpg,127.90,251.36,161.85,288.91,tomato
data/Laboro-Tomato/train/images/IMG_20191215_112012_1.jpg,306.84,245.92,363.64,297.25,tomato
data/Laboro-Tomato/train/images/IMG_20191215_112012_1.jpg,264.96,222.35,306.38,268.30,tomato
data/Laboro-Tomato/train/images/IMG_20191215_112012_1.jpg,358.20,280.32,414.53,331.44,tomato
data/Laboro-Tomato/train/images/IMG_20191215_112012_1.jpg,259.09,270.11,300.51,312.43,tomato
data/Laboro-Tomato/train/images/IMG_20191215_112012_1.jpg,243.26,266.72,270.42,299.97,tomato
data/Laboro-Tomato/train/images/IMG_20191215_112012_1.jpg,266.81,301.76,298.70,320.56,tomato
data/Laboro-Tomato/train/images/IMG_20191215_112012_1.jpg,236.27,227.79,268.40,262.86,tomato
data/Laboro-Tomato/train/images/IMG_20191215_112012_1.jpg,281.04,205.21,324.01,247.53,tomato
data/Laboro-Tomato/train/images/IMG_20191215_112012_1.jpg,244.18,174.67,285.36,217.66,tomato
data/Laboro-Tomato/train/images/IMG_20191215_112012_1.jpg,250.96,136.67,291.01,175.78,tomato
data/Laboro-Tomato/train/images/IMG_20191215_112012_1.jpg,286.91,152.50,335.55,203.16,tomato
data/Laboro-Tomato/train/images/IMG_20191215_112012_1.jpg,322.25,142.97,351.19,180.99,tomato
data/Laboro-Tomato/train/images/IMG_20191215_112012_1.jpg,342.12,122.82,398.92,173.06,tomato
data/Laboro-Tomato/train/images/IMG_20191215_112012_1.jpg,358.63,163.56,392.58,191.17,tomato
data/Laboro-Tomato/train/images/IMG_20191215_112015.jpg,160.98,227.95,208.96,275.34,tomato
data/Laboro-Tomato/train/images/IMG_20191215_112015.jpg,174.71,216.26,211.31,246.10,tomato
data/Laboro-Tomato/train/images/IMG_20191215_112015.jpg,171.53,273.30,210.14,311.94,tomato
data/Laboro-Tomato/train/images/IMG_20191215_112015.jpg,359.70,287.65,392.76,318.10,tomato
data/Laboro-Tomato/train/images/IMG_20191215_112015.jpg,287.42,281.51,331.32,318.96,tomato
data/Laboro-Tomato/train/images/IMG_20191215_112015.jpg,288.58,223.28,336.29,270.68,tomato
data/Laboro-Tomato/train/images/IMG_20191215_112015.jpg,316.96,244.63,372.87,302.59,tomato
data/Laboro-Tomato/train/images/IMG_20191215_112017.jpg,70.65,173.94,123.61,230.51,tomato
data/Laboro-Tomato/train/images/IMG_20191215_112017.jpg,146.22,233.93,203.68,289.15,tomato
data/Laboro-Tomato/train/images/IMG_20191215_112017.jpg,76.11,263.58,124.29,308.81,tomato
data/Laboro-Tomato/train/images/IMG_20191215_112017.jpg,255.71,275.32,309.79,331.88,tomato
data/Laboro-Tomato/train/images/IMG_20191215_112017.jpg,310.03,296.61,376.07,366.95,tomato
data/Laboro-Tomato/train/images/IMG_20191215_112017.jpg,264.75,338.67,314.28,396.58,tomato
data/Laboro-Tomato/train/images/IMG_20191215_112017.jpg,268.40,394.12,310.24,440.48,tomato
data/Laboro-Tomato/train/images/IMG_20191215_112017.jpg,312.28,401.53,376.54,470.78,tomato
data/Laboro-Tomato/train/images/IMG_20191215_112017.jpg,344.16,455.40,381.49,491.61,tomato
data/Laboro-Tomato/train/images/IMG_20191215_112020.jpg,430.35,134.14,452.96,173.97,tomato
data/Laboro-Tomato/train/images/IMG_20191215_112020.jpg,409.99,187.10,453.19,226.26,tomato
data/Laboro-Tomato/train/images/IMG_20191215_112020.jpg,409.11,230.74,453.21,270.58,tomato
data/Laboro-Tomato/train/images/IMG_20191215_112020.jpg,406.84,270.34,444.84,300.18,tomato
data/Laboro-Tomato/train/images/IMG_20191215_112020.jpg,66.38,252.94,82.42,269.00,tomato
data/Laboro-Tomato/train/images/IMG_20191215_112020.jpg,65.02,288.68,76.56,302.05,tomato
data/Laboro-Tomato/train/images/IMG_20191215_112020.jpg,110.01,458.79,129.01,475.99,tomato
data/Laboro-Tomato/train/images/IMG_20191215_112020.jpg,266.81,392.15,279.20,405.36,tomato
data/Laboro-Tomato/train/images/IMG_20191215_112020.jpg,254.37,392.95,267.31,405.90,tomato
data/Laboro-Tomato/train/images/IMG_20191215_112020.jpg,271.68,368.76,285.12,380.78,tomato
data/Laboro-Tomato/train/images/IMG_20191215_112020.jpg,135.63,388.94,148.22,401.53,tomato
data/Laboro-Tomato/train/images/IMG_20191215_112020.jpg,146.45,390.31,160.63,403.88,tomato
data/Laboro-Tomato/train/images/IMG_20191215_112020.jpg,144.29,378.09,156.88,389.90,tomato
data/Laboro-Tomato/train/images/IMG_20191215_112022.jpg,295.07,216.91,335.63,254.36,tomato
data/Laboro-Tomato/train/images/IMG_20191215_112022.jpg,247.89,204.92,290.82,248.54,tomato
data/Laboro-Tomato/train/images/IMG_20191215_112022.jpg,242.19,253.87,280.19,290.13,tomato
data/Laboro-Tomato/train/images/IMG_20191215_112022.jpg,281.57,289.46,307.25,315.98,tomato
data/Laboro-Tomato/train/images/IMG_20191215_112022.jpg,239.82,293.71,272.85,326.55,tomato
data/Laboro-Tomato/train/images/IMG_20191215_112022.jpg,280.19,318.70,307.39,347.45,tomato
data/Laboro-Tomato/train/images/IMG_20191215_112022.jpg,246.84,322.82,279.67,356.18,tomato
data/Laboro-Tomato/train/images/IMG_20191215_112022.jpg,254.53,350.82,282.07,376.15,tomato
data/Laboro-Tomato/train/images/IMG_20191215_112022.jpg,279.20,350.14,297.42,372.88,tomato
data/Laboro-Tomato/train/images/IMG_20191215_112022.jpg,240.89,387.49,253.44,400.18,tomato
data/Laboro-Tomato/train/images/IMG_20191215_112022.jpg,229.26,389.98,241.69,402.77,tomato
data/Laboro-Tomato/train/images/IMG_20191215_112022.jpg,220.67,431.00,230.70,441.10,tomato
data/Laboro-Tomato/train/images/IMG_20191215_112022.jpg,225.63,450.79,236.85,460.48,tomato
data/Laboro-Tomato/train/images/IMG_20191215_112022.jpg,194.91,364.65,208.20,378.27,tomato
data/Laboro-Tomato/train/images/IMG_20191215_112022.jpg,314.79,336.65,325.16,347.11,tomato
data/Laboro-Tomato/train/images/IMG_20191215_112022.jpg,306.78,348.56,316.07,357.16,tomato
data/Laboro-Tomato/train/images/IMG_20191215_112022.jpg,302.26,347.22,310.96,356.23,tomato
data/Laboro-Tomato/train/images/IMG_20191215_112022.jpg,301.38,356.69,309.11,365.40,tomato
data/Laboro-Tomato/train/images/IMG_20191215_112022.jpg,316.94,346.33,326.73,355.56,tomato
data/Laboro-Tomato/train/images/IMG_20191215_112022.jpg,321.55,353.98,330.75,363.25,tomato
data/Laboro-Tomato/train/images/IMG_20191215_112022.jpg,325.08,363.82,332.50,371.85,tomato
data/Laboro-Tomato/train/images/IMG_20191215_112022.jpg,314.09,363.45,321.04,370.03,tomato
data/Laboro-Tomato/train/images/IMG_20191215_112022.jpg,320.65,371.17,328.00,378.79,tomato
data/Laboro-Tomato/train/images/IMG_20191215_112022.jpg,347.19,370.58,353.05,377.73,tomato
data/Laboro-Tomato/train/images/IMG_20191215_112022.jpg,334.64,366.67,341.59,373.04,tomato
data/Laboro-Tomato/train/images/IMG_20191215_112022.jpg,383.18,446.23,391.73,455.92,tomato
data/Laboro-Tomato/train/images/IMG_20191215_112022.jpg,374.27,449.24,381.37,456.75,tomato
data/Laboro-Tomato/train/images/IMG_20191215_112022.jpg,364.71,372.55,374.15,380.42,tomato
data/Laboro-Tomato/train/images/IMG_20191215_112022.jpg,395.67,439.81,403.09,447.53,tomato
data/Laboro-Tomato/train/images/IMG_20191215_112024.jpg,260.69,200.44,343.05,271.46,tomato
data/Laboro-Tomato/train/images/IMG_20191215_112024.jpg,175.18,164.47,236.72,226.21,tomato
data/Laboro-Tomato/train/images/IMG_20191215_112024.jpg,176.09,240.69,248.94,305.39,tomato
data/Laboro-Tomato/train/images/IMG_20191215_112024.jpg,148.02,298.83,207.31,354.26,tomato
data/Laboro-Tomato/train/images/IMG_20191215_112024.jpg,65.39,248.07,75.41,273.25,tomato
data/Laboro-Tomato/train/images/IMG_20191215_112024.jpg,65.41,270.86,74.46,294.28,tomato
data/Laboro-Tomato/train/images/IMG_20191215_112024.jpg,65.02,282.08,84.48,304.92,tomato
data/Laboro-Tomato/train/images/IMG_20191215_112024.jpg,65.19,301.17,78.17,320.85,tomato
data/Laboro-Tomato/train/images/IMG_20191215_112024.jpg,275.45,266.12,353.77,342.63,tomato
data/Laboro-Tomato/train/images/IMG_20191215_112024.jpg,250.26,330.92,317.12,404.01,tomato
data/Laboro-Tomato/train/images/IMG_20191215_112024.jpg,182.60,348.12,243.75,407.95,tomato
data/Laboro-Tomato/train/images/IMG_20191215_112024.jpg,221.37,382.44,285.63,443.56,tomato
data/Laboro-Tomato/train/images/IMG_20191215_112026.jpg,395.21,406.09,408.30,421.06,tomato
data/Laboro-Tomato/train/images/IMG_20191215_112026.jpg,383.94,409.61,399.21,425.82,tomato
data/Laboro-Tomato/train/images/IMG_20191215_112026.jpg,375.74,404.61,386.89,416.32,tomato
data/Laboro-Tomato/train/images/IMG_20191215_112026.jpg,375.72,416.16,388.93,430.46,tomato
data/Laboro-Tomato/train/images/IMG_20191215_112026.jpg,390.10,421.37,402.61,430.64,tomato
data/Laboro-Tomato/train/images/IMG_20191215_112026.jpg,329.26,395.31,342.54,410.07,tomato
data/Laboro-Tomato/train/images/IMG_20191215_112026.jpg,326.05,405.33,339.15,418.91,tomato
data/Laboro-Tomato/train/images/IMG_20191215_112026.jpg,319.00,392.80,329.88,410.00,tomato
data/Laboro-Tomato/train/images/IMG_20191215_112026.jpg,88.64,214.48,117.19,240.95,tomato
data/Laboro-Tomato/train/images/IMG_20191215_112026.jpg,84.93,236.93,112.90,262.83,tomato
data/Laboro-Tomato/train/images/IMG_20191215_112026.jpg,99.36,254.18,121.39,272.93,tomato
data/Laboro-Tomato/train/images/IMG_20191215_112026.jpg,92.82,273.71,112.16,291.84,tomato
data/Laboro-Tomato/train/images/IMG_20191215_112026.jpg,73.92,285.88,92.53,301.63,tomato
data/Laboro-Tomato/train/images/IMG_20191215_112026.jpg,65.16,248.69,76.03,270.86,tomato
data/Laboro-Tomato/train/images/IMG_20191215_112026.jpg,65.31,277.00,75.88,293.94,tomato
data/Laboro-Tomato/train/images/IMG_20191215_112026.jpg,269.39,120.98,322.69,172.52,tomato
data/Laboro-Tomato/train/images/IMG_20191215_112026.jpg,278.83,181.61,338.81,237.45,tomato
data/Laboro-Tomato/train/images/IMG_20191215_112026.jpg,260.55,222.87,309.54,270.89,tomato
data/Laboro-Tomato/train/images/IMG_20191215_112026.jpg,377.76,201.63,438.56,261.46,tomato
data/Laboro-Tomato/train/images/IMG_20191215_112026.jpg,404.92,261.02,416.15,270.86,tomato
data/Laboro-Tomato/train/images/IMG_20191215_112026.jpg,356.12,261.41,407.68,315.33,tomato
data/Laboro-Tomato/train/images/IMG_20191215_112026.jpg,413.19,260.86,422.63,270.50,tomato
data/Laboro-Tomato/train/images/IMG_20191215_112026.jpg,390.43,369.54,404.53,383.01,tomato
data/Laboro-Tomato/train/images/IMG_20191215_112026.jpg,378.52,360.86,392.51,374.70,tomato
data/Laboro-Tomato/train/images/IMG_20191215_112026.jpg,288.56,273.01,335.77,321.76,tomato
data/Laboro-Tomato/train/images/IMG_20191215_112026.jpg,329.61,296.09,378.71,349.65,tomato
data/Laboro-Tomato/train/images/IMG_20191215_112026.jpg,179.98,398.24,189.03,408.18,tomato
data/Laboro-Tomato/train/images/IMG_20191215_112026.jpg,173.16,406.81,182.72,416.91,tomato
data/Laboro-Tomato/train/images/IMG_20191215_112026.jpg,171.20,415.59,179.08,423.98,tomato
data/Laboro-Tomato/train/images/IMG_20191215_112026.jpg,169.66,424.11,176.89,431.62,tomato
data/Laboro-Tomato/train/images/IMG_20191215_112026.jpg,184.54,416.37,190.60,424.14,tomato
data/Laboro-Tomato/train/images/IMG_20191215_112026.jpg,181.92,408.11,188.25,415.72,tomato
data/Laboro-Tomato/train/images/IMG_20191215_112026.jpg,299.13,443.15,307.02,454.44,tomato
data/Laboro-Tomato/train/images/IMG_20191215_112026.jpg,160.45,399.53,169.23,407.82,tomato
data/Laboro-Tomato/train/images/IMG_20191215_112026.jpg,357.46,149.99,421.80,212.61,tomato
data/Laboro-Tomato/train/images/IMG_20191215_112026.jpg,445.26,420.98,453.34,434.96,tomato
data/Laboro-Tomato/train/images/IMG_20191215_112028.jpg,181.96,230.51,219.29,261.28,tomato
data/Laboro-Tomato/train/images/IMG_20191215_112028.jpg,289.86,160.84,331.04,201.76,tomato
data/Laboro-Tomato/train/images/IMG_20191215_112028.jpg,307.07,184.15,353.46,229.84,tomato
data/Laboro-Tomato/train/images/IMG_20191215_112028.jpg,284.89,223.05,322.65,262.21,tomato
data/Laboro-Tomato/train/images/IMG_20191215_112028.jpg,299.38,243.43,324.71,266.07,tomato
data/Laboro-Tomato/train/images/IMG_20191215_112028.jpg,126.54,204.07,167.72,244.31,tomato
data/Laboro-Tomato/train/images/IMG_20191215_112028.jpg,186.72,246.59,222.23,279.38,tomato
data/Laboro-Tomato/train/images/IMG_20191215_112028.jpg,226.77,254.93,264.53,290.00,tomato
data/Laboro-Tomato/train/images/IMG_20191215_112028.jpg,274.73,260.14,309.11,293.40,tomato
data/Laboro-Tomato/train/images/IMG_20191215_112028.jpg,296.20,295.91,309.56,309.95,tomato
data/Laboro-Tomato/train/images/IMG_20191215_112028.jpg,250.74,285.73,278.56,316.29,tomato
data/Laboro-Tomato/train/images/IMG_20191215_112028.jpg,192.14,279.18,221.31,307.93,tomato
data/Laboro-Tomato/train/images/IMG_20191215_112028.jpg,222.25,296.81,254.14,331.42,tomato
data/Laboro-Tomato/train/images/IMG_20191215_112028.jpg,192.84,308.34,221.78,336.16,tomato
data/Laboro-Tomato/train/images/IMG_20191215_112028.jpg,182.19,269.20,200.96,299.04,tomato
data/Laboro-Tomato/train/images/IMG_20191215_112028.jpg,180.81,322.82,211.35,351.10,tomato
data/Laboro-Tomato/train/images/IMG_20191215_112028.jpg,210.01,320.80,233.74,346.39,tomato
data/Laboro-Tomato/train/images/IMG_20191215_112028.jpg,294.16,208.37,326.75,236.18,tomato
data/Laboro-Tomato/train/images/IMG_20191215_112031.jpg,237.82,154.96,295.52,212.20,tomato
data/Laboro-Tomato/train/images/IMG_20191215_112031.jpg,236.02,209.51,286.91,257.94,tomato
data/Laboro-Tomato/train/images/IMG_20191215_112031.jpg,157.75,243.87,217.23,299.30,tomato
data/Laboro-Tomato/train/images/IMG_20191215_112031.jpg,245.77,264.46,299.15,315.80,tomato
data/Laboro-Tomato/train/images/IMG_20191215_112031.jpg,168.15,312.43,226.73,366.04,tomato
data/Laboro-Tomato/train/images/IMG_20191215_112031.jpg,119.29,385.50,138.99,404.04,tomato
data/Laboro-Tomato/train/images/IMG_20191215_112031.jpg,129.92,400.85,145.30,416.03,tomato
data/Laboro-Tomato/train/images/IMG_20191215_112031.jpg,149.62,390.93,164.77,408.13,tomato
data/Laboro-Tomato/train/images/IMG_20191215_112031.jpg,155.25,409.89,173.12,430.51,tomato
data/Laboro-Tomato/train/images/IMG_20191215_112031.jpg,191.69,407.67,204.35,421.24,tomato
data/Laboro-Tomato/train/images/IMG_20191215_112031.jpg,200.28,405.18,209.99,416.26,tomato
data/Laboro-Tomato/train/images/IMG_20191215_112031.jpg,201.19,352.68,240.78,391.37,tomato
data/Laboro-Tomato/train/images/IMG_20191215_112031.jpg,240.31,342.27,280.13,384.80,tomato
data/Laboro-Tomato/train/images/IMG_20191215_112031.jpg,256.61,305.21,304.78,350.69,tomato
data/Laboro-Tomato/train/images/IMG_20191215_112033.jpg,433.74,447.47,452.98,474.88,tomato
data/Laboro-Tomato/train/images/IMG_20191215_112033.jpg,238.56,490.75,251.97,505.46,tomato
data/Laboro-Tomato/train/images/IMG_20191215_112033.jpg,247.94,504.84,256.57,514.79,tomato
data/Laboro-Tomato/train/images/IMG_20191215_112033.jpg,259.70,494.61,276.36,514.97,tomato
data/Laboro-Tomato/train/images/IMG_20191215_112033.jpg,319.37,347.60,339.61,366.82,tomato
data/Laboro-Tomato/train/images/IMG_20191215_112033.jpg,345.96,332.89,363.52,350.76,tomato
data/Laboro-Tomato/train/images/IMG_20191215_112033.jpg,349.98,351.02,363.39,365.16,tomato
data/Laboro-Tomato/train/images/IMG_20191215_112033.jpg,340.04,365.50,354.76,377.83,tomato
data/Laboro-Tomato/train/images/IMG_20191215_112033.jpg,248.99,323.85,292.58,363.84,tomato
data/Laboro-Tomato/train/images/IMG_20191215_112033.jpg,286.06,362.96,296.62,374.25,tomato
data/Laboro-Tomato/train/images/IMG_20191215_112033.jpg,231.92,333.05,263.89,371.43,tomato
data/Laboro-Tomato/train/images/IMG_20191215_112033.jpg,192.18,342.27,231.45,380.96,tomato
data/Laboro-Tomato/train/images/IMG_20191215_112033.jpg,276.65,360.29,287.07,369.05,tomato
data/Laboro-Tomato/train/images/IMG_20191215_112033.jpg,167.33,313.73,214.03,359.26,tomato
data/Laboro-Tomato/train/images/IMG_20191215_112033.jpg,253.25,274.82,300.06,322.22,tomato
data/Laboro-Tomato/train/images/IMG_20191215_112033.jpg,184.41,265.99,238.29,320.28,tomato
data/Laboro-Tomato/train/images/IMG_20191215_112033.jpg,247.96,210.49,301.07,264.00,tomato
data/Laboro-Tomato/train/images/IMG_20191215_112036.jpg,209.33,146.15,258.20,197.49,tomato
data/Laboro-Tomato/train/images/IMG_20191215_112036.jpg,154.14,158.59,191.01,190.24,tomato
data/Laboro-Tomato/train/images/IMG_20191215_112036.jpg,163.17,251.13,184.00,270.81,tomato
data/Laboro-Tomato/train/images/IMG_20191215_112036.jpg,200.49,240.69,237.82,278.24,tomato
data/Laboro-Tomato/train/images/IMG_20191215_112036.jpg,301.64,258.82,335.36,276.48,tomato
data/Laboro-Tomato/train/images/IMG_20191215_112036.jpg,295.96,290.44,334.42,321.00,tomato
data/Laboro-Tomato/train/images/IMG_20191215_112036.jpg,292.16,318.75,324.71,348.85,tomato
data/Laboro-Tomato/train/images/IMG_20191215_112036.jpg,334.23,433.90,349.38,451.57,tomato
data/Laboro-Tomato/train/images/IMG_20191215_112036.jpg,328.54,441.83,342.56,458.15,tomato
data/Laboro-Tomato/train/images/IMG_20191215_112036.jpg,179.70,401.53,191.01,415.57,tomato
data/Laboro-Tomato/train/images/IMG_20191215_112036.jpg,197.79,347.01,212.71,360.37,tomato
data/Laboro-Tomato/train/images/IMG_20191215_112039.jpg,224.95,157.24,301.17,231.47,tomato
data/Laboro-Tomato/train/images/IMG_20191215_112039.jpg,180.15,192.75,236.25,248.17,tomato
data/Laboro-Tomato/train/images/IMG_20191215_112039.jpg,179.39,171.98,189.38,182.54,tomato
data/Laboro-Tomato/train/images/IMG_20191215_112039.jpg,87.16,231.44,101.73,245.74,tomato
data/Laboro-Tomato/train/images/IMG_20191215_112039.jpg,87.88,248.25,100.39,259.70,tomato
data/Laboro-Tomato/train/images/IMG_20191215_112039.jpg,81.24,258.09,92.97,270.58,tomato
data/Laboro-Tomato/train/images/IMG_20191215_112039.jpg,70.50,262.08,81.49,273.12,tomato
data/Laboro-Tomato/train/images/IMG_20191215_112039.jpg,259.58,225.30,333.74,295.80,tomato
data/Laboro-Tomato/train/images/IMG_20191215_112039.jpg,215.39,239.63,266.90,298.68,tomato
data/Laboro-Tomato/train/images/IMG_20191215_112039.jpg,281.72,293.19,352.24,362.39,tomato
data/Laboro-Tomato/train/images/IMG_20191215_112039.jpg,237.24,292.93,286.15,346.80,tomato
data/Laboro-Tomato/train/images/IMG_20191215_112039.jpg,273.92,337.17,323.61,385.03,tomato
data/Laboro-Tomato/train/images/IMG_20191215_112039.jpg,330.64,335.61,389.42,396.74,tomato
data/Laboro-Tomato/train/images/IMG_20191215_112039.jpg,313.47,366.07,352.74,413.42,tomato
data/Laboro-Tomato/train/images/IMG_20191215_112039.jpg,155.68,420.64,171.06,437.06,tomato
data/Laboro-Tomato/train/images/IMG_20191215_112039.jpg,148.31,439.08,163.19,454.16,tomato
data/Laboro-Tomato/train/images/IMG_20191215_112039.jpg,136.85,446.46,151.89,462.00,tomato
data/Laboro-Tomato/train/images/IMG_20191215_112039.jpg,126.25,466.33,140.27,480.16,tomato
data/Laboro-Tomato/train/images/IMG_20191215_112039.jpg,167.62,415.02,180.79,428.18,tomato
data/Laboro-Tomato/train/images/IMG_20191215_112039.jpg,73.39,381.12,84.35,392.57,tomato
data/Laboro-Tomato/train/images/IMG_20191215_112039.jpg,80.56,386.45,91.32,397.38,tomato
data/Laboro-Tomato/train/images/IMG_20191215_112039.jpg,65.16,372.60,72.85,382.85,tomato
data/Laboro-Tomato/train/images/IMG_20191215_112039.jpg,168.34,427.97,180.31,439.78,tomato
data/Laboro-Tomato/train/images/IMG_20191215_112039.jpg,180.83,447.34,191.59,458.12,tomato
data/Laboro-Tomato/train/images/IMG_20191215_112039.jpg,164.75,455.87,174.65,467.31,tomato
data/Laboro-Tomato/train/images/IMG_20191215_112039.jpg,121.45,494.53,134.81,512.15,tomato
data/Laboro-Tomato/train/images/IMG_20191215_112042.jpg,110.45,119.45,131.28,140.27,tomato
data/Laboro-Tomato/train/images/IMG_20191215_112042.jpg,149.67,179.95,164.40,197.05,tomato
data/Laboro-Tomato/train/images/IMG_20191215_112042.jpg,154.32,198.26,169.70,213.13,tomato
data/Laboro-Tomato/train/images/IMG_20191215_112042.jpg,172.11,157.03,243.59,229.40,tomato
data/Laboro-Tomato/train/images/IMG_20191215_112042.jpg,242.74,195.34,291.15,247.86,tomato
data/Laboro-Tomato/train/images/IMG_20191215_112042.jpg,209.02,213.99,272.50,273.87,tomato
data/Laboro-Tomato/train/images/IMG_20191215_112042.jpg,293.88,268.40,326.71,305.34,tomato
data/Laboro-Tomato/train/images/IMG_20191215_112042.jpg,244.78,263.79,300.53,322.79,tomato
data/Laboro-Tomato/train/images/IMG_20191215_112042.jpg,275.74,309.79,319.53,359.57,tomato
data/Laboro-Tomato/train/images/IMG_20191215_112042.jpg,285.34,340.74,331.53,383.01,tomato
data/Laboro-Tomato/train/images/IMG_20191215_112042.jpg,423.82,347.40,441.92,362.37,tomato
data/Laboro-Tomato/train/images/IMG_20191215_112307.jpg,280.81,117.22,336.91,166.74,tomato
data/Laboro-Tomato/train/images/IMG_20191215_112307.jpg,285.57,147.94,342.80,211.03,tomato
data/Laboro-Tomato/train/images/IMG_20191215_112307.jpg,326.97,182.13,375.61,240.04,tomato
data/Laboro-Tomato/train/images/IMG_20191215_112307.jpg,277.43,196.40,333.30,248.87,tomato
data/Laboro-Tomato/train/images/IMG_20191215_112307.jpg,212.71,145.48,276.73,212.87,tomato
data/Laboro-Tomato/train/images/IMG_20191215_112307.jpg,204.59,181.69,252.76,233.02,tomato
data/Laboro-Tomato/train/images/IMG_20191215_112307.jpg,261.15,162.42,289.20,211.27,tomato
data/Laboro-Tomato/train/images/IMG_20191215_112307.jpg,308.63,234.60,354.78,269.20,tomato
data/Laboro-Tomato/train/images/IMG_20191215_112307.jpg,152.33,179.85,216.59,246.15,tomato
data/Laboro-Tomato/train/images/IMG_20191215_112307.jpg,311.81,250.19,370.40,309.25,tomato
data/Laboro-Tomato/train/images/IMG_20191215_112307.jpg,147.34,237.79,204.34,295.03,tomato
data/Laboro-Tomato/train/images/IMG_20191215_112307.jpg,201.64,271.90,250.04,318.52,tomato
data/Laboro-Tomato/train/images/IMG_20191215_112307.jpg,317.23,305.88,362.03,346.59,tomato
data/Laboro-Tomato/train/images/IMG_20191215_112307.jpg,331.04,330.04,369.27,353.82,tomato
data/Laboro-Tomato/train/images/IMG_20191215_112307.jpg,193.48,389.35,234.66,431.88,tomato
data/Laboro-Tomato/train/images/IMG_20191215_112307.jpg,345.28,411.06,367.47,442.29,tomato
data/Laboro-Tomato/train/images/IMG_20191215_112307.jpg,159.77,381.66,206.82,422.17,tomato
data/Laboro-Tomato/train/images/IMG_20191215_112310.jpg,241.92,0.21,339.20,75.32,tomato
data/Laboro-Tomato/train/images/IMG_20191215_112310.jpg,111.35,74.88,206.61,176.66,tomato
data/Laboro-Tomato/train/images/IMG_20191215_112310.jpg,112.30,209.71,233.32,327.35,tomato
data/Laboro-Tomato/train/images/IMG_20191215_112310.jpg,229.72,276.92,304.55,359.08,tomato
data/Laboro-Tomato/train/images/IMG_20191215_112310.jpg,143.36,330.48,214.69,400.10,tomato
data/Laboro-Tomato/train/images/IMG_20191215_112310.jpg,214.69,352.58,275.06,414.48,tomato
data/Laboro-Tomato/train/images/IMG_20191215_112310.jpg,233.34,399.27,285.16,455.22,tomato
data/Laboro-Tomato/train/images/IMG_20191215_112310.jpg,170.91,399.27,233.84,466.51,tomato
data/Laboro-Tomato/train/images/IMG_20191215_112310.jpg,192.12,455.53,237.11,505.67,tomato
data/Laboro-Tomato/train/images/IMG_20191215_112310.jpg,235.90,446.13,279.02,486.69,tomato
data/Laboro-Tomato/train/images/IMG_20191215_112310.jpg,80.73,475.52,127.28,517.79,tomato
data/Laboro-Tomato/train/images/IMG_20191215_112310.jpg,65.37,441.00,102.47,505.49,tomato
data/Laboro-Tomato/train/images/IMG_20191215_112310.jpg,65.19,378.74,123.00,436.70,tomato
data/Laboro-Tomato/train/images/IMG_20191215_112310.jpg,86.02,406.94,137.69,458.43,tomato
data/Laboro-Tomato/train/images/IMG_20191215_112310.jpg,107.42,436.70,149.15,479.64,tomato
data/Laboro-Tomato/train/images/IMG_20191215_112310.jpg,65.17,325.72,79.90,367.99,tomato
data/Laboro-Tomato/train/images/IMG_20191215_112310.jpg,348.95,340.95,379.41,369.85,tomato
data/Laboro-Tomato/train/images/IMG_20191215_112310.jpg,325.86,356.85,361.10,391.04,tomato
data/Laboro-Tomato/train/images/IMG_20191215_112311.jpg,406.61,77.83,440.10,107.93,tomato
data/Laboro-Tomato/train/images/IMG_20191215_112311.jpg,417.91,122.17,451.87,154.75,tomato
data/Laboro-Tomato/train/images/IMG_20191215_112311.jpg,437.61,152.68,452.99,181.43,tomato
data/Laboro-Tomato/train/images/IMG_20191215_112311.jpg,150.53,77.13,187.40,121.26,tomato
data/Laboro-Tomato/train/images/IMG_20191215_112311.jpg,189.65,99.77,232.42,146.80,tomato
data/Laboro-Tomato/train/images/IMG_20191215_112311.jpg,144.41,120.82,185.36,163.14,tomato
data/Laboro-Tomato/train/images/IMG_20191215_112311.jpg,162.05,159.93,195.07,193.86,tomato
data/Laboro-Tomato/train/images/IMG_20191215_112311.jpg,160.01,192.72,194.39,225.10,tomato
data/Laboro-Tomato/train/images/IMG_20191215_112311.jpg,186.95,219.89,214.53,248.38,tomato
data/Laboro-Tomato/train/images/IMG_20191215_112311.jpg,161.81,229.60,189.63,254.73,tomato
data/Laboro-Tomato/train/images/IMG_20191215_112311.jpg,186.48,247.53,209.79,270.58,tomato
data/Laboro-Tomato/train/images/IMG_20191215_112311.jpg,180.17,258.79,196.22,274.64,tomato
data/Laboro-Tomato/train/images/IMG_20191215_112311.jpg,438.04,306.32,452.96,321.91,tomato
data/Laboro-Tomato/train/images/IMG_20191215_112311.jpg,100.61,313.03,130.02,340.58,tomato
data/Laboro-Tomato/train/images/IMG_20191215_112311.jpg,86.56,332.89,118.88,364.85,tomato
data/Laboro-Tomato/train/images/IMG_20191215_112311.jpg,223.90,334.76,256.92,366.41,tomato
data/Laboro-Tomato/train/images/IMG_20191215_112311.jpg,247.85,352.73,286.50,394.64,tomato
data/Laboro-Tomato/train/images/IMG_20191215_112311.jpg,284.81,404.38,310.14,432.92,tomato
data/Laboro-Tomato/train/images/IMG_20191215_112311.jpg,309.77,405.57,337.16,431.93,tomato
data/Laboro-Tomato/train/images/IMG_20191215_112311.jpg,302.43,421.29,329.82,448.85,tomato
data/Laboro-Tomato/train/images/IMG_20191215_112311.jpg,269.41,419.45,302.24,456.90,tomato
data/Laboro-Tomato/train/images/IMG_20191215_112313.jpg,396.90,0.21,437.38,13.57,tomato
data/Laboro-Tomato/train/images/IMG_20191215_112313.jpg,416.13,1.61,441.46,27.61,tomato
data/Laboro-Tomato/train/images/IMG_20191215_112313.jpg,430.15,0.00,452.99,44.55,tomato
data/Laboro-Tomato/train/images/IMG_20191215_112313.jpg,390.52,25.56,426.50,64.47,tomato
data/Laboro-Tomato/train/images/IMG_20191215_112313.jpg,395.52,73.09,422.21,97.95,tomato
data/Laboro-Tomato/train/images/IMG_20191215_112313.jpg,440.76,77.83,453.19,92.07,tomato
data/Laboro-Tomato/train/images/IMG_20191215_112313.jpg,421.99,102.46,437.14,116.96,tomato
data/Laboro-Tomato/train/images/IMG_20191215_112313.jpg,398.92,109.95,417.49,126.47,tomato
data/Laboro-Tomato/train/images/IMG_20191215_112313.jpg,444.39,100.23,453.21,116.08,tomato
data/Laboro-Tomato/train/images/IMG_20191215_112313.jpg,441.44,126.00,452.74,140.04,tomato
data/Laboro-Tomato/train/images/IMG_20191215_112313.jpg,251.65,128.52,304.14,183.94,tomato
data/Laboro-Tomato/train/images/IMG_20191215_112313.jpg,214.77,150.69,261.15,202.28,tomato
data/Laboro-Tomato/train/images/IMG_20191215_112313.jpg,292.12,167.42,338.74,212.90,tomato
data/Laboro-Tomato/train/images/IMG_20191215_112313.jpg,236.27,182.57,291.24,240.95,tomato
data/Laboro-Tomato/train/images/IMG_20191215_112313.jpg,229.69,209.48,253.00,245.22,tomato
data/Laboro-Tomato/train/images/IMG_20191215_112313.jpg,282.62,215.13,316.77,253.15,tomato
data/Laboro-Tomato/train/images/IMG_20191215_112313.jpg,243.26,240.69,298.94,295.44,tomato
data/Laboro-Tomato/train/images/IMG_20191215_112313.jpg,181.14,349.11,225.78,395.99,tomato
data/Laboro-Tomato/train/images/IMG_20191215_112313.jpg,224.44,376.66,267.02,430.38,tomato
data/Laboro-Tomato/train/images/IMG_20191215_112313.jpg,172.25,395.86,217.74,443.93,tomato
data/Laboro-Tomato/train/images/IMG_20191215_112313.jpg,192.43,423.88,228.87,466.15,tomato
data/Laboro-Tomato/train/images/IMG_20191215_112313.jpg,195.87,461.20,226.83,482.91,tomato
data/Laboro-Tomato/train/images/IMG_20191215_112313.jpg,186.11,468.38,226.64,514.06,tomato
data/Laboro-Tomato/train/images/IMG_20191215_112313.jpg,219.14,487.72,250.80,517.82,tomato
data/Laboro-Tomato/train/images/IMG_20191215_112316.jpg,301.40,0.16,375.29,28.23,tomato
data/Laboro-Tomato/train/images/IMG_20191215_112316.jpg,288.04,63.48,356.65,139.58,tomato
data/Laboro-Tomato/train/images/IMG_20191215_112316.jpg,299.54,130.85,351.52,164.72,tomato
data/Laboro-Tomato/train/images/IMG_20191215_112316.jpg,232.81,167.29,279.01,216.03,tomato
data/Laboro-Tomato/train/images/IMG_20191215_112316.jpg,282.93,175.71,333.40,228.02,tomato
data/Laboro-Tomato/train/images/IMG_20191215_112316.jpg,314.59,190.70,364.36,237.58,tomato
data/Laboro-Tomato/train/images/IMG_20191215_112316.jpg,237.44,223.44,294.74,277.47,tomato
data/Laboro-Tomato/train/images/IMG_20191215_112316.jpg,300.22,227.32,356.67,263.95,tomato
data/Laboro-Tomato/train/images/IMG_20191215_112316.jpg,193.65,243.74,245.83,299.02,tomato
data/Laboro-Tomato/train/images/IMG_20191215_112316.jpg,266.51,268.22,313.06,315.77,tomato
data/Laboro-Tomato/train/images/IMG_20191215_112316.jpg,301.38,241.18,354.26,284.80,tomato
data/Laboro-Tomato/train/images/IMG_20191215_112316.jpg,296.27,287.18,340.56,329.97,tomato
data/Laboro-Tomato/train/images/IMG_20191215_112316.jpg,232.11,288.24,284.44,340.61,tomato
data/Laboro-Tomato/train/images/IMG_20191215_112316.jpg,270.59,314.56,297.63,340.40,tomato
data/Laboro-Tomato/train/images/IMG_20191215_112316.jpg,216.53,295.93,249.91,344.52,tomato
data/Laboro-Tomato/train/images/IMG_20191215_112316.jpg,246.51,338.88,292.51,389.33,tomato
data/Laboro-Tomato/train/images/IMG_20191215_112316.jpg,222.21,351.05,257.60,393.63,tomato
data/Laboro-Tomato/train/images/IMG_20191215_112316.jpg,177.02,379.25,212.96,417.22,tomato
data/Laboro-Tomato/train/images/IMG_20191215_112316.jpg,212.57,385.26,246.64,420.95,tomato
data/Laboro-Tomato/train/images/IMG_20191215_112316.jpg,240.84,392.54,289.16,440.71,tomato
data/Laboro-Tomato/train/images/IMG_20191215_112316.jpg,210.78,417.56,251.38,460.97,tomato
data/Laboro-Tomato/train/images/IMG_20191215_112316.jpg,185.05,409.35,221.64,450.12,tomato
data/Laboro-Tomato/train/images/IMG_20191215_112316.jpg,166.55,435.51,188.70,459.60,tomato
data/Laboro-Tomato/train/images/IMG_20191215_112316.jpg,149.56,453.17,173.53,480.16,tomato
data/Laboro-Tomato/train/images/IMG_20191215_112316.jpg,72.65,412.87,92.23,431.78,tomato
data/Laboro-Tomato/train/images/IMG_20191215_112316.jpg,72.19,434.84,86.79,452.71,tomato
data/Laboro-Tomato/train/images/IMG_20191215_112316.jpg,65.12,434.27,75.45,453.48,tomato
data/Laboro-Tomato/train/images/IMG_20191215_112316.jpg,64.98,366.67,81.18,388.58,tomato
data/Laboro-Tomato/train/images/IMG_20191215_112316.jpg,67.58,379.75,84.56,398.39,tomato
data/Laboro-Tomato/train/images/IMG_20191215_112316.jpg,64.98,375.76,74.89,397.93,tomato
data/Laboro-Tomato/train/images/IMG_20191215_112316.jpg,65.02,338.33,75.70,366.87,tomato
data/Laboro-Tomato/train/images/IMG_20191215_112316.jpg,64.98,409.32,71.62,427.87,tomato
data/Laboro-Tomato/train/images/IMG_20191215_112316.jpg,110.32,40.82,132.58,67.34,tomato
data/Laboro-Tomato/train/images/IMG_20191215_112316.jpg,126.64,75.94,145.32,95.52,tomato
data/Laboro-Tomato/train/images/IMG_20191215_112316.jpg,130.00,48.93,149.11,72.08,tomato
data/Laboro-Tomato/train/images/IMG_20191215_112316.jpg,130.56,99.56,142.72,111.47,tomato
data/Laboro-Tomato/train/images/IMG_20191215_112316.jpg,175.35,91.12,192.56,109.45,tomato
data/Laboro-Tomato/train/images/IMG_20191215_112316.jpg,191.77,86.69,210.57,105.49,tomato
data/Laboro-Tomato/train/images/IMG_20191215_112316.jpg,107.54,1.94,130.15,28.10,tomato
data/Laboro-Tomato/train/images/IMG_20191215_112316.jpg,89.11,0.00,108.57,22.48,tomato
data/Laboro-Tomato/train/images/IMG_20191215_112316.jpg,192.87,116.08,207.83,127.58,tomato
data/Laboro-Tomato/train/images/IMG_20191215_112316.jpg,118.65,91.66,127.43,100.31,tomato
data/Laboro-Tomato/train/images/IMG_20191215_112317.jpg,240.54,191.17,305.70,263.12,tomato
data/Laboro-Tomato/train/images/IMG_20191215_112317.jpg,176.99,218.73,252.32,295.44,tomato
data/Laboro-Tomato/train/images/IMG_20191215_112317.jpg,198.72,285.06,249.62,327.12,tomato
data/Laboro-Tomato/train/images/IMG_20191215_112317.jpg,259.33,304.07,313.17,366.95,tomato
data/Laboro-Tomato/train/images/IMG_20191215_112317.jpg,190.33,326.65,241.69,383.22,tomato
data/Laboro-Tomato/train/images/IMG_20191215_112317.jpg,206.16,367.86,245.28,415.15,tomato
data/Laboro-Tomato/train/images/IMG_20191215_112317.jpg,265.91,365.81,315.45,421.44,tomato
data/Laboro-Tomato/train/images/IMG_20191215_112317.jpg,326.31,371.92,375.18,423.72,tomato
data/Laboro-Tomato/train/images/IMG_20191215_112317.jpg,267.64,424.94,277.66,435.56,tomato
data/Laboro-Tomato/train/images/IMG_20191215_112317.jpg,288.66,432.01,319.35,466.61,tomato
data/Laboro-Tomato/train/images/IMG_20191215_112317.jpg,295.75,459.57,309.31,472.73,tomato
data/Laboro-Tomato/train/images/IMG_20191215_112317.jpg,303.62,473.48,317.37,486.48,tomato
data/Laboro-Tomato/train/images/IMG_20191215_112317.jpg,272.13,465.03,305.19,505.18,tomato
data/Laboro-Tomato/train/images/IMG_20191215_112317.jpg,65.00,442.01,79.53,490.60,tomato
data/Laboro-Tomato/train/images/IMG_20191215_112317.jpg,65.33,433.83,99.01,477.44,tomato
data/Laboro-Tomato/train/images/IMG_20191215_112317.jpg,87.09,452.45,113.08,486.48,tomato
data/Laboro-Tomato/train/images/IMG_20191215_112317.jpg,65.66,470.42,90.14,496.06,tomato
data/Laboro-Tomato/train/images/IMG_20191215_112317.jpg,79.70,494.90,114.94,517.79,tomato
data/Laboro-Tomato/train/images/IMG_20191215_112317.jpg,78.17,379.59,122.46,422.38,tomato
data/Laboro-Tomato/train/images/IMG_20191215_112317.jpg,75.08,412.74,107.60,434.81,tomato
data/Laboro-Tomato/train/images/IMG_20191215_112317.jpg,67.91,338.88,111.19,385.60,tomato
data/Laboro-Tomato/train/images/IMG_20191215_112320.jpg,231.49,0.21,281.96,19.89,tomato
data/Laboro-Tomato/train/images/IMG_20191215_112320.jpg,171.55,0.21,226.05,54.29,tomato
data/Laboro-Tomato/train/images/IMG_20191215_112320.jpg,310.24,9.71,368.40,80.52,tomato
data/Laboro-Tomato/train/images/IMG_20191215_112320.jpg,335.55,24.19,376.50,69.46,tomato
data/Laboro-Tomato/train/images/IMG_20191215_112320.jpg,368.38,33.05,434.66,103.39,tomato
data/Laboro-Tomato/train/images/IMG_20191215_112320.jpg,375.14,71.02,401.40,99.09,tomato
data/Laboro-Tomato/train/images/IMG_20191215_112320.jpg,277.88,71.51,323.14,123.78,tomato
data/Laboro-Tomato/train/images/IMG_20191215_112320.jpg,377.65,16.71,393.92,34.37,tomato
data/Laboro-Tomato/train/images/IMG_20191215_112320.jpg,225.39,63.56,274.93,114.22,tomato
data/Laboro-Tomato/train/images/IMG_20191215_112320.jpg,179.01,77.83,223.57,122.84,tomato
data/Laboro-Tomato/train/images/IMG_20191215_112320.jpg,224.03,125.33,261.83,162.68,tomato
data/Laboro-Tomato/train/images/IMG_20191215_112320.jpg,274.69,180.99,304.34,208.34,tomato
data/Laboro-Tomato/train/images/IMG_20191215_112320.jpg,294.62,191.84,318.36,215.62,tomato
data/Laboro-Tomato/train/images/IMG_20191215_112320.jpg,277.90,210.41,300.51,232.58,tomato
data/Laboro-Tomato/train/images/IMG_20191215_112320.jpg,316.11,195.67,358.65,239.34,tomato
data/Laboro-Tomato/train/images/IMG_20191215_112320.jpg,276.07,244.16,316.79,285.65,tomato
data/Laboro-Tomato/train/images/IMG_20191215_112320.jpg,158.92,232.61,200.99,273.17,tomato
data/Laboro-Tomato/train/images/IMG_20191215_112320.jpg,167.99,294.92,202.88,336.31,tomato
data/Laboro-Tomato/train/images/IMG_20191215_112320.jpg,133.96,285.65,181.67,334.08,tomato
data/Laboro-Tomato/train/images/IMG_20191215_112320.jpg,146.60,344.83,187.82,386.07,tomato
data/Laboro-Tomato/train/images/IMG_20191215_112320.jpg,194.84,385.75,227.86,420.15,tomato
data/Laboro-Tomato/train/images/IMG_20191215_112320.jpg,225.78,388.84,255.73,416.03,tomato
data/Laboro-Tomato/train/images/IMG_20191215_112320.jpg,219.99,411.40,249.40,433.46,tomato
data/Laboro-Tomato/train/images/IMG_20191215_112320.jpg,346.39,364.88,392.39,410.88,tomato
data/Laboro-Tomato/train/images/IMG_20191215_112320.jpg,299.87,378.89,346.92,423.70,tomato
data/Laboro-Tomato/train/images/IMG_20191215_112320.jpg,339.40,404.01,381.82,444.57,tomato
data/Laboro-Tomato/train/images/IMG_20191215_112320.jpg,227.18,429.73,248.04,454.70,tomato
data/Laboro-Tomato/train/images/IMG_20191215_112320.jpg,197.05,426.81,227.66,459.80,tomato
data/Laboro-Tomato/train/images/IMG_20191215_112320.jpg,204.57,462.73,222.87,485.83,tomato
data/Laboro-Tomato/train/images/IMG_20191215_112320.jpg,322.26,414.81,350.31,447.66,tomato
data/Laboro-Tomato/train/images/IMG_20191215_112320.jpg,318.69,448.17,353.42,476.25,tomato
data/Laboro-Tomato/train/images/IMG_20191215_112320.jpg,291.48,455.87,317.31,489.59,tomato
data/Laboro-Tomato/train/images/IMG_20191215_112320.jpg,276.93,488.03,315.78,517.82,tomato
data/Laboro-Tomato/train/images/IMG_20191215_112320.jpg,301.58,457.60,355.46,514.58,tomato
data/Laboro-Tomato/train/images/IMG_20191215_112324.jpg,233.76,0.70,287.61,35.98,tomato
data/Laboro-Tomato/train/images/IMG_20191215_112324.jpg,307.93,0.00,351.21,47.03,tomato
data/Laboro-Tomato/train/images/IMG_20191215_112324.jpg,277.66,32.25,317.99,76.33,tomato
data/Laboro-Tomato/train/images/IMG_20191215_112324.jpg,303.42,45.64,341.57,88.53,tomato
data/Laboro-Tomato/train/images/IMG_20191215_112324.jpg,320.15,97.77,351.81,130.04,tomato
data/Laboro-Tomato/train/images/IMG_20191215_112324.jpg,266.26,94.82,323.49,169.77,tomato
data/Laboro-Tomato/train/images/IMG_20191215_112324.jpg,316.01,143.80,338.62,169.39,tomato
data/Laboro-Tomato/train/images/IMG_20191215_112324.jpg,180.87,170.53,238.10,229.16,tomato
data/Laboro-Tomato/train/images/IMG_20191215_112324.jpg,166.13,211.86,226.11,276.40,tomato
data/Laboro-Tomato/train/images/IMG_20191215_112324.jpg,168.28,260.66,220.23,298.06,tomato
data/Laboro-Tomato/train/images/IMG_20191215_112324.jpg,139.16,284.64,183.61,329.50,tomato
data/Laboro-Tomato/train/images/IMG_20191215_112324.jpg,111.64,284.07,145.87,320.85,tomato
data/Laboro-Tomato/train/images/IMG_20191215_112324.jpg,115.97,315.36,156.69,356.07,tomato
data/Laboro-Tomato/train/images/IMG_20191215_112324.jpg,158.43,362.55,183.22,396.01,tomato
data/Laboro-Tomato/train/images/IMG_20191215_112324.jpg,180.68,299.04,235.18,357.06,tomato
data/Laboro-Tomato/train/images/IMG_20191215_112324.jpg,208.22,296.24,245.01,336.96,tomato
data/Laboro-Tomato/train/images/IMG_20191215_112324.jpg,207.25,350.58,251.89,402.90,tomato
data/Laboro-Tomato/train/images/IMG_20191215_112324.jpg,221.18,368.27,257.00,406.66,tomato
data/Laboro-Tomato/train/images/IMG_20191215_112324.jpg,244.80,399.51,262.51,418.21,tomato
data/Laboro-Tomato/train/images/IMG_20191215_112324.jpg,234.79,319.45,273.14,364.52,tomato
data/Laboro-Tomato/train/images/IMG_20191215_112324.jpg,263.08,310.26,309.50,361.38,tomato
data/Laboro-Tomato/train/images/IMG_20191215_112324.jpg,297.52,303.94,337.84,340.14,tomato
data/Laboro-Tomato/train/images/IMG_20191215_112324.jpg,292.19,347.01,313.25,366.69,tomato
data/Laboro-Tomato/train/images/IMG_20191215_112324.jpg,308.92,340.92,329.78,372.99,tomato
data/Laboro-Tomato/train/images/IMG_20191215_112324.jpg,326.83,334.84,368.13,377.73,tomato
data/Laboro-Tomato/train/images/IMG_20191215_112324.jpg,345.15,296.66,386.25,341.10,tomato
data/Laboro-Tomato/train/images/IMG_20191215_112324.jpg,293.20,253.79,348.68,308.86,tomato
data/Laboro-Tomato/train/images/IMG_20191215_112324.jpg,257.02,267.94,301.27,311.60,tomato
data/Laboro-Tomato/train/images/IMG_20191215_112325.jpg,297.58,29.19,337.63,70.58,tomato
data/Laboro-Tomato/train/images/IMG_20191215_112325.jpg,295.77,78.94,326.54,109.71,tomato
data/Laboro-Tomato/train/images/IMG_20191215_112325.jpg,341.69,82.60,408.20,154.55,tomato
data/Laboro-Tomato/train/images/IMG_20191215_112325.jpg,393.92,146.39,410.20,164.72,tomato
data/Laboro-Tomato/train/images/IMG_20191215_112325.jpg,276.09,163.79,341.01,230.30,tomato
data/Laboro-Tomato/train/images/IMG_20191215_112325.jpg,336.04,208.13,406.39,273.50,tomato
data/Laboro-Tomato/train/images/IMG_20191215_112325.jpg,279.92,237.32,310.92,254.99,tomato
data/Laboro-Tomato/train/images/IMG_20191215_112325.jpg,328.77,230.51,360.90,272.57,tomato
data/Laboro-Tomato/train/images/IMG_20191215_112325.jpg,305.03,246.36,333.74,278.48,tomato
data/Laboro-Tomato/train/images/IMG_20191215_112325.jpg,272.25,247.29,329.47,302.93,tomato
data/Laboro-Tomato/train/images/IMG_20191215_112325.jpg,235.78,275.32,259.33,298.63,tomato
data/Laboro-Tomato/train/images/IMG_20191215_112325.jpg,324.27,293.63,382.42,348.17,tomato
data/Laboro-Tomato/train/images/IMG_20191215_112325.jpg,282.40,295.67,325.84,337.32,tomato
data/Laboro-Tomato/train/images/IMG_20191215_112325.jpg,319.29,337.32,366.81,384.15,tomato
data/Laboro-Tomato/train/images/IMG_20191215_112325.jpg,298.49,347.47,333.76,392.75,tomato
data/Laboro-Tomato/train/images/IMG_20191215_112325.jpg,344.60,382.98,357.27,395.67,tomato
data/Laboro-Tomato/train/images/IMG_20191215_112325.jpg,267.21,306.68,306.38,349.93,tomato
data/Laboro-Tomato/train/images/IMG_20191215_112325.jpg,236.95,323.83,271.37,357.45,tomato
data/Laboro-Tomato/train/images/IMG_20191215_112325.jpg,221.18,330.87,260.73,374.33,tomato
data/Laboro-Tomato/train/images/IMG_20191215_112325.jpg,209.77,313.99,231.41,349.57,tomato
data/Laboro-Tomato/train/images/IMG_20191215_112325.jpg,162.77,310.59,220.23,365.29,tomato
data/Laboro-Tomato/train/images/IMG_20191215_112325.jpg,145.26,311.99,161.97,327.32,tomato
data/Laboro-Tomato/train/images/IMG_20191215_112325.jpg,86.81,330.48,141.71,382.80,tomato
data/Laboro-Tomato/train/images/IMG_20191215_112325.jpg,123.24,360.79,177.55,413.73,tomato
data/Laboro-Tomato/train/images/IMG_20191215_112325.jpg,179.08,387.33,221.78,431.00,tomato
data/Laboro-Tomato/train/images/IMG_20191215_112325.jpg,155.29,389.67,187.92,431.99,tomato
data/Laboro-Tomato/train/images/IMG_20191215_112325.jpg,158.45,360.40,186.00,404.07,tomato
data/Laboro-Tomato/train/images/IMG_20191215_112328.jpg,274.50,26.94,357.29,120.59,tomato
data/Laboro-Tomato/train/images/IMG_20191215_112328.jpg,225.16,60.40,295.52,138.20,tomato
data/Laboro-Tomato/train/images/IMG_20191215_112328.jpg,293.50,107.49,358.18,170.37,tomato
data/Laboro-Tomato/train/images/IMG_20191215_112328.jpg,290.31,171.72,314.28,196.58,tomato
data/Laboro-Tomato/train/images/IMG_20191215_112328.jpg,274.69,197.25,325.16,249.99,tomato
data/Laboro-Tomato/train/images/IMG_20191215_112328.jpg,231.94,202.93,280.81,254.26,tomato
data/Laboro-Tomato/train/images/IMG_20191215_112328.jpg,194.86,217.61,236.93,261.75,tomato
data/Laboro-Tomato/train/images/IMG_20191215_112328.jpg,257.75,239.60,289.18,263.79,tomato
data/Laboro-Tomato/train/images/IMG_20191215_112328.jpg,289.44,260.40,312.05,285.99,tomato
data/Laboro-Tomato/train/images/IMG_20191215_112328.jpg,229.45,262.63,267.68,305.62,tomato
data/Laboro-Tomato/train/images/IMG_20191215_112328.jpg,193.94,261.28,212.28,277.34,tomato
data/Laboro-Tomato/train/images/IMG_20191215_112328.jpg,194.64,294.79,235.12,333.23,tomato
data/Laboro-Tomato/train/images/IMG_20191215_112328.jpg,237.14,308.81,275.61,351.13,tomato
data/Laboro-Tomato/train/images/IMG_20191215_112328.jpg,200.96,317.40,242.56,358.79,tomato
data/Laboro-Tomato/train/images/IMG_20191215_112328.jpg,242.04,379.44,276.07,416.83,tomato
data/Laboro-Tomato/train/images/IMG_20191215_112328.jpg,207.81,360.04,246.74,401.32,tomato
data/Laboro-Tomato/train/images/IMG_20191215_112328.jpg,181.43,363.74,211.35,400.93,tomato
data/Laboro-Tomato/train/images/IMG_20191215_112328.jpg,185.59,392.88,222.96,422.56,tomato
data/Laboro-Tomato/train/images/IMG_20191215_112328.jpg,177.92,408.81,204.06,438.12,tomato
data/Laboro-Tomato/train/images/IMG_20191215_112328.jpg,194.45,420.77,217.68,447.71,tomato
data/Laboro-Tomato/train/images/IMG_20191215_112328.jpg,211.15,419.42,246.97,460.14,tomato
data/Laboro-Tomato/train/images/IMG_20191215_112328.jpg,197.40,451.85,229.65,488.63,tomato
data/Laboro-Tomato/train/images/IMG_20191215_112328.jpg,406.69,491.22,431.08,516.19,tomato
data/Laboro-Tomato/train/images/IMG_20191215_112328.jpg,363.62,493.37,387.44,517.35,tomato
data/Laboro-Tomato/train/images/IMG_20191215_112329.jpg,200.30,22.38,295.98,133.02,tomato
data/Laboro-Tomato/train/images/IMG_20191215_112329.jpg,221.31,124.42,289.18,190.73,tomato
data/Laboro-Tomato/train/images/IMG_20191215_112329.jpg,171.10,177.83,237.14,246.83,tomato
data/Laboro-Tomato/train/images/IMG_20191215_112329.jpg,208.65,217.84,261.37,274.88,tomato
data/Laboro-Tomato/train/images/IMG_20191215_112329.jpg,175.61,255.40,235.12,317.61,tomato
data/Laboro-Tomato/train/images/IMG_20191215_112329.jpg,258.20,406.76,293.71,446.80,tomato
data/Laboro-Tomato/train/images/IMG_20191215_112329.jpg,260.01,334.37,315.45,390.93,tomato
data/Laboro-Tomato/train/images/IMG_20191215_112329.jpg,287.03,369.83,329.61,415.15,tomato
data/Laboro-Tomato/train/images/IMG_20191215_112329.jpg,318.34,325.38,369.16,377.03,tomato
data/Laboro-Tomato/train/images/IMG_20191215_112329.jpg,323.29,274.38,374.62,326.39,tomato
data/Laboro-Tomato/train/images/IMG_20191215_112329.jpg,333.24,33.05,359.93,63.82,tomato
data/Laboro-Tomato/train/images/IMG_20191215_112329.jpg,388.12,149.16,404.04,164.75,tomato
data/Laboro-Tomato/train/images/IMG_20191215_112329.jpg,356.84,9.06,384.74,40.56,tomato
data/Laboro-Tomato/train/images/IMG_20191215_112329.jpg,321.60,0.18,351.21,26.34,tomato
data/Laboro-Tomato/train/images/IMG_20191215_112329.jpg,363.23,100.13,383.71,121.57,tomato
data/Laboro-Tomato/train/images/IMG_20191215_112329.jpg,294.95,501.24,314.61,517.77,tomato
data/Laboro-Tomato/train/images/IMG_20191215_112334.jpg,279.70,32.82,346.88,107.46,tomato
data/Laboro-Tomato/train/images/IMG_20191215_112334.jpg,284.91,100.41,318.83,168.53,tomato
data/Laboro-Tomato/train/images/IMG_20191215_112334.jpg,206.39,97.25,284.21,179.15,tomato
data/Laboro-Tomato/train/images/IMG_20191215_112334.jpg,263.39,211.53,331.72,282.54,tomato
data/Laboro-Tomato/train/images/IMG_20191215_112334.jpg,65.00,247.29,87.61,285.73,tomato
data/Laboro-Tomato/train/images/IMG_20191215_112334.jpg,85.14,261.75,116.34,289.82,tomato
data/Laboro-Tomato/train/images/IMG_20191215_112334.jpg,72.46,294.79,100.98,312.20,tomato
data/Laboro-Tomato/train/images/IMG_20191215_112334.jpg,65.45,301.11,99.60,334.58,tomato
data/Laboro-Tomato/train/images/IMG_20191215_112334.jpg,183.10,272.62,255.05,347.94,tomato
data/Laboro-Tomato/train/images/IMG_20191215_112334.jpg,250.72,314.22,315.87,380.94,tomato
data/Laboro-Tomato/train/images/IMG_20191215_112334.jpg,75.64,343.85,101.44,368.30,tomato
data/Laboro-Tomato/train/images/IMG_20191215_112334.jpg,246.00,376.46,304.35,442.50,tomato
data/Laboro-Tomato/train/images/IMG_20191215_112334.jpg,181.72,400.67,244.86,469.88,tomato
data/Laboro-Tomato/train/images/IMG_20191215_112335.jpg,178.25,109.71,292.39,226.78,tomato
data/Laboro-Tomato/train/images/IMG_20191215_112335.jpg,188.80,72.31,255.50,128.77,tomato
data/Laboro-Tomato/train/images/IMG_20191215_112335.jpg,171.80,230.33,250.51,307.56,tomato
data/Laboro-Tomato/train/images/IMG_20191215_112335.jpg,234.72,262.81,316.65,354.96,tomato
data/Laboro-Tomato/train/images/IMG_20191215_112335.jpg,278.93,348.25,348.59,421.39,tomato
data/Laboro-Tomato/train/images/IMG_20191215_112335.jpg,178.56,401.22,204.59,429.03,tomato
data/Laboro-Tomato/train/images/IMG_20191215_112335.jpg,257.27,400.03,289.75,436.03,tomato
data/Laboro-Tomato/train/images/IMG_20191215_112335.jpg,248.20,433.10,295.32,488.42,tomato
data/Laboro-Tomato/train/images/IMG_20191215_112335.jpg,260.77,476.72,303.19,515.05,tomato
data/Laboro-Tomato/train/images/IMG_20191215_112339.jpg,248.94,114.92,304.14,173.50,tomato
data/Laboro-Tomato/train/images/IMG_20191215_112339.jpg,381.96,144.78,436.23,191.61,tomato
data/Laboro-Tomato/train/images/IMG_20191215_112339.jpg,293.50,169.90,345.75,227.61,tomato
data/Laboro-Tomato/train/images/IMG_20191215_112339.jpg,165.21,166.72,224.69,225.51,tomato
data/Laboro-Tomato/train/images/IMG_20191215_112339.jpg,332.64,220.38,376.07,265.60,tomato
data/Laboro-Tomato/train/images/IMG_20191215_112339.jpg,210.92,201.32,257.54,251.10,tomato
data/Laboro-Tomato/train/images/IMG_20191215_112339.jpg,179.24,225.54,221.55,268.53,tomato
data/Laboro-Tomato/train/images/IMG_20191215_112339.jpg,390.56,247.50,423.35,278.48,tomato
data/Laboro-Tomato/train/images/IMG_20191215_112339.jpg,176.09,259.73,212.96,288.01,tomato
data/Laboro-Tomato/train/images/IMG_20191215_112339.jpg,352.78,263.33,376.98,283.68,tomato
data/Laboro-Tomato/train/images/IMG_20191215_112339.jpg,333.74,261.28,355.70,282.10,tomato
data/Laboro-Tomato/train/images/IMG_20191215_112339.jpg,349.60,277.80,376.75,297.49,tomato
data/Laboro-Tomato/train/images/IMG_20191215_112339.jpg,157.52,273.74,194.39,313.99,tomato
data/Laboro-Tomato/train/images/IMG_20191215_112339.jpg,188.15,287.67,228.25,321.29,tomato
data/Laboro-Tomato/train/images/IMG_20191215_112339.jpg,207.02,298.78,246.06,339.39,tomato
data/Laboro-Tomato/train/images/IMG_20191215_112339.jpg,166.40,318.05,221.49,370.68,tomato
data/Laboro-Tomato/train/images/IMG_20191215_112339.jpg,155.42,324.79,177.53,361.25,tomato
data/Laboro-Tomato/train/images/IMG_20191215_112339.jpg,167.72,411.71,206.65,450.76,tomato
data/Laboro-Tomato/train/images/IMG_20191215_112339.jpg,196.68,409.40,223.84,445.09,tomato
data/Laboro-Tomato/train/images/IMG_20191215_112339.jpg,184.39,385.06,202.10,412.87,tomato
data/Laboro-Tomato/train/images/IMG_20191215_112339.jpg,248.29,403.55,277.66,435.09,tomato
data/Laboro-Tomato/train/images/IMG_20191215_112339.jpg,227.45,430.98,262.77,471.07,tomato
data/Laboro-Tomato/train/images/IMG_20191215_112339.jpg,213.87,431.21,239.75,467.31,tomato
data/Laboro-Tomato/train/images/IMG_20191215_112340.jpg,64.98,7.02,107.52,76.69,tomato
data/Laboro-Tomato/train/images/IMG_20191215_112340.jpg,183.55,38.93,202.32,60.63,tomato
data/Laboro-Tomato/train/images/IMG_20191215_112340.jpg,65.23,116.96,106.88,166.28,tomato
data/Laboro-Tomato/train/images/IMG_20191215_112340.jpg,71.68,151.72,116.83,188.50,tomato
data/Laboro-Tomato/train/images/IMG_20191215_112340.jpg,65.16,158.25,85.36,193.47,tomato
data/Laboro-Tomato/train/images/IMG_20191215_112340.jpg,65.16,190.05,86.21,210.05,tomato
data/Laboro-Tomato/train/images/IMG_20191215_112340.jpg,81.10,198.96,118.21,231.81,tomato
data/Laboro-Tomato/train/images/IMG_20191215_112340.jpg,65.02,222.38,107.09,263.61,tomato
data/Laboro-Tomato/train/images/IMG_20191215_112340.jpg,78.68,258.97,115.12,291.45,tomato
data/Laboro-Tomato/train/images/IMG_20191215_112340.jpg,65.00,274.36,86.21,305.49,tomato
data/Laboro-Tomato/train/images/IMG_20191215_112340.jpg,65.16,328.96,81.08,360.09,tomato
data/Laboro-Tomato/train/images/IMG_20191215_112340.jpg,98.78,326.24,120.19,343.33,tomato
data/Laboro-Tomato/train/images/IMG_20191215_112340.jpg,72.30,336.49,96.55,363.12,tomato
data/Laboro-Tomato/train/images/IMG_20191215_112340.jpg,258.86,179.88,294.37,217.43,tomato
data/Laboro-Tomato/train/images/IMG_20191215_112340.jpg,260.67,190.68,302.98,248.38,tomato
data/Laboro-Tomato/train/images/IMG_20191215_112340.jpg,292.80,223.96,345.05,273.94,tomato
data/Laboro-Tomato/train/images/IMG_20191215_112340.jpg,315.89,264.67,346.66,302.23,tomato
data/Laboro-Tomato/train/images/IMG_20191215_112340.jpg,263.39,283.04,323.57,333.70,tomato
data/Laboro-Tomato/train/images/IMG_20191215_112340.jpg,189.44,272.60,235.36,322.38,tomato
data/Laboro-Tomato/train/images/IMG_20191215_112340.jpg,144.88,267.62,195.77,313.99,tomato
data/Laboro-Tomato/train/images/IMG_20191215_112340.jpg,141.92,313.57,198.49,369.46,tomato
data/Laboro-Tomato/train/images/IMG_20191215_112340.jpg,204.35,312.66,257.50,366.74,tomato
data/Laboro-Tomato/train/images/IMG_20191215_112340.jpg,209.79,363.33,238.08,406.73,tomato
data/Laboro-Tomato/train/images/IMG_20191215_112340.jpg,229.70,392.31,276.99,444.78,tomato
data/Laboro-Tomato/train/images/IMG_20191215_112340.jpg,271.55,395.91,295.75,437.97,tomato
data/Laboro-Tomato/train/images/IMG_20191215_112340.jpg,342.82,483.92,371.10,517.38,tomato
data/Laboro-Tomato/train/images/IMG_20191215_112340.jpg,181.53,354.05,210.71,384.61,tomato
data/Laboro-Tomato/train/images/IMG_20191215_112342.jpg,297.77,16.96,424.69,156.98,tomato
data/Laboro-Tomato/train/images/IMG_20191215_112342.jpg,413.62,89.59,452.98,131.91,tomato
data/Laboro-Tomato/train/images/IMG_20191215_112342.jpg,400.51,164.91,433.30,191.38,tomato
data/Laboro-Tomato/train/images/IMG_20191215_112342.jpg,193.26,218.78,268.36,300.88,tomato
data/Laboro-Tomato/train/images/IMG_20191215_112342.jpg,265.64,265.81,313.15,320.36,tomato
data/Laboro-Tomato/train/images/IMG_20191215_112342.jpg,207.07,278.04,268.85,328.02,tomato
data/Laboro-Tomato/train/images/IMG_20191215_112342.jpg,65.00,326.68,119.08,389.10,tomato
data/Laboro-Tomato/train/images/IMG_20191215_112342.jpg,260.43,363.09,286.04,386.14,tomato
data/Laboro-Tomato/train/images/IMG_20191215_112342.jpg,229.80,365.89,283.34,424.37,tomato
data/Laboro-Tomato/train/images/IMG_20191215_112342.jpg,220.32,365.32,249.46,395.21,tomato
data/Laboro-Tomato/train/images/IMG_20191215_112343.jpg,283.32,0.23,383.98,87.10,tomato
data/Laboro-Tomato/train/images/IMG_20191215_112343.jpg,345.32,86.89,410.01,155.22,tomato
data/Laboro-Tomato/train/images/IMG_20191215_112343.jpg,195.54,159.49,257.54,243.41,tomato
data/Laboro-Tomato/train/images/IMG_20191215_112343.jpg,289.40,201.81,346.20,257.24,tomato
data/Laboro-Tomato/train/images/IMG_20191215_112343.jpg,268.40,240.51,314.98,278.94,tomato
data/Laboro-Tomato/train/images/IMG_20191215_112343.jpg,191.69,262.88,233.34,295.00,tomato
data/Laboro-Tomato/train/images/IMG_20191215_112343.jpg,230.81,257.24,318.38,344.78,tomato
data/Laboro-Tomato/train/images/IMG_20191215_112343.jpg,189.86,278.74,249.15,345.45,tomato
data/Laboro-Tomato/train/images/IMG_20191215_112343.jpg,179.45,310.85,197.56,336.86,tomato
data/Laboro-Tomato/train/images/IMG_20191215_112343.jpg,251.64,340.71,295.07,380.96,tomato
data/Laboro-Tomato/train/images/IMG_20191215_112343.jpg,221.78,333.20,259.35,359.47,tomato
data/Laboro-Tomato/train/images/IMG_20191215_112343.jpg,187.63,352.94,209.58,373.50,tomato
data/Laboro-Tomato/train/images/IMG_20191215_112343.jpg,65.02,322.38,145.56,410.39,tomato
data/Laboro-Tomato/train/images/IMG_20191215_112343.jpg,234.23,369.18,307.97,446.77,tomato
data/Laboro-Tomato/train/images/IMG_20191215_112343.jpg,438.95,362.65,453.21,411.76,tomato
data/Laboro-Tomato/train/images/IMG_20191215_112343.jpg,430.58,376.02,453.19,426.68,tomato
data/Laboro-Tomato/train/images/IMG_20191215_112343.jpg,92.14,452.47,139.88,509.04,tomato
data/Laboro-Tomato/train/images/IMG_20191215_112343.jpg,65.21,470.32,92.37,517.82,tomato
data/Laboro-Tomato/train/images/IMG_20191215_112346.jpg,83.10,102.93,108.43,128.93,tomato
data/Laboro-Tomato/train/images/IMG_20191215_112346.jpg,82.21,128.46,107.77,152.91,tomato
data/Laboro-Tomato/train/images/IMG_20191215_112346.jpg,81.06,155.19,103.25,179.85,tomato
data/Laboro-Tomato/train/images/IMG_20191215_112346.jpg,186.04,110.15,236.27,177.34,tomato
data/Laboro-Tomato/train/images/IMG_20191215_112346.jpg,271.53,200.67,320.40,247.29,tomato
data/Laboro-Tomato/train/images/IMG_20191215_112346.jpg,150.30,168.97,217.47,236.62,tomato
data/Laboro-Tomato/train/images/IMG_20191215_112346.jpg,238.97,235.04,307.50,308.34,tomato
data/Laboro-Tomato/train/images/IMG_20191215_112346.jpg,187.38,261.07,236.02,311.53,tomato
data/Laboro-Tomato/train/images/IMG_20191215_112346.jpg,238.99,294.56,281.06,335.95,tomato
data/Laboro-Tomato/train/images/IMG_20191215_112346.jpg,288.95,334.84,333.98,382.80,tomato
data/Laboro-Tomato/train/images/IMG_20191215_112346.jpg,234.00,337.74,283.10,390.68,tomato
data/Laboro-Tomato/train/images/IMG_20191215_112346.jpg,65.02,399.53,91.24,433.93,tomato
data/Laboro-Tomato/train/images/IMG_20191215_112346.jpg,89.67,417.38,125.88,454.93,tomato
data/Laboro-Tomato/train/images/IMG_20191215_112346.jpg,65.00,456.54,87.84,505.39,tomato
data/Laboro-Tomato/train/images/IMG_20191215_112349.jpg,265.43,122.87,367.45,227.82,tomato
data/Laboro-Tomato/train/images/IMG_20191215_112349.jpg,245.32,200.00,335.80,278.74,tomato
data/Laboro-Tomato/train/images/IMG_20191215_112349.jpg,195.09,191.40,250.30,251.80,tomato
data/Laboro-Tomato/train/images/IMG_20191215_112349.jpg,160.22,233.93,237.38,300.23,tomato
data/Laboro-Tomato/train/images/IMG_20191215_112349.jpg,207.54,283.68,292.16,369.20,tomato
data/Laboro-Tomato/train/images/IMG_20191215_112349.jpg,238.27,330.95,310.22,393.84,tomato
data/Laboro-Tomato/train/images/IMG_20191215_112349.jpg,290.78,322.84,322.21,375.11,tomato
data/Laboro-Tomato/train/images/IMG_20191215_112349.jpg,313.83,395.70,337.38,426.68,tomato
data/Laboro-Tomato/train/images/IMG_20191215_112349.jpg,432.40,419.63,453.23,473.92,tomato
data/Laboro-Tomato/train/images/IMG_20191215_112349.jpg,293.96,456.31,358.88,517.64,tomato
data/Laboro-Tomato/train/images/IMG_20191215_112349.jpg,346.64,468.53,391.20,517.64,tomato
data/Laboro-Tomato/train/images/IMG_20191215_112352.jpg,124.95,0.00,198.92,59.26,tomato
data/Laboro-Tomato/train/images/IMG_20191215_112352.jpg,70.44,2.02,121.80,69.88,tomato
data/Laboro-Tomato/train/images/IMG_20191215_112352.jpg,291.48,0.00,351.19,75.55,tomato
data/Laboro-Tomato/train/images/IMG_20191215_112352.jpg,249.15,66.51,287.84,115.82,tomato
data/Laboro-Tomato/train/images/IMG_20191215_112352.jpg,200.51,89.15,267.25,160.42,tomato
data/Laboro-Tomato/train/images/IMG_20191215_112352.jpg,278.79,76.25,353.46,151.36,tomato
data/Laboro-Tomato/train/images/IMG_20191215_112352.jpg,300.51,144.99,363.83,218.75,tomato
data/Laboro-Tomato/train/images/IMG_20191215_112352.jpg,233.10,213.08,281.74,256.54,tomato
data/Laboro-Tomato/train/images/IMG_20191215_112352.jpg,251.40,223.28,320.87,294.30,tomato
data/Laboro-Tomato/train/images/IMG_20191215_112352.jpg,291.01,240.92,340.78,298.83,tomato
data/Laboro-Tomato/train/images/IMG_20191215_112352.jpg,329.22,274.20,359.75,308.34,tomato
data/Laboro-Tomato/train/images/IMG_20191215_112352.jpg,321.31,300.23,345.98,332.35,tomato
data/Laboro-Tomato/train/images/IMG_20191215_112352.jpg,268.83,292.72,326.98,344.31,tomato
data/Laboro-Tomato/train/images/IMG_20191215_112352.jpg,347.11,314.45,382.19,356.77,tomato
data/Laboro-Tomato/train/images/IMG_20191215_112352.jpg,310.67,319.22,358.41,361.95,tomato
data/Laboro-Tomato/train/images/IMG_20191215_112352.jpg,251.69,330.07,304.41,383.01,tomato
data/Laboro-Tomato/train/images/IMG_20191215_112352.jpg,203.87,305.90,259.93,368.84,tomato
data/Laboro-Tomato/train/images/IMG_20191215_112352.jpg,166.53,347.58,220.81,402.49,tomato
data/Laboro-Tomato/train/images/IMG_20191215_112352.jpg,166.13,394.79,206.45,427.27,tomato
data/Laboro-Tomato/train/images/IMG_20191215_112352.jpg,204.30,375.76,248.55,418.44,tomato
data/Laboro-Tomato/train/images/IMG_20191215_112352.jpg,201.32,407.38,235.36,433.95,tomato
data/Laboro-Tomato/train/images/IMG_20191215_112352.jpg,279.24,370.24,323.88,417.64,tomato
data/Laboro-Tomato/train/images/IMG_20191215_112352.jpg,269.39,399.92,289.44,422.56,tomato
data/Laboro-Tomato/train/images/IMG_20191215_112352.jpg,279.78,414.30,297.93,429.01,tomato
data/Laboro-Tomato/train/images/IMG_20191215_112352.jpg,311.76,372.05,331.84,407.43,tomato
data/Laboro-Tomato/train/images/IMG_20191215_112352.jpg,313.43,414.12,345.09,452.19,tomato
data/Laboro-Tomato/train/images/IMG_20191215_112352.jpg,323.08,375.14,334.97,393.58,tomato
data/Laboro-Tomato/train/images/IMG_20191215_112352.jpg,327.70,397.28,350.16,421.99,tomato
data/Laboro-Tomato/train/images/IMG_20191215_112352.jpg,333.18,358.64,364.73,391.53,tomato
data/Laboro-Tomato/train/images/IMG_20191215_112352.jpg,346.45,378.58,385.73,419.04,tomato
data/Laboro-Tomato/train/images/IMG_20191215_112352.jpg,348.08,406.06,383.78,424.81,tomato
data/Laboro-Tomato/train/images/IMG_20191215_112352.jpg,371.29,499.87,397.25,517.79,tomato
data/Laboro-Tomato/train/images/IMG_20191215_112352.jpg,306.41,212.85,316.51,229.53,tomato
data/Laboro-Tomato/train/images/IMG_20191215_112352.jpg,329.18,224.14,337.34,244.24,tomato
data/Laboro-Tomato/train/images/IMG_20191215_112352.jpg,230.42,208.99,244.56,222.09,tomato
data/Laboro-Tomato/train/images/IMG_20191215_112356.jpg,240.33,42.32,319.74,133.70,tomato
data/Laboro-Tomato/train/images/IMG_20191215_112356.jpg,278.58,15.38,300.06,36.62,tomato
data/Laboro-Tomato/train/images/IMG_20191215_112356.jpg,301.65,2.72,323.14,26.50,tomato
data/Laboro-Tomato/train/images/IMG_20191215_112356.jpg,76.75,124.66,101.42,147.29,tomato
data/Laboro-Tomato/train/images/IMG_20191215_112356.jpg,65.02,158.59,84.02,178.74,tomato
data/Laboro-Tomato/train/images/IMG_20191215_112356.jpg,83.34,165.11,101.67,182.78,tomato
data/Laboro-Tomato/train/images/IMG_20191215_112356.jpg,64.98,60.86,76.99,87.80,tomato
data/Laboro-Tomato/train/images/IMG_20191215_112356.jpg,65.25,102.46,73.61,124.42,tomato
data/Laboro-Tomato/train/images/IMG_20191215_112356.jpg,240.99,133.28,300.04,213.57,tomato
data/Laboro-Tomato/train/images/IMG_20191215_112356.jpg,261.35,141.39,351.40,235.51,tomato
data/Laboro-Tomato/train/images/IMG_20191215_112356.jpg,278.77,229.42,354.34,302.25,tomato
data/Laboro-Tomato/train/images/IMG_20191215_112356.jpg,147.79,338.90,208.63,402.46,tomato
data/Laboro-Tomato/train/images/IMG_20191215_112356.jpg,195.52,366.72,256.16,427.58,tomato
data/Laboro-Tomato/train/images/IMG_20191215_112356.jpg,241.01,323.75,286.04,375.55,tomato
data/Laboro-Tomato/train/images/IMG_20191215_112356.jpg,278.77,318.52,341.67,380.26,tomato
data/Laboro-Tomato/train/images/IMG_20191215_112356.jpg,254.10,367.60,296.88,412.41,tomato
data/Laboro-Tomato/train/images/IMG_20191215_112356.jpg,278.09,413.55,324.25,465.60,tomato
data/Laboro-Tomato/train/images/IMG_20191215_112358.jpg,101.42,78.97,125.39,100.67,tomato
data/Laboro-Tomato/train/images/IMG_20191215_112358.jpg,65.00,71.25,82.87,100.41,tomato
data/Laboro-Tomato/train/images/IMG_20191215_112358.jpg,64.98,30.30,89.42,67.18,tomato
data/Laboro-Tomato/train/images/IMG_20191215_112358.jpg,204.82,141.83,286.95,225.74,tomato
data/Laboro-Tomato/train/images/IMG_20191215_112358.jpg,276.99,194.09,346.88,263.30,tomato
data/Laboro-Tomato/train/images/IMG_20191215_112358.jpg,186.27,209.04,264.32,283.48,tomato
data/Laboro-Tomato/train/images/IMG_20191215_112358.jpg,254.82,253.38,326.31,326.47,tomato
data/Laboro-Tomato/train/images/IMG_20191215_112358.jpg,181.28,277.57,263.41,354.70,tomato
data/Laboro-Tomato/train/images/IMG_20191215_112358.jpg,199.83,357.89,275.86,438.90,tomato
data/Laboro-Tomato/train/images/IMG_20191215_112358.jpg,65.00,448.17,113.64,502.67,tomato
data/Laboro-Tomato/train/images/IMG_20191215_112358.jpg,73.14,494.97,115.45,517.82,tomato
data/Laboro-Tomato/train/images/IMG_20191215_112358.jpg,65.00,426.70,80.62,471.92,tomato
data/Laboro-Tomato/train/images/IMG_20191215_112401.jpg,337.82,66.04,450.92,165.60,tomato
data/Laboro-Tomato/train/images/IMG_20191215_112401.jpg,228.33,79.64,336.02,188.47,tomato
data/Laboro-Tomato/train/images/IMG_20191215_112401.jpg,322.67,159.28,405.46,240.51,tomato
data/Laboro-Tomato/train/images/IMG_20191215_112401.jpg,168.61,179.41,209.56,226.91,tomato
data/Laboro-Tomato/train/images/IMG_20191215_112401.jpg,129.26,182.13,175.18,228.75,tomato
data/Laboro-Tomato/train/images/IMG_20191215_112401.jpg,240.10,214.45,316.79,287.08,tomato
data/Laboro-Tomato/train/images/IMG_20191215_112401.jpg,319.06,266.95,394.39,337.97,tomato
data/Laboro-Tomato/train/images/IMG_20191215_112401.jpg,309.64,365.40,345.38,402.69,tomato
data/Laboro-Tomato/train/images/IMG_20191215_112401.jpg,248.20,350.17,291.83,392.44,tomato
data/Laboro-Tomato/train/images/IMG_20191215_112401.jpg,223.57,316.99,281.72,373.09,tomato
data/Laboro-Tomato/train/images/IMG_20191215_112401.jpg,194.33,323.10,223.08,352.37,tomato
data/Laboro-Tomato/train/images/IMG_20191215_112401.jpg,205.11,281.25,231.10,313.73,tomato
data/Laboro-Tomato/train/images/IMG_20191215_112401.jpg,170.38,290.65,208.34,330.85,tomato
data/Laboro-Tomato/train/images/IMG_20191215_112401.jpg,195.17,229.91,231.41,268.09,tomato
data/Laboro-Tomato/train/images/IMG_20191215_112401.jpg,134.29,230.25,183.75,278.32,tomato
data/Laboro-Tomato/train/images/IMG_20191215_112401.jpg,65.16,212.46,86.37,241.52,tomato
data/Laboro-Tomato/train/images/IMG_20191215_112401.jpg,64.98,183.37,91.67,211.24,tomato
data/Laboro-Tomato/train/images/IMG_20191215_112407.jpg,263.41,73.53,322.69,136.88,tomato
data/Laboro-Tomato/train/images/IMG_20191215_112407.jpg,311.58,33.02,337.61,70.78,tomato
data/Laboro-Tomato/train/images/IMG_20191215_112407.jpg,344.37,38.90,373.12,74.44,tomato
data/Laboro-Tomato/train/images/IMG_20191215_112407.jpg,397.56,66.05,426.07,92.98,tomato
data/Laboro-Tomato/train/images/IMG_20191215_112407.jpg,394.39,107.43,421.08,131.88,tomato
data/Laboro-Tomato/train/images/IMG_20191215_112407.jpg,419.49,110.62,443.46,134.81,tomato
data/Laboro-Tomato/train/images/IMG_20191215_112407.jpg,320.63,133.72,382.40,194.79,tomato
data/Laboro-Tomato/train/images/IMG_20191215_112407.jpg,268.83,156.80,314.09,207.46,tomato
data/Laboro-Tomato/train/images/IMG_20191215_112407.jpg,301.65,234.37,327.88,258.35,tomato
data/Laboro-Tomato/train/images/IMG_20191215_112407.jpg,262.03,247.27,291.20,277.36,tomato
data/Laboro-Tomato/train/images/IMG_20191215_112407.jpg,295.77,293.21,326.54,322.38,tomato
data/Laboro-Tomato/train/images/IMG_20191215_112407.jpg,228.79,360.17,297.32,426.68,tomato
data/Laboro-Tomato/train/images/IMG_20191215_112407.jpg,184.68,385.73,267.47,472.60,tomato
data/Laboro-Tomato/train/images/IMG_20191215_112407.jpg,109.11,295.26,179.24,366.95,tomato
data/Laboro-Tomato/train/images/IMG_20191215_112407.jpg,173.35,393.21,198.45,424.19,tomato
data/Laboro-Tomato/train/images/IMG_20191215_112407.jpg,170.42,411.94,205.03,469.18,tomato
data/Laboro-Tomato/train/images/IMG_20191215_112412.jpg,123.14,80.34,170.65,122.40,tomato
data/Laboro-Tomato/train/images/IMG_20191215_112412.jpg,178.56,53.85,224.01,106.11,tomato
data/Laboro-Tomato/train/images/IMG_20191215_112412.jpg,321.76,12.67,368.38,64.00,tomato
data/Laboro-Tomato/train/images/IMG_20191215_112412.jpg,280.60,43.23,338.52,91.87,tomato
data/Laboro-Tomato/train/images/IMG_20191215_112412.jpg,343.03,54.73,413.15,128.96,tomato
data/Laboro-Tomato/train/images/IMG_20191215_112412.jpg,253.68,85.99,365.45,202.95,tomato
data/Laboro-Tomato/train/images/IMG_20191215_112412.jpg,219.51,110.62,270.17,185.06,tomato
data/Laboro-Tomato/train/images/IMG_20191215_112412.jpg,186.72,152.94,230.15,180.55,tomato
data/Laboro-Tomato/train/images/IMG_20191215_112412.jpg,165.89,114.22,188.50,159.70,tomato
data/Laboro-Tomato/train/images/IMG_20191215_112412.jpg,183.30,168.32,237.38,215.82,tomato
data/Laboro-Tomato/train/images/IMG_20191215_112412.jpg,160.47,203.16,226.32,271.95,tomato
data/Laboro-Tomato/train/images/IMG_20191215_112412.jpg,194.39,240.92,269.72,318.73,tomato
data/Laboro-Tomato/train/images/IMG_20191215_112412.jpg,224.93,302.23,298.47,381.84,tomato
data/Laboro-Tomato/train/images/IMG_20191215_112412.jpg,216.11,336.60,276.05,395.44,tomato
data/Laboro-Tomato/train/images/IMG_20191215_112412.jpg,239.20,393.89,308.20,470.34,tomato
data/Laboro-Tomato/train/images/IMG_20191215_112412.jpg,381.94,423.26,405.48,450.40,tomato
data/Laboro-Tomato/train/images/IMG_20191215_112412.jpg,400.96,437.30,427.41,464.23,tomato
data/Laboro-Tomato/train/images/IMG_20191215_112412.jpg,395.30,459.03,423.59,490.68,tomato
data/Laboro-Tomato/train/images/IMG_20191215_112412.jpg,418.36,421.89,442.80,445.66,tomato
data/Laboro-Tomato/train/images/IMG_20191215_112412.jpg,424.01,449.73,444.14,472.83,tomato
data/Laboro-Tomato/train/images/IMG_20191215_112412.jpg,405.23,494.33,432.39,517.84,tomato
data/Laboro-Tomato/train/images/IMG_20191215_112412.jpg,388.74,454.73,403.66,484.61,tomato
data/Laboro-Tomato/train/images/IMG_20191215_112412.jpg,384.42,471.04,408.20,494.09,tomato
data/Laboro-Tomato/train/images/IMG_20191215_112419.jpg,203.89,122.14,265.89,188.45,tomato
data/Laboro-Tomato/train/images/IMG_20191215_112419.jpg,65.45,169.46,102.55,205.88,tomato
data/Laboro-Tomato/train/images/IMG_20191215_112419.jpg,239.42,197.51,291.67,251.59,tomato
data/Laboro-Tomato/train/images/IMG_20191215_112419.jpg,65.21,205.65,81.72,235.07,tomato
data/Laboro-Tomato/train/images/IMG_20191215_112419.jpg,155.27,204.48,223.61,272.60,tomato
data/Laboro-Tomato/train/images/IMG_20191215_112419.jpg,215.66,262.21,252.10,298.89,tomato
data/Laboro-Tomato/train/images/IMG_20191215_112419.jpg,203.46,286.89,229.49,314.92,tomato
data/Laboro-Tomato/train/images/IMG_20191215_112419.jpg,280.17,268.89,334.75,327.22,tomato
data/Laboro-Tomato/train/images/IMG_20191215_112419.jpg,225.43,271.30,280.87,329.99,tomato
data/Laboro-Tomato/train/images/IMG_20191215_112419.jpg,240.84,312.20,295.23,365.55,tomato
data/Laboro-Tomato/train/images/IMG_20191215_112419.jpg,281.57,346.08,325.35,390.73,tomato
data/Laboro-Tomato/train/images/IMG_20191215_112419.jpg,211.60,324.19,242.41,357.19,tomato
data/Laboro-Tomato/train/images/IMG_20191215_112419.jpg,256.72,360.40,288.27,392.98,tomato
data/Laboro-Tomato/train/images/IMG_20191215_112419.jpg,183.69,344.37,211.81,373.69,tomato
data/Laboro-Tomato/train/images/IMG_20191215_112419.jpg,202.02,363.82,224.17,383.45,tomato
data/Laboro-Tomato/train/images/IMG_20191215_112419.jpg,228.93,368.30,250.49,388.50,tomato
data/Laboro-Tomato/train/images/IMG_20191215_112419.jpg,202.43,374.25,229.35,402.54,tomato
data/Laboro-Tomato/train/images/IMG_20191215_112419.jpg,211.66,386.89,265.82,443.25,tomato
data/Laboro-Tomato/train/images/IMG_20191215_112419.jpg,259.85,398.78,302.39,446.70,tomato
data/Laboro-Tomato/train/images/IMG_20191215_112421.jpg,235.55,50.89,312.71,134.34,tomato
data/Laboro-Tomato/train/images/IMG_20191215_112421.jpg,244.62,123.75,338.06,218.75,tomato
data/Laboro-Tomato/train/images/IMG_20191215_112421.jpg,180.15,285.94,246.20,354.73,tomato
data/Laboro-Tomato/train/images/IMG_20191215_112421.jpg,139.86,300.44,183.76,347.47,tomato
data/Laboro-Tomato/train/images/IMG_20191215_112421.jpg,197.11,346.57,244.62,392.72,tomato
data/Laboro-Tomato/train/images/IMG_20191215_112421.jpg,185.36,370.11,221.57,404.51,tomato
data/Laboro-Tomato/train/images/IMG_20191215_112421.jpg,182.66,407.41,214.55,440.46,tomato
data/Laboro-Tomato/train/images/IMG_20191215_112421.jpg,255.93,341.15,287.59,373.27,tomato
data/Laboro-Tomato/train/images/IMG_20191215_112421.jpg,240.12,368.76,264.09,393.63,tomato
data/Laboro-Tomato/train/images/IMG_20191215_112421.jpg,258.38,385.55,283.20,412.48,tomato
data/Laboro-Tomato/train/images/IMG_20191215_112421.jpg,240.80,419.35,263.72,444.78,tomato
data/Laboro-Tomato/train/images/IMG_20191215_112421.jpg,260.90,424.27,281.14,448.04,tomato
data/Laboro-Tomato/train/images/IMG_20191215_112421.jpg,264.92,410.10,280.70,424.09,tomato
data/Laboro-Tomato/train/images/IMG_20191215_112421.jpg,405.77,380.81,434.79,411.32,tomato
data/Laboro-Tomato/train/images/IMG_20191215_112421.jpg,398.94,372.91,420.65,397.77,tomato
data/Laboro-Tomato/train/images/IMG_20191215_112421.jpg,345.38,365.60,368.46,390.16,tomato
data/Laboro-Tomato/train/images/IMG_20191215_112421.jpg,370.98,320.41,412.32,359.83,tomato
data/Laboro-Tomato/train/images/IMG_20191215_112421.jpg,345.98,265.35,383.47,304.77,tomato
data/Laboro-Tomato/train/images/IMG_20191215_112421.jpg,337.34,321.89,367.10,350.58,tomato
data/Laboro-Tomato/train/images/IMG_20191215_112421.jpg,328.42,292.31,362.34,323.39,tomato
data/Laboro-Tomato/train/images/IMG_20191215_112421.jpg,376.03,310.02,407.89,327.74,tomato
data/Laboro-Tomato/train/images/IMG_20191215_112424.jpg,406.16,59.73,453.21,147.06,tomato
data/Laboro-Tomato/train/images/IMG_20191215_112424.jpg,350.51,75.14,411.58,143.67,tomato
data/Laboro-Tomato/train/images/IMG_20191215_112424.jpg,281.49,99.33,318.13,121.96,tomato
data/Laboro-Tomato/train/images/IMG_20191215_112424.jpg,260.22,113.78,363.17,220.54,tomato
data/Laboro-Tomato/train/images/IMG_20191215_112424.jpg,255.95,189.61,312.28,240.95,tomato
data/Laboro-Tomato/train/images/IMG_20191215_112424.jpg,334.19,193.68,383.06,244.34,tomato
data/Laboro-Tomato/train/images/IMG_20191215_112424.jpg,378.56,191.84,445.54,254.99,tomato
data/Laboro-Tomato/train/images/IMG_20191215_112424.jpg,279.22,224.42,340.99,284.15,tomato
data/Laboro-Tomato/train/images/IMG_20191215_112424.jpg,369.27,252.27,423.35,302.93,tomato
data/Laboro-Tomato/train/images/IMG_20191215_112424.jpg,331.49,263.33,371.08,303.37,tomato
data/Laboro-Tomato/train/images/IMG_20191215_112424.jpg,357.50,309.01,388.04,339.32,tomato
data/Laboro-Tomato/train/images/IMG_20191215_112424.jpg,342.14,314.69,361.60,336.86,tomato
data/Laboro-Tomato/train/images/IMG_20191215_112424.jpg,275.33,393.60,312.24,428.26,tomato
data/Laboro-Tomato/train/images/IMG_20191215_112424.jpg,262.98,354.93,309.99,402.07,tomato
data/Laboro-Tomato/train/images/IMG_20191215_112424.jpg,227.74,398.65,251.67,423.93,tomato
data/Laboro-Tomato/train/images/IMG_20191215_112424.jpg,219.08,336.91,257.62,374.82,tomato
data/Laboro-Tomato/train/images/IMG_20191215_112424.jpg,268.81,269.39,310.30,320.82,tomato
data/Laboro-Tomato/train/images/IMG_20191215_112424.jpg,210.61,266.85,278.60,336.00,tomato
data/Laboro-Tomato/train/images/IMG_20191215_112424.jpg,139.53,249.29,208.41,318.44,tomato
data/Laboro-Tomato/train/images/IMG_20191215_112424.jpg,195.46,277.57,221.18,318.75,tomato
data/Laboro-Tomato/train/images/IMG_20191215_112424.jpg,119.72,288.42,162.42,331.11,tomato
data/Laboro-Tomato/train/images/IMG_20191215_112424.jpg,138.80,323.23,179.55,366.95,tomato
data/Laboro-Tomato/train/images/IMG_20191215_112424.jpg,154.12,313.86,188.62,348.98,tomato
data/Laboro-Tomato/train/images/IMG_20191215_112424.jpg,183.41,342.27,199.19,360.55,tomato
data/Laboro-Tomato/train/images/IMG_20191215_112424.jpg,191.44,347.63,218.67,375.91,tomato
data/Laboro-Tomato/train/images/IMG_20191215_112424.jpg,162.42,358.51,194.39,389.59,tomato
data/Laboro-Tomato/train/images/IMG_20191215_112424.jpg,173.57,374.88,198.86,397.77,tomato
data/Laboro-Tomato/train/images/IMG_20191215_112424.jpg,65.00,268.97,93.28,298.86,tomato
data/Laboro-Tomato/train/images/IMG_20191215_112424.jpg,66.36,296.37,97.60,324.19,tomato
data/Laboro-Tomato/train/images/IMG_20191215_112424.jpg,212.51,192.07,243.75,221.91,tomato
data/Laboro-Tomato/train/images/IMG_20191215_112424.jpg,234.66,211.97,257.97,236.62,tomato
data/Laboro-Tomato/train/images/IMG_20191215_112424.jpg,330.77,312.07,337.84,319.89,tomato
data/Laboro-Tomato/train/images/IMG_20191215_112426.jpg,297.34,119.22,383.08,203.60,tomato
data/Laboro-Tomato/train/images/IMG_20191215_112426.jpg,151.65,112.41,237.40,197.25,tomato
data/Laboro-Tomato/train/images/IMG_20191215_112426.jpg,258.90,190.03,325.18,255.87,tomato
data/Laboro-Tomato/train/images/IMG_20191215_112426.jpg,162.28,218.57,234.00,284.62,tomato
data/Laboro-Tomato/train/images/IMG_20191215_112426.jpg,74.71,259.70,126.31,305.85,tomato
data/Laboro-Tomato/train/images/IMG_20191215_112426.jpg,243.50,296.17,303.44,356.10,tomato
data/Laboro-Tomato/train/images/IMG_20191215_112426.jpg,184.46,316.73,238.31,372.83,tomato
data/Laboro-Tomato/train/images/IMG_20191215_112426.jpg,205.05,365.11,248.02,411.06,tomato
data/Laboro-Tomato/train/images/IMG_20191215_112426.jpg,237.14,375.76,290.99,432.32,tomato
data/Laboro-Tomato/train/images/IMG_20191215_112426.jpg,232.87,407.46,256.41,433.26,tomato
data/Laboro-Tomato/train/images/IMG_20191215_112426.jpg,260.92,416.94,293.94,450.40,tomato
data/Laboro-Tomato/train/images/IMG_20191215_112426.jpg,245.15,461.20,261.39,479.18,tomato
data/Laboro-Tomato/train/images/IMG_20191215_112426.jpg,109.48,461.72,129.84,484.98,tomato
data/Laboro-Tomato/train/images/IMG_20191215_112426.jpg,122.96,475.58,143.17,497.64,tomato
data/Laboro-Tomato/train/images/IMG_20191215_112426.jpg,300.57,339.89,328.27,365.22,tomato
data/Laboro-Tomato/train/images/IMG_20191215_112426.jpg,367.08,350.69,394.62,382.49,tomato
data/Laboro-Tomato/train/images/IMG_20191215_112426.jpg,359.75,308.94,385.40,333.59,tomato
data/Laboro-Tomato/train/images/IMG_20191215_112426.jpg,282.75,345.40,302.10,361.98,tomato
data/Laboro-Tomato/train/images/IMG_20191215_112426.jpg,279.32,363.82,298.31,381.79,tomato
data/Laboro-Tomato/train/images/IMG_20191215_112426.jpg,359.21,370.89,377.16,387.98,tomato
data/Laboro-Tomato/train/images/IMG_20191215_112426.jpg,331.67,335.30,346.04,352.91,tomato
data/Laboro-Tomato/train/images/IMG_20191215_112426.jpg,301.93,360.42,323.64,380.42,tomato
data/Laboro-Tomato/train/images/IMG_20191215_112428.jpg,387.82,66.77,452.98,142.09,tomato
data/Laboro-Tomato/train/images/IMG_20191215_112428.jpg,303.00,85.29,369.04,157.45,tomato
data/Laboro-Tomato/train/images/IMG_20191215_112428.jpg,231.94,85.75,300.94,155.22,tomato
data/Laboro-Tomato/train/images/IMG_20191215_112428.jpg,241.46,152.47,305.95,213.34,tomato
data/Laboro-Tomato/train/images/IMG_20191215_112428.jpg,160.71,169.46,228.11,245.25,tomato
data/Laboro-Tomato/train/images/IMG_20191215_112428.jpg,295.32,196.84,347.34,249.78,tomato
data/Laboro-Tomato/train/images/IMG_20191215_112428.jpg,336.68,151.36,383.30,209.48,tomato
data/Laboro-Tomato/train/images/IMG_20191215_112428.jpg,182.46,264.78,245.21,331.86,tomato
data/Laboro-Tomato/train/images/IMG_20191215_112428.jpg,283.94,281.33,332.15,328.36,tomato
data/Laboro-Tomato/train/images/IMG_20191215_112428.jpg,180.68,311.60,229.28,355.06,tomato
data/Laboro-Tomato/train/images/IMG_20191215_112428.jpg,236.91,322.61,272.73,357.63,tomato
data/Laboro-Tomato/train/images/IMG_20191215_112428.jpg,209.60,336.78,252.10,383.04,tomato
data/Laboro-Tomato/train/images/IMG_20191215_112428.jpg,226.99,370.01,259.81,403.37,tomato
data/Laboro-Tomato/train/images/IMG_20191215_112428.jpg,240.33,392.59,269.93,420.98,tomato
data/Laboro-Tomato/train/images/IMG_20191215_112428.jpg,388.23,392.26,412.47,416.96,tomato
data/Laboro-Tomato/train/images/IMG_20191215_112428.jpg,405.64,401.45,426.15,422.58,tomato
data/Laboro-Tomato/train/images/IMG_20191215_112428.jpg,377.66,409.79,398.95,429.27,tomato
data/Laboro-Tomato/train/images/IMG_20191215_112428.jpg,383.18,417.97,405.64,443.25,tomato
data/Laboro-Tomato/train/images/IMG_20191215_112429.jpg,272.23,166.72,340.76,235.25,tomato
data/Laboro-Tomato/train/images/IMG_20191215_112429.jpg,192.60,178.04,265.68,250.87,tomato
data/Laboro-Tomato/train/images/IMG_20191215_112429.jpg,281.51,228.96,362.71,307.90,tomato
data/Laboro-Tomato/train/images/IMG_20191215_112429.jpg,206.61,244.81,275.61,300.23,tomato
data/Laboro-Tomato/train/images/IMG_20191215_112429.jpg,206.18,284.85,280.15,361.31,tomato
data/Laboro-Tomato/train/images/IMG_20191215_112429.jpg,281.94,288.68,340.99,341.41,tomato
data/Laboro-Tomato/train/images/IMG_20191215_112429.jpg,218.15,352.03,280.15,413.57,tomato
data/Laboro-Tomato/train/images/IMG_20191215_112429.jpg,271.33,346.59,322.23,403.16,tomato
data/Laboro-Tomato/train/images/IMG_20191215_112429.jpg,288.06,378.94,352.98,446.13,tomato
data/Laboro-Tomato/train/images/IMG_20191215_112429.jpg,262.24,412.17,316.55,475.99,tomato
data/Laboro-Tomato/train/images/IMG_20191215_112429.jpg,65.21,9.30,107.75,74.00,tomato
data/Laboro-Tomato/train/images/IMG_20191215_112429.jpg,65.21,81.20,107.75,138.44,tomato
data/Laboro-Tomato/train/images/IMG_20191215_112431.jpg,115.70,0.23,168.85,51.15,tomato
data/Laboro-Tomato/train/images/IMG_20191215_112431.jpg,99.60,0.21,124.27,45.89,tomato
data/Laboro-Tomato/train/images/IMG_20191215_112431.jpg,65.00,0.03,105.71,26.70,tomato
data/Laboro-Tomato/train/images/IMG_20191215_112431.jpg,263.64,69.90,322.46,146.83,tomato
data/Laboro-Tomato/train/images/IMG_20191215_112431.jpg,184.44,112.90,254.34,185.99,tomato
data/Laboro-Tomato/train/images/IMG_20191215_112431.jpg,236.72,156.51,315.66,239.34,tomato
data/Laboro-Tomato/train/images/IMG_20191215_112431.jpg,178.11,218.10,261.60,299.07,tomato
data/Laboro-Tomato/train/images/IMG_20191215_112431.jpg,253.21,247.27,326.05,319.42,tomato
data/Laboro-Tomato/train/images/IMG_20191215_112431.jpg,66.57,277.57,103.21,311.50,tomato
data/Laboro-Tomato/train/images/IMG_20191215_112431.jpg,74.07,292.72,108.22,319.87,tomato
data/Laboro-Tomato/train/images/IMG_20191215_112431.jpg,184.91,307.46,250.30,375.78,tomato
data/Laboro-Tomato/train/images/IMG_20191215_112431.jpg,242.58,375.99,288.97,426.91,tomato
data/Laboro-Tomato/train/images/IMG_20191215_112431.jpg,193.94,386.17,252.30,449.26,tomato
data/Laboro-Tomato/train/images/IMG_20191215_112433.jpg,150.96,102.72,197.77,150.69,tomato
data/Laboro-Tomato/train/images/IMG_20191215_112433.jpg,229.24,98.42,286.70,158.61,tomato
data/Laboro-Tomato/train/images/IMG_20191215_112433.jpg,227.22,150.45,286.93,228.72,tomato
data/Laboro-Tomato/train/images/IMG_20191215_112433.jpg,96.66,138.90,176.54,218.52,tomato
data/Laboro-Tomato/train/images/IMG_20191215_112433.jpg,344.16,196.58,450.02,298.63,tomato
data/Laboro-Tomato/train/images/IMG_20191215_112433.jpg,106.18,224.19,164.53,288.22,tomato
data/Laboro-Tomato/train/images/IMG_20191215_112433.jpg,301.19,231.00,372.01,310.62,tomato
data/Laboro-Tomato/train/images/IMG_20191215_112433.jpg,175.84,252.27,234.19,312.87,tomato
data/Laboro-Tomato/train/images/IMG_20191215_112433.jpg,222.67,263.56,303.44,343.43,tomato
data/Laboro-Tomato/train/images/IMG_20191215_112433.jpg,284.23,282.80,348.49,350.92,tomato
data/Laboro-Tomato/train/images/IMG_20191215_112433.jpg,123.82,294.77,182.40,352.21,tomato
data/Laboro-Tomato/train/images/IMG_20191215_112433.jpg,225.18,338.44,291.69,399.51,tomato
data/Laboro-Tomato/train/images/IMG_20191215_112433.jpg,302.53,344.78,364.30,412.22,tomato
data/Laboro-Tomato/train/images/IMG_20191215_112433.jpg,80.83,363.77,104.57,392.72,tomato
data/Laboro-Tomato/train/images/IMG_20191215_112433.jpg,70.65,390.73,105.27,425.33,tomato
data/Laboro-Tomato/train/images/IMG_20191215_112440.jpg,160.26,25.56,231.98,102.49,tomato
data/Laboro-Tomato/train/images/IMG_20191215_112440.jpg,174.96,107.02,242.37,173.74,tomato
data/Laboro-Tomato/train/images/IMG_20191215_112440.jpg,246.22,114.22,309.58,159.70,tomato
data/Laboro-Tomato/train/images/IMG_20191215_112440.jpg,185.14,179.88,211.83,210.18,tomato
data/Laboro-Tomato/train/images/IMG_20191215_112440.jpg,145.54,217.87,191.22,258.59,tomato
data/Laboro-Tomato/train/images/IMG_20191215_112440.jpg,156.16,227.58,216.34,294.98,tomato
data/Laboro-Tomato/train/images/IMG_20191215_112440.jpg,274.50,254.96,337.40,315.15,tomato
data/Laboro-Tomato/train/images/IMG_20191215_112440.jpg,181.28,293.45,222.46,342.76,tomato
data/Laboro-Tomato/train/images/IMG_20191215_112440.jpg,133.32,294.09,188.52,345.22,tomato
data/Laboro-Tomato/train/images/IMG_20191215_112440.jpg,194.62,335.97,239.18,381.66,tomato
data/Laboro-Tomato/train/images/IMG_20191215_112440.jpg,231.04,342.71,294.84,402.90,tomato
data/Laboro-Tomato/train/images/IMG_20191215_112440.jpg,166.36,367.39,217.25,418.73,tomato
data/Laboro-Tomato/train/images/IMG_20191215_112440.jpg,226.73,396.11,273.12,447.71,tomato
data/Laboro-Tomato/train/images/IMG_20191215_112440.jpg,269.72,397.02,291.44,440.90,tomato
data/Laboro-Tomato/train/images/IMG_20191215_112440.jpg,214.32,428.23,251.89,470.08,tomato
data/Laboro-Tomato/train/images/IMG_20191215_112440.jpg,252.55,440.02,279.01,471.66,tomato
data/Laboro-Tomato/train/images/IMG_20191215_112440.jpg,213.85,382.80,241.01,423.72,tomato
data/Laboro-Tomato/train/images/IMG_20191215_112443.jpg,289.20,116.76,339.86,169.90,tomato
data/Laboro-Tomato/train/images/IMG_20191215_112443.jpg,221.08,112.20,286.70,182.34,tomato
data/Laboro-Tomato/train/images/IMG_20191215_112443.jpg,225.86,179.64,296.68,252.47,tomato
data/Laboro-Tomato/train/images/IMG_20191215_112443.jpg,293.48,218.54,344.84,259.47,tomato
data/Laboro-Tomato/train/images/IMG_20191215_112443.jpg,225.86,240.02,286.27,297.25,tomato
data/Laboro-Tomato/train/images/IMG_20191215_112443.jpg,295.09,246.15,365.21,310.18,tomato
data/Laboro-Tomato/train/images/IMG_20191215_112443.jpg,231.43,287.54,277.98,327.43,tomato
data/Laboro-Tomato/train/images/IMG_20191215_112443.jpg,270.94,301.24,304.12,326.57,tomato
data/Laboro-Tomato/train/images/IMG_20191215_112443.jpg,272.69,311.34,318.69,358.74,tomato
data/Laboro-Tomato/train/images/IMG_20191215_112443.jpg,229.57,307.59,256.61,330.17,tomato
data/Laboro-Tomato/train/images/IMG_20191215_112443.jpg,162.49,274.05,208.69,317.51,tomato
data/Laboro-Tomato/train/images/IMG_20191215_112443.jpg,121.78,306.06,170.69,357.19,tomato
data/Laboro-Tomato/train/images/IMG_20191215_112443.jpg,147.77,330.51,190.54,378.22,tomato
data/Laboro-Tomato/train/images/IMG_20191215_112443.jpg,198.47,365.55,231.45,400.47,tomato
data/Laboro-Tomato/train/images/IMG_20191215_112443.jpg,159.56,379.75,189.71,411.45,tomato
data/Laboro-Tomato/train/images/IMG_20191215_112450.jpg,214.24,51.18,276.29,133.44,tomato
data/Laboro-Tomato/train/images/IMG_20191215_112450.jpg,131.45,7.90,234.44,117.66,tomato
data/Laboro-Tomato/train/images/IMG_20191215_112450.jpg,187.01,206.32,249.05,249.62,tomato
data/Laboro-Tomato/train/images/IMG_20191215_112450.jpg,168.90,149.81,248.20,228.54,tomato
data/Laboro-Tomato/train/images/IMG_20191215_112450.jpg,155.71,290.86,205.44,326.29,tomato
data/Laboro-Tomato/train/images/IMG_20191215_112450.jpg,153.07,230.30,219.51,295.57,tomato
data/Laboro-Tomato/train/images/IMG_20191215_112450.jpg,226.52,227.97,301.15,304.95,tomato
data/Laboro-Tomato/train/images/IMG_20191215_112450.jpg,240.87,296.71,331.01,386.84,tomato
data/Laboro-Tomato/train/images/IMG_20191215_112450.jpg,98.08,465.89,137.59,517.69,tomato
data/Laboro-Tomato/train/images/IMG_20191215_112450.jpg,121.47,486.64,146.06,517.35,tomato
data/Laboro-Tomato/train/images/IMG_20191215_112450.jpg,65.60,453.30,84.91,503.03,tomato
data/Laboro-Tomato/train/images/IMG_20191215_112452.jpg,195.09,176.90,234.91,217.40,tomato
data/Laboro-Tomato/train/images/IMG_20191215_112452.jpg,262.47,170.55,314.07,221.68,tomato
data/Laboro-Tomato/train/images/IMG_20191215_112452.jpg,211.39,210.88,259.79,255.43,tomato
data/Laboro-Tomato/train/images/IMG_20191215_112452.jpg,227.90,263.33,279.02,320.56,tomato
data/Laboro-Tomato/train/images/IMG_20191215_112452.jpg,198.94,293.45,238.76,339.34,tomato
data/Laboro-Tomato/train/images/IMG_20191215_112452.jpg,240.33,318.98,289.44,369.64,tomato
data/Laboro-Tomato/train/images/IMG_20191215_112452.jpg,224.48,355.40,262.71,398.81,tomato
data/Laboro-Tomato/train/images/IMG_20191215_112452.jpg,277.66,270.37,298.02,285.96,tomato
data/Laboro-Tomato/train/images/IMG_20191215_112455.jpg,65.00,163.82,162.51,255.66,tomato
data/Laboro-Tomato/train/images/IMG_20191215_112455.jpg,170.65,138.93,243.96,211.76,tomato
data/Laboro-Tomato/train/images/IMG_20191215_112455.jpg,160.03,210.85,244.41,292.95,tomato
data/Laboro-Tomato/train/images/IMG_20191215_112455.jpg,253.44,195.88,344.62,283.68,tomato
data/Laboro-Tomato/train/images/IMG_20191215_112455.jpg,217.02,268.97,314.77,346.10,tomato
data/Laboro-Tomato/train/images/IMG_20191215_112500.jpg,426.52,225.30,453.21,272.60,tomato
data/Laboro-Tomato/train/images/IMG_20191215_112500.jpg,202.98,123.98,304.57,223.28,tomato
data/Laboro-Tomato/train/images/IMG_20191215_112500.jpg,276.97,183.01,392.82,297.69,tomato
data/Laboro-Tomato/train/images/IMG_20191215_112500.jpg,203.46,232.12,279.92,309.71,tomato
data/Laboro-Tomato/train/images/IMG_20191215_112500.jpg,272.21,287.08,350.49,367.37,tomato
data/Laboro-Tomato/train/images/IMG_20191215_112500.jpg,236.48,385.06,299.81,452.45,tomato
data/Laboro-Tomato/train/images/IMG_20191215_112500.jpg,192.12,428.52,241.22,478.71,tomato
data/Laboro-Tomato/train/images/IMG_20191215_112504.jpg,161.41,57.63,265.49,163.87,tomato
data/Laboro-Tomato/train/images/IMG_20191215_112504.jpg,275.51,151.05,354.18,227.19,tomato
data/Laboro-Tomato/train/images/IMG_20191215_112504.jpg,192.29,234.68,260.71,305.49,tomato
data/Laboro-Tomato/train/images/IMG_20191215_112504.jpg,264.61,246.00,326.38,307.74,tomato
data/Laboro-Tomato/train/images/IMG_20191215_112504.jpg,204.59,306.53,264.96,369.67,tomato
data/Laboro-Tomato/train/images/IMG_20191215_112504.jpg,266.01,343.33,322.11,401.14,tomato
data/Laboro-Tomato/train/images/IMG_20191215_112504.jpg,191.46,319.24,212.12,358.20,tomato
data/Laboro-Tomato/train/images/IMG_20191215_112504.jpg,147.69,351.64,190.54,395.83,tomato
data/Laboro-Tomato/train/images/IMG_20191215_112504.jpg,190.08,379.64,230.44,423.36,tomato
data/Laboro-Tomato/train/images/IMG_20191215_112504.jpg,175.47,409.40,213.12,450.79,tomato
data/Laboro-Tomato/train/images/IMG_20191215_112504.jpg,139.88,408.47,174.42,445.09,tomato
data/Laboro-Tomato/train/images/IMG_20191215_112504.jpg,161.46,447.01,196.27,485.29,tomato
data/Laboro-Tomato/train/images/IMG_20191215_112504.jpg,235.24,395.03,293.44,458.43,tomato
data/Laboro-Tomato/train/images/IMG_20191215_112504.jpg,230.03,408.75,244.80,449.88,tomato
data/Laboro-Tomato/train/images/IMG_20191215_112504.jpg,264.30,433.72,301.83,472.26,tomato
data/Laboro-Tomato/train/images/IMG_20191215_112504.jpg,65.00,141.62,92.04,177.05,tomato
data/Laboro-Tomato/train/images/IMG_20191215_112504.jpg,64.98,260.01,93.69,289.90,tomato
data/Laboro-Tomato/train/images/IMG_20191215_112504.jpg,65.16,295.99,90.87,321.57,tomato
data/Laboro-Tomato/train/images/IMG_20191215_112504.jpg,65.16,184.56,82.25,218.65,tomato
data/Laboro-Tomato/train/images/IMG_20191215_112504.jpg,75.92,276.82,95.73,293.81,tomato
data/Laboro-Tomato/train/images/IMG_20191215_112504.jpg,65.02,111.11,83.63,139.81,tomato
data/Laboro-Tomato/train/images/IMG_20191215_112506.jpg,207.54,156.80,307.31,248.17,tomato
data/Laboro-Tomato/train/images/IMG_20191215_112506.jpg,113.17,187.33,193.05,260.63,tomato
data/Laboro-Tomato/train/images/IMG_20191215_112506.jpg,188.27,247.94,260.45,312.64,tomato
data/Laboro-Tomato/train/images/IMG_20191215_112506.jpg,119.08,266.46,195.54,341.36,tomato
data/Laboro-Tomato/train/images/IMG_20191215_112506.jpg,184.42,292.72,215.66,329.60,tomato
data/Laboro-Tomato/train/images/IMG_20191215_112506.jpg,217.06,363.33,265.47,414.30,tomato
data/Laboro-Tomato/train/images/IMG_20191215_112506.jpg,189.53,406.09,234.17,454.31,tomato
data/Laboro-Tomato/train/images/IMG_20191215_112506.jpg,228.03,412.92,247.03,445.92,tomato
data/Laboro-Tomato/train/images/IMG_20191215_112506.jpg,308.74,223.67,366.17,276.40,tomato
data/Laboro-Tomato/train/images/IMG_20191215_112506.jpg,316.59,278.55,379.14,342.32,tomato
data/Laboro-Tomato/train/images/IMG_20191215_112506.jpg,362.65,332.84,403.17,372.78,tomato
data/Laboro-Tomato/train/images/IMG_20191215_112506.jpg,322.30,342.11,370.09,389.30,tomato
data/Laboro-Tomato/train/images/IMG_20191215_112506.jpg,357.31,366.67,393.90,396.97,tomato
data/Laboro-Tomato/train/images/IMG_20191215_112506.jpg,392.95,371.20,433.47,412.12,tomato
data/Laboro-Tomato/train/images/IMG_20191215_112506.jpg,353.97,395.03,401.98,445.17,tomato
data/Laboro-Tomato/train/images/IMG_20191215_112508.jpg,390.08,1.11,453.21,83.22,tomato
data/Laboro-Tomato/train/images/IMG_20191215_112508.jpg,248.14,40.92,320.32,128.67,tomato
data/Laboro-Tomato/train/images/IMG_20191215_112508.jpg,188.14,80.24,280.40,173.89,tomato
data/Laboro-Tomato/train/images/IMG_20191215_112508.jpg,243.03,130.25,315.41,207.17,tomato
data/Laboro-Tomato/train/images/IMG_20191215_112508.jpg,211.17,202.82,266.46,264.00,tomato
data/Laboro-Tomato/train/images/IMG_20191215_112508.jpg,277.86,232.53,340.41,298.21,tomato
data/Laboro-Tomato/train/images/IMG_20191215_112508.jpg,246.00,337.61,299.69,396.40,tomato
data/Laboro-Tomato/train/images/IMG_20191215_112508.jpg,302.26,376.35,358.90,439.08,tomato
data/Laboro-Tomato/train/images/IMG_20191215_112508.jpg,278.25,431.78,329.61,489.23,tomato
data/Laboro-Tomato/train/images/IMG_20191215_112508.jpg,242.86,427.30,277.66,473.71,tomato
data/Laboro-Tomato/train/images/IMG_20191215_112508.jpg,72.46,355.87,118.69,400.72,tomato
data/Laboro-Tomato/train/images/IMG_20191215_112508.jpg,107.07,342.89,149.19,380.65,tomato
data/Laboro-Tomato/train/images/IMG_20191215_112508.jpg,103.17,300.41,147.03,347.60,tomato
data/Laboro-Tomato/train/images/IMG_20191215_112508.jpg,72.87,296.24,126.75,341.31,tomato
data/Laboro-Tomato/train/images/IMG_20191215_112508.jpg,97.05,243.56,145.85,288.22,tomato
data/Laboro-Tomato/train/images/IMG_20191215_112509.jpg,233.34,200.67,294.41,263.35,tomato
data/Laboro-Tomato/train/images/IMG_20191215_112509.jpg,198.94,277.16,271.78,352.94,tomato
data/Laboro-Tomato/train/images/IMG_20191215_112509.jpg,252.55,293.68,296.88,356.10,tomato
data/Laboro-Tomato/train/images/IMG_20191215_112509.jpg,222.25,348.64,279.70,408.57,tomato
data/Laboro-Tomato/train/images/IMG_20191215_112509.jpg,181.32,384.23,238.12,446.65,tomato
data/Laboro-Tomato/train/images/IMG_20191215_112509.jpg,233.32,407.12,285.65,463.74,tomato
data/Laboro-Tomato/train/images/IMG_20191215_112511.jpg,248.72,234.16,322.46,306.11,tomato
data/Laboro-Tomato/train/images/IMG_20191215_112511.jpg,197.81,302.95,260.71,397.28,tomato
data/Laboro-Tomato/train/images/IMG_20191215_112511.jpg,213.19,312.43,288.99,384.59,tomato
data/Laboro-Tomato/train/images/IMG_20191215_112511.jpg,255.71,321.47,314.30,396.37,tomato
data/Laboro-Tomato/train/images/IMG_20191215_112511.jpg,256.18,390.68,314.77,448.59,tomato
data/Laboro-Tomato/train/images/IMG_20191215_112511.jpg,205.03,402.25,274.69,479.38,tomato
data/Laboro-Tomato/train/images/IMG_20191215_112511.jpg,78.19,384.95,99.44,403.65,tomato
data/Laboro-Tomato/train/images/IMG_20191215_112511.jpg,72.28,406.84,93.15,428.08,tomato
data/Laboro-Tomato/train/images/IMG_20191215_112511.jpg,65.19,410.36,82.52,432.01,tomato
data/Laboro-Tomato/train/images/IMG_20191215_112511.jpg,65.60,393.86,81.72,410.18,tomato
data/Laboro-Tomato/train/images/IMG_20191215_112511.jpg,351.64,18.54,383.96,53.25,tomato
data/Laboro-Tomato/train/images/IMG_20191215_112511.jpg,346.53,61.02,369.25,82.57,tomato
data/Laboro-Tomato/train/images/IMG_20191215_112515.jpg,196.20,0.03,252.30,15.62,tomato
data/Laboro-Tomato/train/images/IMG_20191215_112515.jpg,257.75,47.06,335.80,126.47,tomato
data/Laboro-Tomato/train/images/IMG_20191215_112515.jpg,174.29,85.96,250.28,162.68,tomato
data/Laboro-Tomato/train/images/IMG_20191215_112515.jpg,236.93,148.20,297.11,212.22,tomato
data/Laboro-Tomato/train/images/IMG_20191215_112515.jpg,240.99,209.69,294.84,267.39,tomato
data/Laboro-Tomato/train/images/IMG_20191215_112515.jpg,184.02,187.98,243.50,248.17,tomato
data/Laboro-Tomato/train/images/IMG_20191215_112515.jpg,101.40,291.82,140.33,330.72,tomato
data/Laboro-Tomato/train/images/IMG_20191215_112515.jpg,70.44,306.09,114.11,344.31,tomato
data/Laboro-Tomato/train/images/IMG_20191215_112515.jpg,64.98,329.40,95.09,375.08,tomato
data/Laboro-Tomato/train/images/IMG_20191215_112515.jpg,86.95,370.11,133.57,413.31,tomato
data/Laboro-Tomato/train/images/IMG_20191215_112515.jpg,199.40,320.12,253.91,376.90,tomato
data/Laboro-Tomato/train/images/IMG_20191215_112515.jpg,253.21,349.29,295.75,393.63,tomato
data/Laboro-Tomato/train/images/IMG_20191215_112515.jpg,220.87,392.95,261.58,438.23,tomato
data/Laboro-Tomato/train/images/IMG_20191215_112523.jpg,197.58,13.34,305.93,129.84,tomato
data/Laboro-Tomato/train/images/IMG_20191215_112523.jpg,227.66,120.15,312.28,205.88,tomato
data/Laboro-Tomato/train/images/IMG_20191215_112523.jpg,289.18,160.61,367.23,233.90,tomato
data/Laboro-Tomato/train/images/IMG_20191215_112523.jpg,179.47,198.89,247.34,267.94,tomato
data/Laboro-Tomato/train/images/IMG_20191215_112523.jpg,143.90,255.94,221.99,331.68,tomato
data/Laboro-Tomato/train/images/IMG_20191215_112523.jpg,222.75,247.66,290.62,317.69,tomato
data/Laboro-Tomato/train/images/IMG_20191215_112523.jpg,274.71,291.94,359.09,371.82,tomato
data/Laboro-Tomato/train/images/IMG_20191215_112523.jpg,230.05,316.91,283.16,380.63,tomato
data/Laboro-Tomato/train/images/IMG_20191215_112523.jpg,170.03,363.87,221.35,424.94,tomato
data/Laboro-Tomato/train/images/IMG_20191215_112523.jpg,202.00,367.60,272.67,443.38,tomato
data/Laboro-Tomato/train/images/IMG_20191215_112523.jpg,265.82,349.29,326.19,409.17,tomato
data/Laboro-Tomato/train/images/IMG_20191215_112523.jpg,276.09,400.65,335.96,460.17,tomato
data/Laboro-Tomato/train/images/IMG_20191215_112523.jpg,192.80,424.42,239.15,470.27,tomato
data/Laboro-Tomato/train/images/IMG_20191215_112523.jpg,234.50,419.76,279.34,466.12,tomato
data/Laboro-Tomato/train/images/IMG_20191215_112527.jpg,173.78,346.83,242.23,416.29,tomato
data/Laboro-Tomato/train/images/IMG_20191215_112527.jpg,199.96,263.43,278.44,349.57,tomato
data/Laboro-Tomato/train/images/IMG_20191215_112527.jpg,102.96,249.05,202.10,342.71,tomato
data/Laboro-Tomato/train/images/IMG_20191215_112529.jpg,210.01,188.01,308.88,291.87,tomato
data/Laboro-Tomato/train/images/IMG_20191215_112529.jpg,190.12,223.08,255.50,299.07,tomato
data/Laboro-Tomato/train/images/IMG_20191215_112529.jpg,95.56,170.81,207.09,281.20,tomato
data/Laboro-Tomato/train/images/IMG_20191215_112529.jpg,272.93,230.28,329.02,310.83,tomato
data/Laboro-Tomato/train/images/IMG_20191215_112529.jpg,143.26,276.90,193.03,329.16,tomato
data/Laboro-Tomato/train/images/IMG_20191215_112529.jpg,92.62,286.61,184.46,372.80,tomato
data/Laboro-Tomato/train/images/IMG_20191215_112533.jpg,164.30,71.48,218.61,127.84,tomato
data/Laboro-Tomato/train/images/IMG_20191215_112533.jpg,174.50,137.97,206.16,183.92,tomato
data/Laboro-Tomato/train/images/IMG_20191215_112533.jpg,278.09,157.03,336.91,219.45,tomato
data/Laboro-Tomato/train/images/IMG_20191215_112533.jpg,316.81,189.82,366.34,235.97,tomato
data/Laboro-Tomato/train/images/IMG_20191215_112533.jpg,260.92,211.55,317.72,273.30,tomato
data/Laboro-Tomato/train/images/IMG_20191215_112533.jpg,224.50,230.51,286.70,293.40,tomato
data/Laboro-Tomato/train/images/IMG_20191215_112533.jpg,325.37,208.57,389.16,274.20,tomato
data/Laboro-Tomato/train/images/IMG_20191215_112533.jpg,343.34,268.95,380.52,282.31,tomato
data/Laboro-Tomato/train/images/IMG_20191215_112533.jpg,365.41,265.40,387.82,285.65,tomato
data/Laboro-Tomato/train/images/IMG_20191215_112533.jpg,373.64,279.93,399.40,304.89,tomato
data/Laboro-Tomato/train/images/IMG_20191215_112533.jpg,256.39,286.61,312.84,348.36,tomato
data/Laboro-Tomato/train/images/IMG_20191215_112533.jpg,290.64,346.05,339.44,395.42,tomato
data/Laboro-Tomato/train/images/IMG_20191215_112533.jpg,262.12,378.50,300.28,421.19,tomato
data/Laboro-Tomato/train/images/IMG_20191215_112535.jpg,125.18,157.94,175.84,208.60,tomato
data/Laboro-Tomato/train/images/IMG_20191215_112535.jpg,171.10,171.69,214.30,215.57,tomato
data/Laboro-Tomato/train/images/IMG_20191215_112535.jpg,141.46,205.85,192.58,252.89,tomato
data/Laboro-Tomato/train/images/IMG_20191215_112535.jpg,198.24,222.14,243.26,267.37,tomato
data/Laboro-Tomato/train/images/IMG_20191215_112535.jpg,160.92,289.33,201.17,330.72,tomato
data/Laboro-Tomato/train/images/IMG_20191215_112535.jpg,133.55,364.67,160.47,390.47,tomato
data/Laboro-Tomato/train/images/IMG_20191215_112535.jpg,155.27,372.60,182.19,399.53,tomato
data/Laboro-Tomato/train/images/IMG_20191215_112535.jpg,174.96,339.11,204.14,369.41,tomato
data/Laboro-Tomato/train/images/IMG_20191215_112535.jpg,200.28,336.42,227.86,369.20,tomato
data/Laboro-Tomato/train/images/IMG_20191215_112535.jpg,193.71,369.20,219.74,395.67,tomato
data/Laboro-Tomato/train/images/IMG_20191215_112535.jpg,254.59,239.37,296.00,283.71,tomato
data/Laboro-Tomato/train/images/IMG_20191215_112535.jpg,281.96,266.95,320.85,302.23,tomato
data/Laboro-Tomato/train/images/IMG_20191215_112535.jpg,308.88,227.14,368.83,286.40,tomato
data/Laboro-Tomato/train/images/IMG_20191215_112535.jpg,314.32,158.15,371.31,216.06,tomato
data/Laboro-Tomato/train/images/IMG_20191215_112535.jpg,334.66,53.85,395.96,119.89,tomato
data/Laboro-Tomato/train/images/IMG_20191215_112539.jpg,295.75,72.18,386.70,166.72,tomato
data/Laboro-Tomato/train/images/IMG_20191215_112539.jpg,202.55,105.18,276.09,183.24,tomato
data/Laboro-Tomato/train/images/IMG_20191215_112539.jpg,184.42,179.64,248.68,245.01,tomato
data/Laboro-Tomato/train/images/IMG_20191215_112539.jpg,236.46,200.00,311.79,275.11,tomato
data/Laboro-Tomato/train/images/IMG_20191215_112539.jpg,289.65,236.65,350.53,297.51,tomato
data/Laboro-Tomato/train/images/IMG_20191215_112539.jpg,222.71,279.33,280.71,338.85,tomato
data/Laboro-Tomato/train/images/IMG_20191215_112539.jpg,200.47,271.46,241.88,319.89,tomato
data/Laboro-Tomato/train/images/IMG_20191215_112539.jpg,194.99,309.30,227.32,335.82,tomato
data/Laboro-Tomato/train/images/IMG_20191215_112539.jpg,268.20,285.50,307.56,338.18,tomato
data/Laboro-Tomato/train/images/IMG_20191215_112539.jpg,244.60,342.63,290.29,390.03,tomato
data/Laboro-Tomato/train/images/IMG_20191215_112539.jpg,214.51,348.80,249.75,385.73,tomato
data/Laboro-Tomato/train/images/IMG_20191215_112539.jpg,225.12,378.04,254.53,406.42,tomato
data/Laboro-Tomato/train/images/IMG_20191215_112539.jpg,241.17,385.03,277.10,420.98,tomato
data/Laboro-Tomato/train/images/IMG_20191215_112539.jpg,363.68,482.72,391.88,514.53,tomato
data/Laboro-Tomato/train/images/IMG_20191215_112539.jpg,384.89,487.36,402.84,515.90,tomato
data/Laboro-Tomato/train/images/IMG_20191215_112539.jpg,348.10,491.45,368.46,516.26,tomato
data/Laboro-Tomato/train/images/IMG_20191215_112541.jpg,195.52,306.68,245.98,358.53,tomato
data/Laboro-Tomato/train/images/IMG_20191215_112541.jpg,192.62,242.06,262.09,314.27,tomato
data/Laboro-Tomato/train/images/IMG_20191215_112541.jpg,205.42,176.72,271.82,250.43,tomato
data/Laboro-Tomato/train/images/IMG_20191215_112541.jpg,265.82,170.37,356.80,259.47,tomato
data/Laboro-Tomato/train/images/IMG_20191215_112542.jpg,224.03,93.42,293.92,172.62,tomato
data/Laboro-Tomato/train/images/IMG_20191215_112542.jpg,351.40,226.70,407.27,280.52,tomato
data/Laboro-Tomato/train/images/IMG_20191215_112542.jpg,276.09,197.69,333.32,253.59,tomato
data/Laboro-Tomato/train/images/IMG_20191215_112542.jpg,175.84,194.33,245.30,266.28,tomato
data/Laboro-Tomato/train/images/IMG_20191215_112542.jpg,190.12,262.21,240.12,312.46,tomato
data/Laboro-Tomato/train/images/IMG_20191215_112542.jpg,244.60,272.16,296.43,324.16,tomato
data/Laboro-Tomato/train/images/IMG_20191215_112542.jpg,65.00,290.44,93.75,334.58,tomato
data/Laboro-Tomato/train/images/IMG_20191215_112542.jpg,80.62,297.28,103.69,333.02,tomato
data/Laboro-Tomato/train/images/IMG_20191215_112542.jpg,80.17,328.28,119.76,365.84,tomato
data/Laboro-Tomato/train/images/IMG_20191215_112542.jpg,65.23,363.53,98.72,401.55,tomato
data/Laboro-Tomato/train/images/IMG_20191215_112542.jpg,93.71,364.23,109.33,394.12,tomato
data/Laboro-Tomato/train/images/IMG_20191215_112542.jpg,189.22,313.31,238.76,363.09,tomato
data/Laboro-Tomato/train/images/IMG_20191215_112542.jpg,135.80,317.38,180.13,362.86,tomato
data/Laboro-Tomato/train/images/IMG_20191215_112542.jpg,136.04,358.79,163.43,382.78,tomato
data/Laboro-Tomato/train/images/IMG_20191215_112542.jpg,173.80,358.35,208.88,396.58,tomato
data/Laboro-Tomato/train/images/IMG_20191215_112542.jpg,209.09,352.24,260.45,405.39,tomato
data/Laboro-Tomato/train/images/IMG_20191215_112542.jpg,283.76,338.46,329.22,381.66,tomato
data/Laboro-Tomato/train/images/IMG_20191215_112542.jpg,324.48,358.82,360.92,397.05,tomato
data/Laboro-Tomato/train/images/IMG_20191215_112542.jpg,263.41,379.59,298.92,416.47,tomato
data/Laboro-Tomato/train/images/IMG_20191215_112542.jpg,310.92,403.81,326.07,421.47,tomato
data/Laboro-Tomato/train/images/IMG_20191215_112543.jpg,265.45,139.39,327.65,206.11,tomato
data/Laboro-Tomato/train/images/IMG_20191215_112543.jpg,198.70,137.35,273.57,214.48,tomato
data/Laboro-Tomato/train/images/IMG_20191215_112543.jpg,282.85,212.20,355.00,281.87,tomato
data/Laboro-Tomato/train/images/IMG_20191215_112543.jpg,219.08,246.33,290.80,320.56,tomato
data/Laboro-Tomato/train/images/IMG_20191215_112543.jpg,196.45,254.05,230.83,312.43,tomato
data/Laboro-Tomato/train/images/IMG_20191215_112543.jpg,304.57,278.24,356.82,331.86,tomato
data/Laboro-Tomato/train/images/IMG_20191215_112543.jpg,274.28,322.14,327.66,377.36,tomato
data/Laboro-Tomato/train/images/IMG_20191215_112543.jpg,236.72,311.27,288.08,361.72,tomato
data/Laboro-Tomato/train/images/IMG_20191215_112543.jpg,212.96,334.39,253.01,372.16,tomato
data/Laboro-Tomato/train/images/IMG_20191215_112543.jpg,222.93,373.71,263.64,416.24,tomato
data/Laboro-Tomato/train/images/IMG_20191215_112543.jpg,195.07,396.79,225.84,428.49,tomato
data/Laboro-Tomato/train/images/IMG_20191215_112543.jpg,197.79,371.72,225.61,400.21,tomato
data/Laboro-Tomato/train/images/IMG_20191215_112544.jpg,151.21,132.12,248.02,225.30,tomato
data/Laboro-Tomato/train/images/IMG_20191215_112544.jpg,255.73,100.67,356.16,206.09,tomato
data/Laboro-Tomato/train/images/IMG_20191215_112544.jpg,292.82,197.25,346.20,253.61,tomato
data/Laboro-Tomato/train/images/IMG_20191215_112544.jpg,240.31,204.27,323.33,283.68,tomato
data/Laboro-Tomato/train/images/IMG_20191215_112544.jpg,142.62,252.01,221.33,326.91,tomato
data/Laboro-Tomato/train/images/IMG_20191215_112544.jpg,245.52,290.70,310.90,353.38,tomato
data/Laboro-Tomato/train/images/IMG_20191215_112544.jpg,236.23,348.41,283.98,398.65,tomato
data/Laboro-Tomato/train/images/IMG_20191215_112544.jpg,204.82,323.75,243.05,360.63,tomato
data/Laboro-Tomato/train/images/IMG_20191215_112544.jpg,183.30,321.26,214.53,355.87,tomato
data/Laboro-Tomato/train/images/IMG_20191215_112544.jpg,185.36,352.03,230.81,391.40,tomato
data/Laboro-Tomato/train/images/IMG_20191215_112544.jpg,183.78,378.50,223.37,417.87,tomato
data/Laboro-Tomato/train/images/IMG_20191215_112544.jpg,64.98,319.45,87.16,342.76,tomato
data/Laboro-Tomato/train/images/IMG_20191215_112544.jpg,99.15,335.28,117.72,352.94,tomato
data/Laboro-Tomato/train/images/IMG_20191215_112544.jpg,138.76,385.96,173.37,423.98,tomato
data/Laboro-Tomato/train/images/IMG_20191215_112544.jpg,222.01,374.64,248.94,407.23,tomato
data/Laboro-Tomato/train/images/IMG_20191215_112544.jpg,179.26,421.52,196.35,439.81,tomato
data/Laboro-Tomato/train/images/IMG_20191215_112544.jpg,232.46,409.19,248.04,430.07,tomato
data/Laboro-Tomato/train/images/IMG_20191215_112544.jpg,114.42,401.81,145.73,433.31,tomato
data/Laboro-Tomato/train/images/IMG_20191215_112544.jpg,121.60,423.05,147.09,447.50,tomato
data/Laboro-Tomato/train/images/IMG_20191215_112544.jpg,80.83,290.00,105.03,317.61,tomato
data/Laboro-Tomato/train/images/IMG_20191215_112544.jpg,238.74,268.30,274.25,297.46,tomato
data/Laboro-Tomato/train/images/IMG_20191215_112544.jpg,288.95,284.62,313.62,297.51,tomato
data/Laboro-Tomato/train/images/IMG_20191215_112546.jpg,247.58,0.23,327.88,93.01,tomato
data/Laboro-Tomato/train/images/IMG_20191215_112546.jpg,184.87,58.12,248.24,133.23,tomato
data/Laboro-Tomato/train/images/IMG_20191215_112546.jpg,65.21,35.30,81.49,76.69,tomato
data/Laboro-Tomato/train/images/IMG_20191215_112546.jpg,65.21,85.31,83.98,119.92,tomato
data/Laboro-Tomato/train/images/IMG_20191215_112546.jpg,132.42,98.39,194.86,164.02,tomato
data/Laboro-Tomato/train/images/IMG_20191215_112546.jpg,65.23,117.17,93.75,147.73,tomato
data/Laboro-Tomato/train/images/IMG_20191215_112546.jpg,66.59,142.29,94.88,165.60,tomato
data/Laboro-Tomato/train/images/IMG_20191215_112546.jpg,264.55,129.89,331.96,199.77,tomato
data/Laboro-Tomato/train/images/IMG_20191215_112546.jpg,181.06,146.57,240.78,206.09,tomato
data/Laboro-Tomato/train/images/IMG_20191215_112546.jpg,214.11,175.78,269.74,236.44,tomato
data/Laboro-Tomato/train/images/IMG_20191215_112546.jpg,135.82,169.67,189.67,227.12,tomato
data/Laboro-Tomato/train/images/IMG_20191215_112546.jpg,136.04,212.66,173.14,241.83,tomato
data/Laboro-Tomato/train/images/IMG_20191215_112546.jpg,259.77,196.81,319.72,254.26,tomato
data/Laboro-Tomato/train/images/IMG_20191215_112546.jpg,87.18,197.05,117.49,225.54,tomato
data/Laboro-Tomato/train/images/IMG_20191215_112546.jpg,65.23,183.92,80.85,211.73,tomato
data/Laboro-Tomato/train/images/IMG_20191215_112546.jpg,64.98,211.73,74.27,231.88,tomato
data/Laboro-Tomato/train/images/IMG_20191215_112546.jpg,72.46,225.98,100.74,253.59,tomato
data/Laboro-Tomato/train/images/IMG_20191215_112546.jpg,104.80,235.04,126.29,256.75,tomato
data/Laboro-Tomato/train/images/IMG_20191215_112546.jpg,142.37,235.07,181.96,281.90,tomato
data/Laboro-Tomato/train/images/IMG_20191215_112546.jpg,167.95,242.27,221.57,297.69,tomato
data/Laboro-Tomato/train/images/IMG_20191215_112546.jpg,212.26,230.28,260.01,282.34,tomato
data/Laboro-Tomato/train/images/IMG_20191215_112546.jpg,81.98,253.15,99.38,270.14,tomato
data/Laboro-Tomato/train/images/IMG_20191215_112546.jpg,65.00,279.82,80.15,296.81,tomato
data/Laboro-Tomato/train/images/IMG_20191215_112546.jpg,155.93,280.29,185.80,300.18,tomato
data/Laboro-Tomato/train/images/IMG_20191215_112546.jpg,206.16,290.70,247.77,340.02,tomato
data/Laboro-Tomato/train/images/IMG_20191215_112546.jpg,174.27,301.55,214.32,345.43,tomato
data/Laboro-Tomato/train/images/IMG_20191215_112546.jpg,251.64,277.54,300.74,327.79,tomato
data/Laboro-Tomato/train/images/IMG_20191215_112546.jpg,146.88,316.26,176.29,347.91,tomato
data/Laboro-Tomato/train/images/IMG_20191215_112546.jpg,248.94,328.49,291.48,373.71,tomato
data/Laboro-Tomato/train/images/IMG_20191215_112546.jpg,209.11,366.04,246.68,407.23,tomato
data/Laboro-Tomato/train/images/IMG_20191215_112546.jpg,255.95,394.09,283.76,427.35,tomato
data/Laboro-Tomato/train/images/IMG_20191215_112546.jpg,274.95,474.18,297.79,501.32,tomato
data/Laboro-Tomato/train/images/IMG_20191215_112548.jpg,296.10,37.97,345.01,92.05,tomato
data/Laboro-Tomato/train/images/IMG_20191215_112548.jpg,331.84,67.37,410.36,148.12,tomato
data/Laboro-Tomato/train/images/IMG_20191215_112548.jpg,297.83,157.37,350.51,208.34,tomato
data/Laboro-Tomato/train/images/IMG_20191215_112548.jpg,259.81,171.90,335.61,248.20,tomato
data/Laboro-Tomato/train/images/IMG_20191215_112548.jpg,335.80,177.93,412.77,253.87,tomato
data/Laboro-Tomato/train/images/IMG_20191215_112548.jpg,251.46,235.72,300.37,294.20,tomato
data/Laboro-Tomato/train/images/IMG_20191215_112548.jpg,281.22,242.92,352.90,316.32,tomato
data/Laboro-Tomato/train/images/IMG_20191215_112548.jpg,291.50,306.53,347.59,354.75,tomato
data/Laboro-Tomato/train/images/IMG_20191215_112548.jpg,257.62,311.34,285.82,351.90,tomato
data/Laboro-Tomato/train/images/IMG_20191215_112548.jpg,269.06,315.98,316.81,368.82,tomato
data/Laboro-Tomato/train/images/IMG_20191215_112548.jpg,255.56,343.12,290.45,376.48,tomato
data/Laboro-Tomato/train/images/IMG_20191215_112548.jpg,310.45,348.28,340.91,366.56,tomato
data/Laboro-Tomato/train/images/IMG_20191215_112548.jpg,273.53,368.12,304.34,394.48,tomato
data/Laboro-Tomato/train/images/IMG_20191215_112548.jpg,316.83,369.49,347.59,405.23,tomato
data/Laboro-Tomato/train/images/IMG_20191215_112548.jpg,288.76,376.35,330.68,422.20,tomato
data/Laboro-Tomato/train/images/IMG_20191215_112548.jpg,301.05,418.60,328.09,442.73,tomato
data/Laboro-Tomato/train/images/IMG_20191215_112548.jpg,188.15,425.80,206.10,450.25,tomato
data/Laboro-Tomato/train/images/IMG_20191215_112548.jpg,169.84,420.15,196.37,448.54,tomato
data/Laboro-Tomato/train/images/IMG_20191215_112548.jpg,175.16,383.53,206.28,415.85,tomato
data/Laboro-Tomato/train/images/IMG_20191215_112548.jpg,133.96,321.42,181.51,370.53,tomato
data/Laboro-Tomato/train/images/IMG_20191215_112548.jpg,167.12,321.96,188.83,354.44,tomato
data/Laboro-Tomato/train/images/IMG_20191215_112548.jpg,160.44,351.05,193.81,382.34,tomato
data/Laboro-Tomato/train/images/IMG_20191215_112548.jpg,132.04,256.95,185.77,306.73,tomato
data/Laboro-Tomato/train/images/IMG_20191215_112548.jpg,166.46,263.77,200.84,308.42,tomato
data/Laboro-Tomato/train/images/IMG_20191215_112548.jpg,113.56,232.14,163.52,279.02,tomato
data/Laboro-Tomato/train/images/IMG_20191215_112551.jpg,186.27,52.03,248.47,117.87,tomato
data/Laboro-Tomato/train/images/IMG_20191215_112551.jpg,315.66,94.33,381.94,159.70,tomato
data/Laboro-Tomato/train/images/IMG_20191215_112551.jpg,315.19,149.08,358.40,187.10,tomato
data/Laboro-Tomato/train/images/IMG_20191215_112551.jpg,165.68,114.92,218.40,170.81,tomato
data/Laboro-Tomato/train/images/IMG_20191215_112551.jpg,297.32,182.31,348.92,234.58,tomato
data/Laboro-Tomato/train/images/IMG_20191215_112551.jpg,237.82,160.37,293.26,216.94,tomato
data/Laboro-Tomato/train/images/IMG_20191215_112551.jpg,168.61,162.89,224.25,222.61,tomato
data/Laboro-Tomato/train/images/IMG_20191215_112551.jpg,413.17,209.95,451.40,245.48,tomato
data/Laboro-Tomato/train/images/IMG_20191215_112551.jpg,417.47,241.39,449.36,258.59,tomato
data/Laboro-Tomato/train/images/IMG_20191215_112551.jpg,291.24,218.31,330.60,251.10,tomato
data/Laboro-Tomato/train/images/IMG_20191215_112551.jpg,187.18,211.09,229.92,248.17,tomato
data/Laboro-Tomato/train/images/IMG_20191215_112551.jpg,117.93,191.17,188.52,260.63,tomato
data/Laboro-Tomato/train/images/IMG_20191215_112551.jpg,192.58,247.27,241.22,298.60,tomato
data/Laboro-Tomato/train/images/IMG_20191215_112551.jpg,125.84,254.93,187.14,309.48,tomato
data/Laboro-Tomato/train/images/IMG_20191215_112551.jpg,256.61,254.75,300.28,300.44,tomato
data/Laboro-Tomato/train/images/IMG_20191215_112551.jpg,413.17,276.46,444.18,304.74,tomato
data/Laboro-Tomato/train/images/IMG_20191215_112551.jpg,267.93,299.51,295.09,337.74,tomato
data/Laboro-Tomato/train/images/IMG_20191215_112551.jpg,226.07,293.19,274.01,341.36,tomato
data/Laboro-Tomato/train/images/IMG_20191215_112551.jpg,411.60,299.97,440.54,322.14,tomato
data/Laboro-Tomato/train/images/IMG_20191215_112551.jpg,418.83,318.96,445.28,341.60,tomato
data/Laboro-Tomato/train/images/IMG_20191215_112551.jpg,435.55,344.55,453.19,363.77,tomato
data/Laboro-Tomato/train/images/IMG_20191215_112551.jpg,428.99,349.08,444.84,365.14,tomato
data/Laboro-Tomato/train/images/IMG_20191215_112551.jpg,221.12,344.78,229.70,355.87,tomato
data/Laboro-Tomato/train/images/IMG_20191215_112551.jpg,240.12,351.77,261.13,374.15,tomato
data/Laboro-Tomato/train/images/IMG_20191215_112551.jpg,124.73,337.09,177.22,389.35,tomato
data/Laboro-Tomato/train/images/IMG_20191215_112551.jpg,145.32,373.06,179.47,404.04,tomato
data/Laboro-Tomato/train/images/IMG_20191215_112551.jpg,156.61,389.80,198.02,429.37,tomato
data/Laboro-Tomato/train/images/IMG_20191215_112551.jpg,171.80,402.69,204.59,437.09,tomato
data/Laboro-Tomato/train/images/IMG_20191215_112551.jpg,160.22,425.07,181.28,445.69,tomato
data/Laboro-Tomato/train/images/IMG_20191215_112552.jpg,325.63,0.03,370.19,40.27,tomato
data/Laboro-Tomato/train/images/IMG_20191215_112552.jpg,316.11,32.14,348.00,69.49,tomato
data/Laboro-Tomato/train/images/IMG_20191215_112552.jpg,314.77,61.07,327.43,74.44,tomato
data/Laboro-Tomato/train/images/IMG_20191215_112552.jpg,259.35,46.36,303.91,98.16,tomato
data/Laboro-Tomato/train/images/IMG_20191215_112552.jpg,186.70,61.98,223.33,104.71,tomato
data/Laboro-Tomato/train/images/IMG_20191215_112552.jpg,251.29,87.05,287.73,133.41,tomato
data/Laboro-Tomato/train/images/IMG_20191215_112552.jpg,232.48,103.47,262.94,145.89,tomato
data/Laboro-Tomato/train/images/IMG_20191215_112552.jpg,166.42,103.83,212.61,152.58,tomato
data/Laboro-Tomato/train/images/IMG_20191215_112552.jpg,183.20,137.19,225.97,173.81,tomato
data/Laboro-Tomato/train/images/IMG_20191215_112552.jpg,168.65,156.51,214.49,203.39,tomato
data/Laboro-Tomato/train/images/IMG_20191215_112552.jpg,224.77,144.55,260.16,180.96,tomato
data/Laboro-Tomato/train/images/IMG_20191215_112552.jpg,211.43,174.15,241.34,197.57,tomato
data/Laboro-Tomato/train/images/IMG_20191215_112552.jpg,214.84,185.57,253.15,222.71,tomato
data/Laboro-Tomato/train/images/IMG_20191215_112552.jpg,180.31,200.65,219.47,236.23,tomato
data/Laboro-Tomato/train/images/IMG_20191215_112552.jpg,196.90,215.20,225.80,242.40,tomato
data/Laboro-Tomato/train/images/IMG_20191215_112552.jpg,220.98,219.27,244.60,242.89,tomato
data/Laboro-Tomato/train/images/IMG_20191215_112552.jpg,217.60,238.31,254.04,273.89,tomato
data/Laboro-Tomato/train/images/IMG_20191215_112552.jpg,206.47,243.10,222.91,270.45,tomato
data/Laboro-Tomato/train/images/IMG_20191215_112552.jpg,91.79,205.59,106.67,218.23,tomato
data/Laboro-Tomato/train/images/IMG_20191215_112552.jpg,213.15,269.96,243.81,298.08,tomato
data/Laboro-Tomato/train/images/IMG_20191215_112552.jpg,181.49,279.95,208.26,305.39,tomato
data/Laboro-Tomato/train/images/IMG_20191215_112552.jpg,201.25,295.42,223.70,319.66,tomato
data/Laboro-Tomato/train/images/IMG_20191215_112552.jpg,442.97,466.46,453.38,494.43,tomato
data/Laboro-Tomato/train/images/IMG_20191215_112552.jpg,208.10,376.48,254.53,425.69,tomato
data/Laboro-Tomato/train/images/IMG_20191215_112552.jpg,246.45,377.36,273.68,407.41,tomato
data/Laboro-Tomato/train/images/IMG_20191215_112552.jpg,283.98,400.85,315.64,441.62,tomato
data/Laboro-Tomato/train/images/IMG_20191215_112552.jpg,251.07,401.45,297.19,451.59,tomato
data/Laboro-Tomato/train/images/IMG_20191215_112552.jpg,238.87,449.36,293.77,510.80,tomato
data/Laboro-Tomato/train/images/IMG_20191215_112552.jpg,65.12,308.57,87.42,333.54,tomato
data/Laboro-Tomato/train/images/IMG_20191215_112552.jpg,80.93,293.01,103.54,312.85,tomato
data/Laboro-Tomato/train/images/IMG_20191215_112553.jpg,65.00,0.00,134.46,38.44,tomato
data/Laboro-Tomato/train/images/IMG_20191215_112553.jpg,110.26,6.99,166.59,57.24,tomato
data/Laboro-Tomato/train/images/IMG_20191215_112553.jpg,166.13,18.75,209.79,55.63,tomato
data/Laboro-Tomato/train/images/IMG_20191215_112553.jpg,144.18,29.40,210.69,104.04,tomato
data/Laboro-Tomato/train/images/IMG_20191215_112553.jpg,157.97,103.83,209.33,154.75,tomato
data/Laboro-Tomato/train/images/IMG_20191215_112553.jpg,110.69,128.28,154.12,171.95,tomato
data/Laboro-Tomato/train/images/IMG_20191215_112553.jpg,151.40,155.63,187.38,192.26,tomato
data/Laboro-Tomato/train/images/IMG_20191215_112553.jpg,221.99,271.04,272.89,319.68,tomato
data/Laboro-Tomato/train/images/IMG_20191215_112553.jpg,148.49,278.04,227.90,355.17,tomato
data/Laboro-Tomato/train/images/IMG_20191215_112553.jpg,288.29,296.84,338.76,354.29,tomato
data/Laboro-Tomato/train/images/IMG_20191215_112553.jpg,299.58,351.33,323.12,372.83,tomato
data/Laboro-Tomato/train/images/IMG_20191215_112553.jpg,220.85,312.41,294.16,393.84,tomato
data/Laboro-Tomato/train/images/IMG_20191215_112553.jpg,211.15,388.24,300.51,482.10,tomato
data/Laboro-Tomato/train/images/IMG_20191215_112554.jpg,400.49,13.36,453.21,111.78,tomato
data/Laboro-Tomato/train/images/IMG_20191215_112554.jpg,366.34,80.08,395.52,123.08,tomato
data/Laboro-Tomato/train/images/IMG_20191215_112554.jpg,312.73,79.18,404.14,175.78,tomato
data/Laboro-Tomato/train/images/IMG_20191215_112554.jpg,298.47,156.54,378.54,235.07,tomato
data/Laboro-Tomato/train/images/IMG_20191215_112554.jpg,237.82,177.57,311.13,263.56,tomato
data/Laboro-Tomato/train/images/IMG_20191215_112554.jpg,139.42,215.36,169.29,268.97,tomato
data/Laboro-Tomato/train/images/IMG_20191215_112554.jpg,217.47,252.91,260.01,301.76,tomato
data/Laboro-Tomato/train/images/IMG_20191215_112554.jpg,136.95,279.15,218.61,359.44,tomato
data/Laboro-Tomato/train/images/IMG_20191215_112554.jpg,267.70,248.85,328.34,309.25,tomato
data/Laboro-Tomato/train/images/IMG_20191215_112554.jpg,253.01,292.77,299.83,337.32,tomato
data/Laboro-Tomato/train/images/IMG_20191215_112554.jpg,227.88,326.47,296.22,395.93,tomato
data/Laboro-Tomato/train/images/IMG_20191215_112554.jpg,166.71,347.24,229.26,413.91,tomato
data/Laboro-Tomato/train/images/IMG_20191215_112554.jpg,220.23,365.50,258.57,408.60,tomato
data/Laboro-Tomato/train/images/IMG_20191215_112554.jpg,266.83,362.96,307.54,405.85,tomato
data/Laboro-Tomato/train/images/IMG_20191215_112554.jpg,233.98,404.45,287.09,452.63,tomato
data/Laboro-Tomato/train/images/IMG_20191215_112554.jpg,217.45,426.70,285.51,503.42,tomato
data/Laboro-Tomato/train/images/IMG_20191215_112554.jpg,226.11,489.02,278.64,517.77,tomato
data/Laboro-Tomato/train/images/IMG_20191215_112554.jpg,176.73,463.30,220.01,513.44,tomato
data/Laboro-Tomato/train/images/IMG_20191215_112554.jpg,122.42,403.29,150.08,431.11,tomato
data/Laboro-Tomato/train/images/IMG_20191215_112554.jpg,97.71,423.98,131.98,454.13,tomato
data/Laboro-Tomato/train/images/IMG_20191215_112554.jpg,115.43,438.98,136.64,460.58,tomato
data/Laboro-Tomato/train/images/IMG_20191215_112601.jpg,351.62,349.52,406.59,399.71,tomato
data/Laboro-Tomato/train/images/IMG_20191215_112601.jpg,239.40,238.20,329.45,328.49,tomato
data/Laboro-Tomato/train/images/IMG_20191215_112601.jpg,256.82,319.45,337.59,402.02,tomato
data/Laboro-Tomato/train/images/IMG_20191215_112601.jpg,206.38,383.89,293.24,477.54,tomato
data/Laboro-Tomato/train/images/IMG_20191215_112601.jpg,168.15,310.41,257.27,398.63,tomato
data/Laboro-Tomato/train/images/IMG_20191215_112601.jpg,132.21,231.65,229.02,326.65,tomato
data/Laboro-Tomato/train/images/IMG_20191215_112604.jpg,308.18,77.36,381.49,151.80,tomato
data/Laboro-Tomato/train/images/IMG_20191215_112604.jpg,240.33,131.65,303.66,202.46,tomato
data/Laboro-Tomato/train/images/IMG_20191215_112604.jpg,251.87,197.02,318.85,262.86,tomato
data/Laboro-Tomato/train/images/IMG_20191215_112604.jpg,325.18,238.88,383.53,297.25,tomato
data/Laboro-Tomato/train/images/IMG_20191215_112604.jpg,270.21,247.94,324.05,296.79,tomato
data/Laboro-Tomato/train/images/IMG_20191215_112604.jpg,195.75,260.19,235.80,301.11,tomato
data/Laboro-Tomato/train/images/IMG_20191215_112604.jpg,173.14,291.17,205.27,321.73,tomato
data/Laboro-Tomato/train/images/IMG_20191215_112604.jpg,227.66,301.09,279.02,349.52,tomato
data/Laboro-Tomato/train/images/IMG_20191215_112604.jpg,191.26,340.58,221.02,372.91,tomato
data/Laboro-Tomato/train/images/IMG_20191215_112604.jpg,217.58,342.63,273.02,401.32,tomato
data/Laboro-Tomato/train/images/IMG_20191215_112604.jpg,180.97,394.46,204.59,425.23,tomato
data/Laboro-Tomato/train/images/IMG_20191215_112604.jpg,192.76,367.44,243.07,423.02,tomato
data/Laboro-Tomato/train/images/IMG_20191215_112604.jpg,246.16,378.76,294.41,427.14,tomato
data/Laboro-Tomato/train/images/IMG_20191215_112604.jpg,214.16,418.60,261.37,471.95,tomato
data/Laboro-Tomato/train/images/IMG_20191215_112604.jpg,192.62,439.81,217.41,469.07,tomato
data/Laboro-Tomato/train/images/IMG_20191215_112604.jpg,207.81,470.09,231.43,495.57,tomato
data/Laboro-Tomato/train/images/IMG_20191215_112604.jpg,256.61,433.64,299.19,479.49,tomato
data/Laboro-Tomato/train/images/IMG_20191215_112605.jpg,391.20,75.34,451.62,139.83,tomato
data/Laboro-Tomato/train/images/IMG_20191215_112605.jpg,143.94,133.72,203.00,192.31,tomato
data/Laboro-Tomato/train/images/IMG_20191215_112605.jpg,315.66,149.55,387.61,221.24,tomato
data/Laboro-Tomato/train/images/IMG_20191215_112605.jpg,108.22,184.59,157.75,230.95,tomato
data/Laboro-Tomato/train/images/IMG_20191215_112605.jpg,154.57,197.28,202.08,243.43,tomato
data/Laboro-Tomato/train/images/IMG_20191215_112605.jpg,361.60,200.91,431.49,268.30,tomato
data/Laboro-Tomato/train/images/IMG_20191215_112605.jpg,142.39,252.27,185.59,294.12,tomato
data/Laboro-Tomato/train/images/IMG_20191215_112605.jpg,344.84,249.08,388.12,300.93,tomato
data/Laboro-Tomato/train/images/IMG_20191215_112605.jpg,301.75,247.86,365.54,313.55,tomato
data/Laboro-Tomato/train/images/IMG_20191215_112605.jpg,322.96,305.70,378.21,357.55,tomato
data/Laboro-Tomato/train/images/IMG_20191215_112605.jpg,360.07,306.06,389.82,350.35,tomato
data/Laboro-Tomato/train/images/IMG_20191215_112605.jpg,102.16,311.47,139.96,348.36,tomato
data/Laboro-Tomato/train/images/IMG_20191215_112605.jpg,66.79,341.54,109.91,383.35,tomato
data/Laboro-Tomato/train/images/IMG_20191215_112605.jpg,107.09,334.24,146.37,368.58,tomato
data/Laboro-Tomato/train/images/IMG_20191215_112605.jpg,122.13,356.98,159.15,392.98,tomato
data/Laboro-Tomato/train/images/IMG_20191215_112605.jpg,124.32,389.28,154.24,417.56,tomato
data/Laboro-Tomato/train/images/IMG_20191215_112605.jpg,121.06,416.94,150.66,446.67,tomato
data/Laboro-Tomato/train/images/IMG_20191215_112605.jpg,94.90,390.93,129.12,426.78,tomato
data/Laboro-Tomato/train/images/IMG_20191215_112607.jpg,220.65,47.71,308.65,142.50,tomato
data/Laboro-Tomato/train/images/IMG_20191215_112607.jpg,322.21,92.33,395.75,169.46,tomato
data/Laboro-Tomato/train/images/IMG_20191215_112607.jpg,228.77,199.30,311.79,282.54,tomato
data/Laboro-Tomato/train/images/IMG_20191215_112607.jpg,318.59,245.89,380.79,306.29,tomato
data/Laboro-Tomato/train/images/IMG_20191215_112607.jpg,232.85,282.80,295.75,345.01,tomato
data/Laboro-Tomato/train/images/IMG_20191215_112607.jpg,132.89,335.28,187.63,391.37,tomato
data/Laboro-Tomato/train/images/IMG_20191215_112607.jpg,246.66,343.87,300.28,398.42,tomato
data/Laboro-Tomato/train/images/IMG_20191215_112607.jpg,338.72,440.92,393.92,511.06,tomato
data/Laboro-Tomato/train/images/IMG_20191215_112607.jpg,333.98,503.57,373.10,517.82,tomato
data/Laboro-Tomato/train/images/IMG_20191215_112607.jpg,197.56,365.58,240.52,410.80,tomato
data/Laboro-Tomato/train/images/IMG_20191215_112607.jpg,208.41,408.78,238.52,437.53,tomato
data/Laboro-Tomato/train/images/IMG_20191215_112607.jpg,174.50,423.05,219.53,472.57,tomato
data/Laboro-Tomato/train/images/IMG_20191215_112607.jpg,155.27,382.78,204.57,435.25,tomato
data/Laboro-Tomato/train/images/IMG_20191215_112607.jpg,114.77,246.13,142.82,271.46,tomato
data/Laboro-Tomato/train/images/IMG_20191215_112607.jpg,147.11,292.51,163.54,312.72,tomato
data/Laboro-Tomato/train/images/IMG_20191215_112607.jpg,132.56,303.08,148.80,320.90,tomato
data/Laboro-Tomato/train/images/IMG_20191215_112607.jpg,87.57,226.13,108.94,247.84,tomato
data/Laboro-Tomato/train/images/IMG_20191215_112607.jpg,94.25,248.69,113.60,265.48,tomato
data/Laboro-Tomato/train/images/IMG_20191215_112607.jpg,81.94,255.56,100.59,274.57,tomato
data/Laboro-Tomato/train/images/IMG_20191215_112607.jpg,92.86,270.81,113.91,288.42,tomato
data/Laboro-Tomato/train/images/IMG_20191215_112607.jpg,73.06,271.85,92.21,288.94,tomato
data/Laboro-Tomato/train/images/IMG_20191215_112607.jpg,76.97,203.06,100.04,226.16,tomato
data/Laboro-Tomato/train/images/IMG_20191215_112607.jpg,96.82,215.85,118.19,235.02,tomato
data/Laboro-Tomato/train/images/IMG_20191215_112607.jpg,108.86,382.00,124.79,397.90,tomato
data/Laboro-Tomato/train/images/IMG_20191215_112609.jpg,219.04,148.41,283.53,222.38,tomato
data/Laboro-Tomato/train/images/IMG_20191215_112609.jpg,281.49,166.49,339.42,235.48,tomato
data/Laboro-Tomato/train/images/IMG_20191215_112609.jpg,64.98,258.33,89.65,286.61,tomato
data/Laboro-Tomato/train/images/IMG_20191215_112609.jpg,229.49,216.73,300.51,285.94,tomato
data/Laboro-Tomato/train/images/IMG_20191215_112609.jpg,275.39,233.02,322.67,292.54,tomato
data/Laboro-Tomato/train/images/IMG_20191215_112609.jpg,204.35,276.66,275.84,354.26,tomato
data/Laboro-Tomato/train/images/IMG_20191215_112609.jpg,255.48,292.28,306.61,356.98,tomato
data/Laboro-Tomato/train/images/IMG_20191215_112609.jpg,173.61,328.96,212.73,372.62,tomato
data/Laboro-Tomato/train/images/IMG_20191215_112609.jpg,306.59,293.42,364.51,354.29,tomato
data/Laboro-Tomato/train/images/IMG_20191215_112609.jpg,306.38,339.78,355.25,382.31,tomato
data/Laboro-Tomato/train/images/IMG_20191215_112609.jpg,269.53,350.40,313.62,402.67,tomato
data/Laboro-Tomato/train/images/IMG_20191215_112609.jpg,223.61,349.75,280.83,411.29,tomato
data/Laboro-Tomato/train/images/IMG_20191215_112609.jpg,248.94,397.25,291.01,437.76,tomato
data/Laboro-Tomato/train/images/IMG_20191215_112609.jpg,221.55,423.96,261.60,472.80,tomato
data/Laboro-Tomato/train/images/IMG_20191215_112609.jpg,219.06,461.07,242.80,483.45,tomato
data/Laboro-Tomato/train/images/IMG_20191215_112611.jpg,357.99,0.23,453.21,40.48,tomato
data/Laboro-Tomato/train/images/IMG_20191215_112611.jpg,342.56,0.00,431.03,66.51,tomato
data/Laboro-Tomato/train/images/IMG_20191215_112611.jpg,281.96,54.99,359.54,145.48,tomato
data/Laboro-Tomato/train/images/IMG_20191215_112611.jpg,382.85,155.87,453.21,242.27,tomato
data/Laboro-Tomato/train/images/IMG_20191215_112611.jpg,303.21,251.57,371.08,317.40,tomato
data/Laboro-Tomato/train/images/IMG_20191215_112611.jpg,344.86,306.06,415.21,368.27,tomato
data/Laboro-Tomato/train/images/IMG_20191215_112611.jpg,214.11,293.21,267.25,347.03,tomato
data/Laboro-Tomato/train/images/IMG_20191215_112611.jpg,152.10,295.23,213.17,355.17,tomato
data/Laboro-Tomato/train/images/IMG_20191215_112611.jpg,158.41,348.85,203.68,382.98,tomato
data/Laboro-Tomato/train/images/IMG_20191215_112611.jpg,427.86,447.47,453.19,482.34,tomato
data/Laboro-Tomato/train/images/IMG_20191215_112612.jpg,393.26,72.16,453.21,141.36,tomato
data/Laboro-Tomato/train/images/IMG_20191215_112612.jpg,303.91,136.39,384.44,215.13,tomato
data/Laboro-Tomato/train/images/IMG_20191215_112612.jpg,334.42,224.84,388.74,276.90,tomato
data/Laboro-Tomato/train/images/IMG_20191215_112612.jpg,299.60,267.86,344.86,315.62,tomato
data/Laboro-Tomato/train/images/IMG_20191215_112612.jpg,355.48,289.59,396.43,329.84,tomato
data/Laboro-Tomato/train/images/IMG_20191215_112612.jpg,362.71,323.52,428.99,389.35,tomato
data/Laboro-Tomato/train/images/IMG_20191215_112612.jpg,281.03,505.62,310.67,517.84,tomato
data/Laboro-Tomato/train/images/IMG_20191215_112612.jpg,273.35,399.07,316.55,449.52,tomato
data/Laboro-Tomato/train/images/IMG_20191215_112612.jpg,363.17,397.72,424.95,459.05,tomato
data/Laboro-Tomato/train/images/IMG_20191215_112612.jpg,341.90,415.36,383.51,464.21,tomato
data/Laboro-Tomato/train/images/IMG_20191215_112612.jpg,272.46,362.44,303.23,378.50,tomato
data/Laboro-Tomato/train/images/IMG_20191215_112612.jpg,282.19,377.34,296.22,385.47,tomato
data/Laboro-Tomato/train/images/IMG_20191215_112612.jpg,255.27,301.55,323.14,366.46,tomato
data/Laboro-Tomato/train/images/IMG_20191215_112612.jpg,261.81,246.36,318.38,304.27,tomato
data/Laboro-Tomato/train/images/IMG_20191215_112612.jpg,227.30,287.80,262.84,308.94,tomato
data/Laboro-Tomato/train/images/IMG_20191215_112612.jpg,235.03,321.89,253.48,341.67,tomato
data/Laboro-Tomato/train/images/IMG_20191215_112612.jpg,215.82,322.20,238.43,338.25,tomato
data/Laboro-Tomato/train/images/IMG_20191215_112612.jpg,213.47,299.56,241.86,327.22,tomato
data/Laboro-Tomato/train/images/IMG_20191215_112612.jpg,203.33,262.99,266.69,298.83,tomato
data/Laboro-Tomato/train/images/IMG_20191215_112612.jpg,192.18,262.96,215.99,294.51,tomato
data/Laboro-Tomato/train/images/IMG_20191215_112612.jpg,196.92,198.73,283.36,282.91,tomato
data/Laboro-Tomato/train/images/IMG_20191215_112612.jpg,260.03,199.61,285.90,220.90,tomato
data/Laboro-Tomato/train/images/IMG_20191215_112612.jpg,194.12,205.28,212.57,228.49,tomato
data/Laboro-Tomato/train/images/IMG_20191215_112612.jpg,149.05,230.41,170.30,251.54,tomato
data/Laboro-Tomato/train/images/IMG_20191215_112612.jpg,170.01,243.82,191.30,264.34,tomato
data/Laboro-Tomato/train/images/IMG_20191215_112612.jpg,152.61,248.85,173.59,268.63,tomato
data/Laboro-Tomato/train/images/IMG_20191215_112612.jpg,168.65,264.02,188.15,282.78,tomato
data/Laboro-Tomato/train/images/IMG_20191215_112612.jpg,75.72,149.34,95.07,168.09,tomato
data/Laboro-Tomato/train/images/IMG_20191215_112612.jpg,65.02,157.24,76.01,177.18,tomato
data/Laboro-Tomato/train/images/IMG_20191215_112612.jpg,74.52,167.81,90.29,186.40,tomato
data/Laboro-Tomato/train/images/IMG_20191215_112612.jpg,89.69,188.60,102.63,201.24,tomato
data/Laboro-Tomato/train/images/IMG_20191215_112612.jpg,91.01,200.93,100.84,210.46,tomato
data/Laboro-Tomato/train/images/IMG_20191215_112612.jpg,93.40,202.12,107.39,214.04,tomato
data/Laboro-Tomato/train/images/IMG_20191215_112613.jpg,162.26,84.59,202.32,132.56,tomato
data/Laboro-Tomato/train/images/IMG_20191215_112613.jpg,163.41,119.45,191.22,146.39,tomato
data/Laboro-Tomato/train/images/IMG_20191215_112613.jpg,230.81,69.90,258.86,119.48,tomato
data/Laboro-Tomato/train/images/IMG_20191215_112613.jpg,245.30,55.45,309.09,125.33,tomato
data/Laboro-Tomato/train/images/IMG_20191215_112613.jpg,290.12,107.49,314.09,137.11,tomato
data/Laboro-Tomato/train/images/IMG_20191215_112613.jpg,305.48,76.92,354.35,128.93,tomato
data/Laboro-Tomato/train/images/IMG_20191215_112613.jpg,259.33,118.98,294.84,133.90,tomato
data/Laboro-Tomato/train/images/IMG_20191215_112613.jpg,202.10,129.86,227.20,165.81,tomato
data/Laboro-Tomato/train/images/IMG_20191215_112613.jpg,191.46,164.67,222.23,204.04,tomato
data/Laboro-Tomato/train/images/IMG_20191215_112613.jpg,179.02,190.26,201.40,221.03,tomato
data/Laboro-Tomato/train/images/IMG_20191215_112613.jpg,255.25,132.12,295.96,174.64,tomato
data/Laboro-Tomato/train/images/IMG_20191215_112613.jpg,275.63,147.03,302.08,177.34,tomato
data/Laboro-Tomato/train/images/IMG_20191215_112613.jpg,259.11,188.22,284.02,217.38,tomato
data/Laboro-Tomato/train/images/IMG_20191215_112613.jpg,274.03,193.63,306.39,228.02,tomato
data/Laboro-Tomato/train/images/IMG_20191215_112613.jpg,138.74,240.90,181.94,278.24,tomato
data/Laboro-Tomato/train/images/IMG_20191215_112613.jpg,163.00,274.02,191.40,302.62,tomato
data/Laboro-Tomato/train/images/IMG_20191215_112613.jpg,101.62,277.65,131.57,303.13,tomato
data/Laboro-Tomato/train/images/IMG_20191215_112613.jpg,102.47,286.17,150.53,332.53,tomato
data/Laboro-Tomato/train/images/IMG_20191215_112613.jpg,136.66,301.58,163.35,336.80,tomato
data/Laboro-Tomato/train/images/IMG_20191215_112613.jpg,179.28,305.36,204.26,328.77,tomato
data/Laboro-Tomato/train/images/IMG_20191215_112613.jpg,140.12,330.64,179.63,366.90,tomato
data/Laboro-Tomato/train/images/IMG_20191215_112613.jpg,98.04,311.16,138.56,344.00,tomato
data/Laboro-Tomato/train/images/IMG_20191215_112613.jpg,100.59,336.13,128.64,349.81,tomato
data/Laboro-Tomato/train/images/IMG_20191215_112613.jpg,200.30,318.49,231.96,350.66,tomato
data/Laboro-Tomato/train/images/IMG_20191215_112613.jpg,140.95,362.99,160.45,384.38,tomato
data/Laboro-Tomato/train/images/IMG_20191215_112613.jpg,147.46,381.46,158.76,390.36,tomato
data/Laboro-Tomato/train/images/IMG_20191215_112613.jpg,212.80,354.96,242.76,387.44,tomato
data/Laboro-Tomato/train/images/IMG_20191215_112613.jpg,204.43,375.14,227.51,399.59,tomato
data/Laboro-Tomato/train/images/IMG_20191215_112613.jpg,163.04,386.76,190.74,415.51,tomato
data/Laboro-Tomato/train/images/IMG_20191215_112613.jpg,64.98,359.23,88.95,382.65,tomato
data/Laboro-Tomato/train/images/IMG_20191215_112613.jpg,68.94,346.33,91.98,363.53,tomato
data/Laboro-Tomato/train/images/IMG_20191215_112613.jpg,67.02,376.25,87.14,391.53,tomato
data/Laboro-Tomato/train/images/IMG_20191215_112613.jpg,64.98,328.41,83.67,350.89,tomato
data/Laboro-Tomato/train/images/IMG_20191215_112613.jpg,189.71,444.81,207.04,469.77,tomato
data/Laboro-Tomato/train/images/IMG_20191215_112613.jpg,125.20,138.75,145.05,156.72,tomato
data/Laboro-Tomato/train/images/IMG_20191215_112613.jpg,115.47,149.70,132.40,166.28,tomato
data/Laboro-Tomato/train/images/IMG_20191215_112616.jpg,191.48,62.86,267.27,158.12,tomato
data/Laboro-Tomato/train/images/IMG_20191215_112616.jpg,128.77,75.81,230.37,186.20,tomato
data/Laboro-Tomato/train/images/IMG_20191215_112616.jpg,65.02,222.12,95.91,258.69,tomato
data/Laboro-Tomato/train/images/IMG_20191215_112616.jpg,130.29,217.77,203.29,283.45,tomato
data/Laboro-Tomato/train/images/IMG_20191215_112616.jpg,193.07,253.20,242.06,300.03,tomato
data/Laboro-Tomato/train/images/IMG_20191215_112616.jpg,145.07,269.70,206.45,330.67,tomato
data/Laboro-Tomato/train/images/IMG_20191215_112616.jpg,200.35,296.04,224.36,329.50,tomato
data/Laboro-Tomato/train/images/IMG_20191215_112616.jpg,160.61,320.82,207.23,356.82,tomato
data/Laboro-Tomato/train/images/IMG_20191215_112616.jpg,65.58,395.99,91.15,429.81,tomato
data/Laboro-Tomato/train/images/IMG_20191215_112616.jpg,250.70,232.50,311.70,295.65,tomato
data/Laboro-Tomato/train/images/IMG_20191215_112616.jpg,249.30,319.27,310.69,386.35,tomato
data/Laboro-Tomato/train/images/IMG_20191215_112616.jpg,314.07,398.73,377.39,471.51,tomato
data/Laboro-Tomato/train/images/IMG_20191215_112616.jpg,308.74,458.97,351.64,508.13,tomato
data/Laboro-Tomato/train/images/IMG_20191215_112616.jpg,277.04,409.38,295.15,427.30,tomato
data/Laboro-Tomato/train/images/IMG_20191215_112616.jpg,255.42,435.17,264.86,446.57,tomato
data/Laboro-Tomato/train/images/IMG_20191215_112616.jpg,273.31,473.14,283.73,486.30,tomato
data/Laboro-Tomato/train/images/IMG_20191215_112616.jpg,70.50,445.97,93.46,469.02,tomato
data/Laboro-Tomato/train/images/IMG_20191215_112616.jpg,77.04,468.56,96.16,487.46,tomato
data/Laboro-Tomato/train/images/IMG_20191215_112617.jpg,188.29,182.31,274.03,270.11,tomato
data/Laboro-Tomato/train/images/IMG_20191215_112617.jpg,334.64,223.72,377.41,285.06,tomato
data/Laboro-Tomato/train/images/IMG_20191215_112617.jpg,168.88,262.06,199.96,294.90,tomato
data/Laboro-Tomato/train/images/IMG_20191215_112617.jpg,193.26,282.67,216.69,319.87,tomato
data/Laboro-Tomato/train/images/IMG_20191215_112617.jpg,211.37,264.02,295.17,345.45,tomato
data/Laboro-Tomato/train/images/IMG_20191215_112617.jpg,276.65,291.71,375.41,392.26,tomato
data/Laboro-Tomato/train/images/IMG_20191215_112617.jpg,217.64,345.27,303.81,433.38,tomato
data/Laboro-Tomato/train/images/IMG_20191215_112617.jpg,65.19,448.35,91.77,482.18,tomato
data/Laboro-Tomato/train/images/IMG_20191215_112617.jpg,65.39,480.00,89.79,512.48,tomato
data/Laboro-Tomato/train/images/IMG_20191215_112619.jpg,77.43,69.02,111.15,121.50,tomato
data/Laboro-Tomato/train/images/IMG_20191215_112619.jpg,105.50,79.85,153.25,132.12,tomato
data/Laboro-Tomato/train/images/IMG_20191215_112619.jpg,211.60,136.44,292.37,227.61,tomato
data/Laboro-Tomato/train/images/IMG_20191215_112619.jpg,134.91,217.87,154.61,239.11,tomato
data/Laboro-Tomato/train/images/IMG_20191215_112619.jpg,278.56,214.01,342.35,277.36,tomato
data/Laboro-Tomato/train/images/IMG_20191215_112619.jpg,204.80,254.29,269.72,320.80,tomato
data/Laboro-Tomato/train/images/IMG_20191215_112619.jpg,216.36,313.34,274.95,368.56,tomato
data/Laboro-Tomato/train/images/IMG_20191215_112619.jpg,255.48,340.71,326.73,409.04,tomato
data/Laboro-Tomato/train/images/IMG_20191215_112619.jpg,65.00,354.03,111.39,385.47,tomato
data/Laboro-Tomato/train/images/IMG_20191215_112619.jpg,175.39,356.10,251.42,431.88,tomato
data/Laboro-Tomato/train/images/IMG_20191215_112619.jpg,211.35,410.62,283.30,489.56,tomato
data/Laboro-Tomato/train/images/IMG_20191215_112619.jpg,308.43,420.10,336.95,448.59,tomato
data/Laboro-Tomato/train/images/IMG_20191215_112619.jpg,271.99,420.12,292.12,457.68,tomato
data/Laboro-Tomato/train/images/IMG_20191215_112619.jpg,139.92,180.06,168.01,208.65,tomato
data/Laboro-Tomato/train/images/IMG_20191215_112623.jpg,268.38,8.16,353.00,103.42,tomato
data/Laboro-Tomato/train/images/IMG_20191215_112623.jpg,225.61,89.33,300.51,169.88,tomato
data/Laboro-Tomato/train/images/IMG_20191215_112623.jpg,148.26,160.17,242.82,252.68,tomato
data/Laboro-Tomato/train/images/IMG_20191215_112623.jpg,191.48,293.40,254.14,359.91,tomato
data/Laboro-Tomato/train/images/IMG_20191215_112623.jpg,218.59,333.67,276.29,403.34,tomato
data/Laboro-Tomato/train/images/IMG_20191215_112623.jpg,233.55,383.92,285.57,438.67,tomato
data/Laboro-Tomato/train/images/IMG_20191215_112623.jpg,193.94,386.66,237.61,442.97,tomato
data/Laboro-Tomato/train/images/IMG_20191215_112623.jpg,134.91,376.87,200.53,444.99,tomato
data/Laboro-Tomato/train/images/IMG_20191215_112623.jpg,134.23,438.20,187.84,495.44,tomato
data/Laboro-Tomato/train/images/IMG_20191215_112623.jpg,173.37,446.80,222.67,505.18,tomato
data/Laboro-Tomato/train/images/IMG_20191215_112626.jpg,176.97,73.76,251.40,152.71,tomato
data/Laboro-Tomato/train/images/IMG_20191215_112626.jpg,282.19,202.90,355.27,256.98,tomato
data/Laboro-Tomato/train/images/IMG_20191215_112626.jpg,188.08,202.69,262.51,273.04,tomato
data/Laboro-Tomato/train/images/IMG_20191215_112626.jpg,214.51,283.24,274.93,342.29,tomato
data/Laboro-Tomato/train/images/IMG_20191215_112626.jpg,279.90,312.87,340.08,373.06,tomato
data/Laboro-Tomato/train/images/IMG_20191215_112626.jpg,214.51,354.67,266.46,409.38,tomato
data/Laboro-Tomato/train/images/IMG_20191215_112626.jpg,140.54,311.63,173.99,346.65,tomato
data/Laboro-Tomato/train/images/IMG_20191215_112626.jpg,158.24,341.52,193.44,376.74,tomato
data/Laboro-Tomato/train/images/IMG_20191215_112626.jpg,181.28,315.51,206.45,346.80,tomato
data/Laboro-Tomato/train/images/IMG_20191215_112626.jpg,192.25,356.33,222.21,387.83,tomato
data/Laboro-Tomato/train/images/IMG_20191215_112626.jpg,173.74,378.55,199.62,405.18,tomato
data/Laboro-Tomato/train/images/IMG_20191215_112626.jpg,65.16,387.93,87.77,410.83,tomato
data/Laboro-Tomato/train/images/IMG_20191215_112626.jpg,183.38,398.21,206.45,424.37,tomato
data/Laboro-Tomato/train/images/IMG_20191215_112626.jpg,187.73,422.90,210.34,447.14,tomato
data/Laboro-Tomato/train/images/IMG_20191215_112626.jpg,225.37,400.75,268.65,445.66,tomato
data/Laboro-Tomato/train/images/IMG_20191215_112626.jpg,290.52,408.91,316.24,437.61,tomato
data/Laboro-Tomato/train/images/IMG_20191215_112626.jpg,273.41,425.25,301.97,455.76,tomato
data/Laboro-Tomato/train/images/IMG_20191215_112626.jpg,245.26,438.82,271.45,465.60,tomato
data/Laboro-Tomato/train/images/IMG_20191215_112626.jpg,74.81,407.87,96.84,429.73,tomato
data/Laboro-Tomato/train/images/IMG_20191215_112626.jpg,65.12,382.98,78.95,394.64,tomato
data/Laboro-Tomato/train/images/IMG_20191215_112628.jpg,191.24,207.67,261.60,279.36,tomato
data/Laboro-Tomato/train/images/IMG_20191215_112628.jpg,233.76,252.24,318.38,328.02,tomato
data/Laboro-Tomato/train/images/IMG_20191215_112628.jpg,156.39,345.48,183.78,369.67,tomato
data/Laboro-Tomato/train/images/IMG_20191215_112628.jpg,176.99,318.52,222.25,365.35,tomato
data/Laboro-Tomato/train/images/IMG_20191215_112628.jpg,211.62,313.99,262.28,361.28,tomato
data/Laboro-Tomato/train/images/IMG_20191215_112628.jpg,193.07,364.10,213.15,385.75,tomato
data/Laboro-Tomato/train/images/IMG_20191215_112628.jpg,257.58,353.12,277.63,370.63,tomato
data/Laboro-Tomato/train/images/IMG_20191215_112628.jpg,222.19,359.23,267.25,384.62,tomato
data/Laboro-Tomato/train/images/IMG_20191215_112628.jpg,272.34,374.95,301.87,402.67,tomato
data/Laboro-Tomato/train/images/IMG_20191215_112628.jpg,301.25,413.70,322.30,434.37,tomato
data/Laboro-Tomato/train/images/IMG_20191215_112628.jpg,175.96,373.40,196.00,397.59,tomato
data/Laboro-Tomato/train/images/IMG_20191215_112628.jpg,256.01,398.94,278.81,419.81,tomato
data/Laboro-Tomato/train/images/IMG_20191215_112628.jpg,272.34,419.04,304.20,452.65,tomato
data/Laboro-Tomato/train/images/IMG_20191215_112628.jpg,177.55,398.34,197.21,419.37,tomato
data/Laboro-Tomato/train/images/IMG_20191215_112628.jpg,174.58,415.10,188.14,431.62,tomato
data/Laboro-Tomato/train/images/IMG_20191215_112630.jpg,292.51,387.10,327.24,424.71,tomato
data/Laboro-Tomato/train/images/IMG_20191215_112630.jpg,265.12,399.22,304.82,438.59,tomato
data/Laboro-Tomato/train/images/IMG_20191215_112630.jpg,272.67,428.67,307.91,460.63,tomato
data/Laboro-Tomato/train/images/IMG_20191215_112630.jpg,254.20,289.95,308.59,347.91,tomato
data/Laboro-Tomato/train/images/IMG_20191215_112630.jpg,223.39,329.47,274.36,388.99,tomato
data/Laboro-Tomato/train/images/IMG_20191215_112630.jpg,180.99,272.00,243.42,335.82,tomato
data/Laboro-Tomato/train/images/IMG_20191215_112630.jpg,191.09,245.48,231.61,278.32,tomato
data/Laboro-Tomato/train/images/IMG_20191215_112630.jpg,177.37,126.73,260.16,211.94,tomato
data/Laboro-Tomato/train/images/IMG_20191215_112630.jpg,102.98,147.97,238.45,281.25,tomato
data/Laboro-Tomato/train/images/IMG_20191215_112634.jpg,95.96,309.82,189.36,403.88,tomato
data/Laboro-Tomato/train/images/IMG_20191215_112634.jpg,158.55,357.55,232.29,413.13,tomato
data/Laboro-Tomato/train/images/IMG_20191215_112634.jpg,140.62,396.50,237.09,505.13,tomato
data/Laboro-Tomato/train/images/IMG_20191215_112634.jpg,221.16,416.19,248.70,483.58,tomato
data/Laboro-Tomato/train/images/IMG_20191215_112634.jpg,260.71,337.68,284.13,362.34,tomato
data/Laboro-Tomato/train/images/IMG_20191215_112634.jpg,226.48,317.17,261.56,350.01,tomato
data/Laboro-Tomato/train/images/IMG_20191215_112634.jpg,219.80,279.54,261.87,319.89,tomato
data/Laboro-Tomato/train/images/IMG_20191215_112634.jpg,260.53,286.51,292.70,319.35,tomato
data/Laboro-Tomato/train/images/IMG_20191215_112634.jpg,261.39,248.04,300.39,289.12,tomato
data/Laboro-Tomato/train/images/IMG_20191215_112634.jpg,214.67,239.47,264.28,281.74,tomato
data/Laboro-Tomato/train/images/IMG_20191215_112634.jpg,198.41,174.33,268.88,245.14,tomato
data/Laboro-Tomato/train/images/IMG_20191215_112634.jpg,272.67,194.15,323.99,247.50,tomato
data/Laboro-Tomato/train/images/IMG_20191215_112634.jpg,219.12,87.39,275.92,147.27,tomato
data/Laboro-Tomato/train/images/IMG_20191215_112634.jpg,195.69,112.74,232.13,151.75,tomato
data/Laboro-Tomato/train/images/IMG_20191215_112634.jpg,300.37,105.00,360.24,165.92,tomato
data/Laboro-Tomato/train/images/IMG_20191215_112635.jpg,77.43,124.45,190.56,235.97,tomato
data/Laboro-Tomato/train/images/IMG_20191215_112635.jpg,237.16,186.66,314.75,288.45,tomato
data/Laboro-Tomato/train/images/IMG_20191215_112635.jpg,117.27,223.96,215.45,321.70,tomato
data/Laboro-Tomato/train/images/IMG_20191215_112635.jpg,203.44,269.67,298.90,366.74,tomato
data/Laboro-Tomato/train/images/IMG_20191215_112635.jpg,295.09,278.71,383.08,349.52,tomato
data/Laboro-Tomato/train/images/IMG_20191215_112635.jpg,157.97,311.73,208.63,359.70,tomato
data/Laboro-Tomato/train/images/IMG_20191215_112635.jpg,155.48,334.60,198.68,371.22,tomato
data/Laboro-Tomato/train/images/IMG_20191215_112635.jpg,194.49,393.63,202.02,405.44,tomato
data/Laboro-Tomato/train/images/IMG_20191215_112635.jpg,190.89,415.67,200.64,426.29,tomato
data/Laboro-Tomato/train/images/IMG_20191215_112635.jpg,213.83,431.42,242.74,462.03,tomato
data/Laboro-Tomato/train/images/IMG_20191215_112641.jpg,65.02,169.65,94.43,222.38,tomato
data/Laboro-Tomato/train/images/IMG_20191215_112641.jpg,189.67,97.69,288.97,200.88,tomato
data/Laboro-Tomato/train/images/IMG_20191215_112641.jpg,149.85,138.67,224.05,217.61,tomato
data/Laboro-Tomato/train/images/IMG_20191215_112641.jpg,105.73,195.21,165.21,249.75,tomato
data/Laboro-Tomato/train/images/IMG_20191215_112641.jpg,264.32,176.46,331.72,250.89,tomato
data/Laboro-Tomato/train/images/IMG_20191215_112641.jpg,119.08,247.03,155.29,271.90,tomato
data/Laboro-Tomato/train/images/IMG_20191215_112641.jpg,312.49,209.06,361.79,259.73,tomato
data/Laboro-Tomato/train/images/IMG_20191215_112641.jpg,334.64,252.24,387.59,300.67,tomato
data/Laboro-Tomato/train/images/IMG_20191215_112641.jpg,215.89,228.28,295.07,305.88,tomato
data/Laboro-Tomato/train/images/IMG_20191215_112641.jpg,276.31,267.42,327.66,318.75,tomato
data/Laboro-Tomato/train/images/IMG_20191215_112641.jpg,355.00,307.67,382.39,345.01,tomato
data/Laboro-Tomato/train/images/IMG_20191215_112641.jpg,72.94,274.44,94.20,291.63,tomato
data/Laboro-Tomato/train/images/IMG_20191215_112641.jpg,115.66,272.13,151.64,300.88,tomato
data/Laboro-Tomato/train/images/IMG_20191215_112641.jpg,139.42,279.15,176.52,312.41,tomato
data/Laboro-Tomato/train/images/IMG_20191215_112641.jpg,162.49,227.82,220.19,290.49,tomato
data/Laboro-Tomato/train/images/IMG_20191215_112641.jpg,199.38,279.38,263.17,338.18,tomato
data/Laboro-Tomato/train/images/IMG_20191215_112641.jpg,320.63,305.18,369.27,357.45,tomato
data/Laboro-Tomato/train/images/IMG_20191215_112641.jpg,292.82,310.62,330.58,354.49,tomato
data/Laboro-Tomato/train/images/IMG_20191215_112641.jpg,315.87,256.10,347.30,296.61,tomato
data/Laboro-Tomato/train/images/IMG_20191215_112641.jpg,318.38,357.89,343.24,396.11,tomato
data/Laboro-Tomato/train/images/IMG_20191215_112641.jpg,326.05,359.47,376.29,409.25,tomato
data/Laboro-Tomato/train/images/IMG_20191215_112641.jpg,320.21,403.37,365.89,448.64,tomato
data/Laboro-Tomato/train/images/IMG_20191215_112641.jpg,134.44,421.32,167.82,455.87,tomato
data/Laboro-Tomato/train/images/IMG_20191215_112641.jpg,112.88,441.65,150.68,479.98,tomato
data/Laboro-Tomato/train/images/IMG_20191215_112641.jpg,69.62,467.34,113.06,513.86,tomato
data/Laboro-Tomato/train/images/IMG_20191215_112641.jpg,113.41,494.04,148.99,517.82,tomato
data/Laboro-Tomato/train/images/IMG_20191215_112643.jpg,252.55,49.99,350.96,160.63,tomato
data/Laboro-Tomato/train/images/IMG_20191215_112643.jpg,100.28,126.24,217.68,239.78,tomato
data/Laboro-Tomato/train/images/IMG_20191215_112643.jpg,155.03,238.90,240.78,325.10,tomato
data/Laboro-Tomato/train/images/IMG_20191215_112643.jpg,238.97,230.07,307.73,301.09,tomato
data/Laboro-Tomato/train/images/IMG_20191215_112643.jpg,211.35,305.28,282.75,378.27,tomato
data/Laboro-Tomato/train/images/IMG_20191215_112643.jpg,269.41,385.78,288.10,403.86,tomato
data/Laboro-Tomato/train/images/IMG_20191215_112643.jpg,288.08,417.07,328.79,460.74,tomato
data/Laboro-Tomato/train/images/IMG_20191215_112643.jpg,254.43,415.49,292.19,460.35,tomato
data/Laboro-Tomato/train/images/IMG_20191215_112643.jpg,298.72,389.30,333.14,425.51,tomato
data/Laboro-Tomato/train/images/IMG_20191215_112643.jpg,420.89,310.44,439.96,327.53,tomato
data/Laboro-Tomato/train/images/IMG_20191215_112643.jpg,432.66,316.91,443.88,334.63,tomato
data/Laboro-Tomato/train/images/IMG_20191215_112643.jpg,416.32,330.46,436.60,341.70,tomato
data/Laboro-Tomato/train/images/IMG_20191215_112643.jpg,244.02,376.72,260.34,389.51,tomato
data/Laboro-Tomato/train/images/IMG_20191215_112708.jpg,314.77,179.41,376.54,256.54,tomato
data/Laboro-Tomato/train/images/IMG_20191215_112708.jpg,254.57,218.54,310.01,288.68,tomato
data/Laboro-Tomato/train/images/IMG_20191215_112708.jpg,274.48,261.51,323.59,322.58,tomato
data/Laboro-Tomato/train/images/IMG_20191215_112708.jpg,318.59,259.05,376.05,334.37,tomato
data/Laboro-Tomato/train/images/IMG_20191215_112708.jpg,287.40,305.67,319.06,333.02,tomato
data/Laboro-Tomato/train/images/IMG_20191215_112708.jpg,333.51,308.34,383.98,368.27,tomato
data/Laboro-Tomato/train/images/IMG_20191215_112708.jpg,288.29,323.75,323.14,364.46,tomato
data/Laboro-Tomato/train/images/IMG_20191215_112708.jpg,341.24,353.82,378.34,385.06,tomato
data/Laboro-Tomato/train/images/IMG_20191215_112708.jpg,160.36,475.11,174.62,494.17,tomato
data/Laboro-Tomato/train/images/IMG_20191215_112708.jpg,147.69,492.80,160.94,509.74,tomato
data/Laboro-Tomato/train/images/IMG_20191215_112708.jpg,181.76,444.50,197.96,463.66,tomato
data/Laboro-Tomato/train/images/IMG_20191215_112708.jpg,162.73,453.69,174.19,468.14,tomato
data/Laboro-Tomato/train/images/IMG_20191215_112708.jpg,372.48,372.75,385.42,387.77,tomato
data/Laboro-Tomato/train/images/IMG_20191215_112708.jpg,350.63,384.05,364.15,398.03,tomato
data/Laboro-Tomato/train/images/IMG_20191215_112708.jpg,433.01,75.55,453.40,94.87,tomato
data/Laboro-Tomato/train/images/IMG_20191215_112708.jpg,411.11,91.76,432.40,109.32,tomato
data/Laboro-Tomato/train/images/IMG_20191215_112708.jpg,430.46,108.57,453.07,128.05,tomato
data/Laboro-Tomato/train/images/IMG_20191215_112708.jpg,400.57,124.37,420.96,139.39,tomato
data/Laboro-Tomato/train/images/IMG_20191215_112708.jpg,411.44,127.76,428.11,148.74,tomato
data/Laboro-Tomato/train/images/IMG_20191215_112708.jpg,405.77,142.35,420.19,160.06,tomato
data/Laboro-Tomato/train/images/IMG_20191215_112708.jpg,189.05,261.36,208.40,296.63,tomato
data/Laboro-Tomato/train/images/IMG_20191215_112708.jpg,167.19,243.23,199.01,278.92,tomato
data/Laboro-Tomato/train/images/IMG_20191215_112708.jpg,177.90,218.67,212.40,253.02,tomato
data/Laboro-Tomato/train/images/IMG_20191215_112708.jpg,148.02,193.81,191.15,232.92,tomato
data/Laboro-Tomato/train/images/IMG_20191215_112708.jpg,157.52,186.40,189.34,201.27,tomato
data/Laboro-Tomato/train/images/IMG_20191215_112708.jpg,182.95,198.60,206.88,228.33,tomato
data/Laboro-Tomato/train/images/IMG_20191215_112708.jpg,278.01,131.36,291.85,147.42,tomato
data/Laboro-Tomato/train/images/IMG_20191215_112708.jpg,259.13,145.79,272.96,159.31,tomato
data/Laboro-Tomato/train/images/IMG_20191215_112708.jpg,261.66,157.81,273.70,169.88,tomato
data/Laboro-Tomato/train/images/IMG_20191215_112708.jpg,260.01,191.87,269.37,202.43,tomato
data/Laboro-Tomato/train/images/IMG_20191215_112708.jpg,244.25,159.78,256.14,171.22,tomato
data/Laboro-Tomato/train/images/IMG_20191215_112708.jpg,269.99,151.15,281.14,162.13,tomato
data/Laboro-Tomato/train/images/IMG_20191215_112708.jpg,157.62,183.29,167.33,193.40,tomato
data/Laboro-Tomato/train/images/IMG_20191215_112708.jpg,140.80,213.68,148.18,223.52,tomato
data/Laboro-Tomato/train/images/IMG_20191215_112708.jpg,140.66,205.67,149.71,214.32,tomato
data/Laboro-Tomato/train/images/IMG_20191215_112708.jpg,327.24,349.47,341.61,368.79,tomato
data/Laboro-Tomato/train/images/IMG_20191215_112715.jpg,291.22,156.80,344.37,204.77,tomato
data/Laboro-Tomato/train/images/IMG_20191215_112715.jpg,276.32,200.91,330.60,255.66,tomato
data/Laboro-Tomato/train/images/IMG_20191215_112715.jpg,374.25,193.42,407.73,244.08,tomato
data/Laboro-Tomato/train/images/IMG_20191215_112715.jpg,321.78,245.48,360.90,298.63,tomato
data/Laboro-Tomato/train/images/IMG_20191215_112715.jpg,163.19,200.67,218.63,258.59,tomato
data/Laboro-Tomato/train/images/IMG_20191215_112715.jpg,159.77,258.59,217.47,315.36,tomato
data/Laboro-Tomato/train/images/IMG_20191215_112715.jpg,208.20,237.55,259.79,283.24,tomato
data/Laboro-Tomato/train/images/IMG_20191215_112715.jpg,212.49,280.26,254.80,320.10,tomato
data/Laboro-Tomato/train/images/IMG_20191215_112715.jpg,154.14,321.26,188.52,363.33,tomato
data/Laboro-Tomato/train/images/IMG_20191215_112715.jpg,186.70,315.36,231.26,362.39,tomato
data/Laboro-Tomato/train/images/IMG_20191215_112715.jpg,226.54,335.48,267.49,381.64,tomato
data/Laboro-Tomato/train/images/IMG_20191215_112715.jpg,169.95,352.91,209.77,402.23,tomato
data/Laboro-Tomato/train/images/IMG_20191215_112715.jpg,217.91,358.56,248.92,399.27,tomato
data/Laboro-Tomato/train/images/IMG_20191215_112715.jpg,258.67,346.15,281.98,387.54,tomato
data/Laboro-Tomato/train/images/IMG_20191215_112715.jpg,284.19,364.00,305.25,399.95,tomato
data/Laboro-Tomato/train/images/IMG_20191215_112715.jpg,301.17,358.59,336.91,404.74,tomato
data/Laboro-Tomato/train/images/IMG_20191215_112715.jpg,326.98,347.73,343.73,366.07,tomato
data/Laboro-Tomato/train/images/IMG_20191215_112715.jpg,65.00,181.64,82.40,199.30,tomato
data/Laboro-Tomato/train/images/IMG_20191215_112715.jpg,81.08,182.36,96.24,201.37,tomato
data/Laboro-Tomato/train/images/IMG_20191215_112715.jpg,79.88,30.30,95.81,46.88,tomato
data/Laboro-Tomato/train/images/IMG_20191215_112715.jpg,108.61,53.04,124.34,70.34,tomato
data/Laboro-Tomato/train/images/IMG_20191215_112715.jpg,107.93,59.34,123.16,77.31,tomato
data/Laboro-Tomato/train/images/IMG_20191215_112715.jpg,105.52,74.26,117.33,87.78,tomato
data/Laboro-Tomato/train/images/IMG_20191215_112738.jpg,293.50,130.54,361.83,216.52,tomato
data/Laboro-Tomato/train/images/IMG_20191215_112738.jpg,283.51,195.70,339.18,262.21,tomato
data/Laboro-Tomato/train/images/IMG_20191215_112738.jpg,226.31,196.40,300.97,287.10,tomato
data/Laboro-Tomato/train/images/IMG_20191215_112738.jpg,262.49,249.99,325.63,317.64,tomato
data/Laboro-Tomato/train/images/IMG_20191215_112738.jpg,197.34,264.91,267.93,346.13,tomato
data/Laboro-Tomato/train/images/IMG_20191215_112738.jpg,233.53,305.65,289.40,375.52,tomato
data/Laboro-Tomato/train/images/IMG_20191215_112738.jpg,157.07,303.34,216.36,384.36,tomato
data/Laboro-Tomato/train/images/IMG_20191215_112738.jpg,203.91,356.98,259.11,421.89,tomato
data/Laboro-Tomato/train/images/IMG_20191215_112738.jpg,404.61,462.31,422.75,490.29,tomato
data/Laboro-Tomato/train/images/IMG_20191215_112738.jpg,409.77,473.32,426.75,494.61,tomato
data/Laboro-Tomato/train/images/IMG_20191215_112738.jpg,397.28,483.01,413.21,507.41,tomato
data/Laboro-Tomato/train/images/IMG_20191215_112738.jpg,426.15,493.58,445.34,508.44,tomato
data/Laboro-Tomato/train/images/IMG_20191215_112738.jpg,64.98,439.83,81.96,482.52,tomato
data/Laboro-Tomato/train/images/IMG_20191215_112738.jpg,65.00,387.08,89.24,428.26,tomato
data/Laboro-Tomato/train/images/IMG_20191215_112738.jpg,65.00,198.89,76.73,215.10,tomato
data/Laboro-Tomato/train/images/IMG_20191215_112738.jpg,65.16,207.93,70.05,219.84,tomato
data/Laboro-Tomato/train/images/IMG_20191215_112738.jpg,98.61,230.38,118.11,249.29,tomato
data/Laboro-Tomato/train/images/IMG_20191215_112738.jpg,99.34,243.36,115.12,258.07,tomato
data/Laboro-Tomato/train/images/IMG_20191215_112738.jpg,89.86,246.18,108.75,263.74,tomato
data/Laboro-Tomato/train/images/IMG_20191215_112738.jpg,87.59,257.37,104.41,270.89,tomato
data/Laboro-Tomato/train/images/IMG_20191215_112738.jpg,78.68,268.51,94.14,283.37,tomato
data/Laboro-Tomato/train/images/IMG_20191215_112738.jpg,89.24,268.17,103.54,278.74,tomato
data/Laboro-Tomato/train/images/IMG_20191215_112738.jpg,84.04,279.20,98.02,290.81,tomato
data/Laboro-Tomato/train/images/IMG_20191215_112738.jpg,131.05,257.91,153.97,282.47,tomato
data/Laboro-Tomato/train/images/IMG_20191215_112738.jpg,109.93,259.13,135.22,285.60,tomato
data/Laboro-Tomato/train/images/IMG_20191215_112738.jpg,133.10,277.26,145.61,298.96,tomato
data/Laboro-Tomato/train/images/IMG_20191215_112738.jpg,113.48,278.30,136.10,299.27,tomato
data/Laboro-Tomato/train/images/IMG_20191215_112738.jpg,101.15,285.88,120.92,310.75,tomato
data/Laboro-Tomato/train/images/IMG_20191215_112738.jpg,120.05,294.95,133.57,309.97,tomato
data/Laboro-Tomato/train/images/IMG_20191215_112738.jpg,106.18,302.67,125.53,321.73,tomato
data/Laboro-Tomato/train/images/IMG_20191215_112738.jpg,433.98,324.16,453.13,344.37,tomato
data/Laboro-Tomato/train/images/IMG_20191215_112738.jpg,438.08,295.42,453.31,326.70,tomato
data/Laboro-Tomato/train/images/IMG_20191215_112738.jpg,181.28,38.67,198.61,60.79,tomato
data/Laboro-Tomato/train/images/IMG_20191215_112738.jpg,127.98,41.13,143.75,62.99,tomato
data/Laboro-Tomato/train/images/IMG_20191215_112738.jpg,118.03,78.37,129.92,90.91,tomato
data/Laboro-Tomato/train/images/IMG_20191215_112738.jpg,195.13,65.32,211.17,86.14,tomato
data/Laboro-Tomato/train/images/IMG_20191215_112738.jpg,105.87,100.47,118.15,117.30,tomato
data/Laboro-Tomato/train/images/IMG_20191215_112738.jpg,143.36,80.70,155.79,103.08,tomato
data/Laboro-Tomato/train/images/IMG_20191215_112738.jpg,162.79,74.77,178.56,92.13,tomato
data/Laboro-Tomato/train/images/IMG_20191215_112738.jpg,127.35,104.51,140.17,117.82,tomato
data/Laboro-Tomato/train/images/IMG_20191215_112738.jpg,117.37,107.48,128.25,122.51,tomato
data/Laboro-Tomato/train/images/IMG_20191215_112738.jpg,160.73,87.28,172.38,109.14,tomato
data/Laboro-Tomato/train/images/IMG_20191215_112738.jpg,182.58,87.41,197.07,107.98,tomato
data/Laboro-Tomato/train/images/IMG_20191215_112738.jpg,197.19,86.79,213.08,106.22,tomato
data/Laboro-Tomato/train/images/IMG_20191215_112738.jpg,135.09,96.37,149.07,111.24,tomato
data/Laboro-Tomato/train/images/IMG_20191215_112738.jpg,184.50,103.86,196.24,119.71,tomato
data/Laboro-Tomato/train/images/IMG_20191215_112738.jpg,277.72,67.39,290.43,86.14,tomato
data/Laboro-Tomato/train/images/IMG_20191215_112738.jpg,266.67,83.22,279.10,100.16,tomato
data/Laboro-Tomato/train/images/IMG_20191215_112738.jpg,293.85,73.94,308.73,92.33,tomato
data/Laboro-Tomato/train/images/IMG_20191215_112738.jpg,283.22,82.96,295.34,99.48,tomato
data/Laboro-Tomato/train/images/IMG_20191215_112738.jpg,304.43,59.39,316.55,76.02,tomato
data/Laboro-Tomato/train/images/IMG_20191215_112738.jpg,272.73,96.56,284.46,111.99,tomato
data/Laboro-Tomato/train/images/IMG_20191215_112738.jpg,265.21,101.63,274.03,113.65,tomato
data/Laboro-Tomato/train/images/IMG_20191215_112738.jpg,137.65,81.20,148.92,102.90,tomato
data/Laboro-Tomato/train/images/IMG_20191215_112738.jpg,333.59,78.37,343.50,91.32,tomato
data/Laboro-Tomato/train/images/IMG_20191215_112738.jpg,81.06,414.68,95.32,429.14,tomato
data/Laboro-Tomato/train/images/IMG_20191215_112738.jpg,85.82,425.15,99.42,439.91,tomato
data/Laboro-Tomato/train/images/IMG_20191215_112738.jpg,81.61,428.08,91.59,441.85,tomato
data/Laboro-Tomato/train/images/IMG_20191215_112740.jpg,249.60,164.93,299.13,228.75,tomato
data/Laboro-Tomato/train/images/IMG_20191215_112740.jpg,206.16,221.26,263.39,287.10,tomato
data/Laboro-Tomato/train/images/IMG_20191215_112740.jpg,239.65,211.03,282.42,261.28,tomato
data/Laboro-Tomato/train/images/IMG_20191215_112740.jpg,231.51,261.51,275.64,304.04,tomato
data/Laboro-Tomato/train/images/IMG_20191215_112740.jpg,185.10,270.11,237.82,329.63,tomato
data/Laboro-Tomato/train/images/IMG_20191215_112740.jpg,208.41,299.30,250.96,348.61,tomato
data/Laboro-Tomato/train/images/IMG_20191215_112740.jpg,153.23,299.97,199.85,361.51,tomato
data/Laboro-Tomato/train/images/IMG_20191215_112740.jpg,187.38,336.39,228.79,385.70,tomato
data/Laboro-Tomato/train/images/IMG_20191215_112740.jpg,331.16,408.86,343.98,429.89,tomato
data/Laboro-Tomato/train/images/IMG_20191215_112740.jpg,325.00,425.74,338.02,445.43,tomato
data/Laboro-Tomato/train/images/IMG_20191215_112740.jpg,347.93,432.09,362.65,443.02,tomato
data/Laboro-Tomato/train/images/IMG_20191215_112740.jpg,335.28,415.18,348.10,434.34,tomato
data/Laboro-Tomato/train/images/IMG_20191215_112740.jpg,369.82,424.58,383.49,445.45,tomato
data/Laboro-Tomato/train/images/IMG_20191215_112740.jpg,371.90,443.72,385.77,461.33,tomato
data/Laboro-Tomato/train/images/IMG_20191215_112740.jpg,360.42,452.45,374.09,468.87,tomato
data/Laboro-Tomato/train/images/IMG_20191215_112740.jpg,65.02,246.49,79.04,271.61,tomato
data/Laboro-Tomato/train/images/IMG_20191215_112740.jpg,65.00,268.22,80.38,284.49,tomato
data/Laboro-Tomato/train/images/IMG_20191215_112740.jpg,71.99,243.77,96.47,267.91,tomato
data/Laboro-Tomato/train/images/IMG_20191215_112740.jpg,77.32,263.45,88.27,283.97,tomato
data/Laboro-Tomato/train/images/IMG_20191215_112740.jpg,111.00,20.72,129.49,43.30,tomato
data/Laboro-Tomato/train/images/IMG_20191215_112740.jpg,104.18,40.71,122.63,58.84,tomato
data/Laboro-Tomato/train/images/IMG_20191215_112740.jpg,355.46,271.48,375.31,294.59,tomato
data/Laboro-Tomato/train/images/IMG_20191215_112740.jpg,374.62,245.12,396.33,269.05,tomato
data/Laboro-Tomato/train/images/IMG_20191215_112740.jpg,208.71,51.31,220.67,70.32,tomato
data/Laboro-Tomato/train/images/IMG_20191215_112740.jpg,197.58,66.69,210.05,83.11,tomato
data/Laboro-Tomato/train/images/IMG_20191215_112740.jpg,214.01,65.68,225.63,82.78,tomato
data/Laboro-Tomato/train/images/IMG_20191215_112740.jpg,130.33,70.97,145.91,91.17,tomato
data/Laboro-Tomato/train/images/IMG_20191215_112740.jpg,204.24,78.66,215.35,94.25,tomato
data/Laboro-Tomato/train/images/IMG_20191215_112740.jpg,353.21,292.05,367.23,309.45,tomato
data/Laboro-Tomato/train/images/IMG_20191215_112805.jpg,403.44,0.26,437.36,12.90,tomato
data/Laboro-Tomato/train/images/IMG_20191215_112805.jpg,386.29,5.65,418.38,42.84,tomato
data/Laboro-Tomato/train/images/IMG_20191215_112805.jpg,377.82,40.77,404.16,72.47,tomato
data/Laboro-Tomato/train/images/IMG_20191215_112805.jpg,339.15,35.87,368.17,68.14,tomato
data/Laboro-Tomato/train/images/IMG_20191215_112805.jpg,369.95,72.29,398.51,99.07,tomato
data/Laboro-Tomato/train/images/IMG_20191215_112805.jpg,329.92,69.62,353.00,100.28,tomato
data/Laboro-Tomato/train/images/IMG_20191215_112805.jpg,362.05,99.51,383.03,126.44,tomato
data/Laboro-Tomato/train/images/IMG_20191215_112805.jpg,338.85,97.57,361.78,125.69,tomato
data/Laboro-Tomato/train/images/IMG_20191215_112805.jpg,352.82,121.06,370.81,146.65,tomato
data/Laboro-Tomato/train/images/IMG_20191215_112805.jpg,340.47,125.72,357.44,150.69,tomato
data/Laboro-Tomato/train/images/IMG_20191215_112805.jpg,336.76,322.35,350.59,339.45,tomato
data/Laboro-Tomato/train/images/IMG_20191215_112805.jpg,245.73,146.83,309.83,239.50,tomato
data/Laboro-Tomato/train/images/IMG_20191215_112805.jpg,351.79,263.61,362.51,279.36,tomato
data/Laboro-Tomato/train/images/IMG_20191215_112805.jpg,338.52,272.65,348.51,286.07,tomato
data/Laboro-Tomato/train/images/IMG_20191215_112805.jpg,324.25,297.20,335.12,307.30,tomato
data/Laboro-Tomato/train/images/IMG_20191215_112805.jpg,276.38,398.06,312.98,431.36,tomato
data/Laboro-Tomato/train/images/IMG_20191215_112805.jpg,251.97,388.55,279.20,426.78,tomato
data/Laboro-Tomato/train/images/IMG_20191215_112805.jpg,225.64,364.57,261.78,413.05,tomato
data/Laboro-Tomato/train/images/IMG_20191215_112805.jpg,218.34,323.08,263.56,388.24,tomato
data/Laboro-Tomato/train/images/IMG_20191215_112805.jpg,254.37,240.38,312.53,311.91,tomato
data/Laboro-Tomato/train/images/IMG_20191215_112805.jpg,274.15,295.70,327.57,329.63,tomato
data/Laboro-Tomato/train/images/IMG_20191215_112805.jpg,194.99,275.78,243.94,340.02,tomato
data/Laboro-Tomato/train/images/IMG_20191215_112805.jpg,184.76,218.05,238.02,291.66,tomato
data/Laboro-Tomato/train/images/IMG_20191215_112810.jpg,188.31,117.87,236.95,177.60,tomato
data/Laboro-Tomato/train/images/IMG_20191215_112810.jpg,263.87,132.82,319.97,206.79,tomato
data/Laboro-Tomato/train/images/IMG_20191215_112810.jpg,255.95,180.52,281.28,207.67,tomato
data/Laboro-Tomato/train/images/IMG_20191215_112810.jpg,173.16,175.78,239.20,255.40,tomato
data/Laboro-Tomato/train/images/IMG_20191215_112810.jpg,247.09,181.90,280.81,225.36,tomato
data/Laboro-Tomato/train/images/IMG_20191215_112810.jpg,236.48,204.71,336.02,289.56,tomato
data/Laboro-Tomato/train/images/IMG_20191215_112810.jpg,227.88,288.01,305.93,361.98,tomato
data/Laboro-Tomato/train/images/IMG_20191215_112810.jpg,300.74,285.52,343.94,339.81,tomato
data/Laboro-Tomato/train/images/IMG_20191215_112810.jpg,253.69,358.56,322.23,423.52,tomato
data/Laboro-Tomato/train/images/IMG_20191215_112810.jpg,252.76,417.15,305.91,467.39,tomato
data/Laboro-Tomato/train/images/IMG_20191215_112810.jpg,260.69,462.44,303.66,502.69,tomato
data/Laboro-Tomato/train/images/IMG_20191215_112810.jpg,271.31,497.25,308.88,517.82,tomato
data/Laboro-Tomato/train/images/IMG_20191215_112810.jpg,334.44,466.48,373.57,513.78,tomato
data/Laboro-Tomato/train/images/IMG_20191215_112828.jpg,226.31,140.71,280.38,201.79,tomato
data/Laboro-Tomato/train/images/IMG_20191215_112828.jpg,217.72,205.88,268.38,256.80,tomato
data/Laboro-Tomato/train/images/IMG_20191215_112828.jpg,273.80,215.38,336.46,284.59,tomato
data/Laboro-Tomato/train/images/IMG_20191215_112828.jpg,255.95,261.28,309.33,315.57,tomato
data/Laboro-Tomato/train/images/IMG_20191215_112828.jpg,223.82,254.96,264.77,299.09,tomato
data/Laboro-Tomato/train/images/IMG_20191215_112828.jpg,206.63,284.38,241.01,329.86,tomato
data/Laboro-Tomato/train/images/IMG_20191215_112828.jpg,232.40,300.21,280.81,352.68,tomato
data/Laboro-Tomato/train/images/IMG_20191215_112828.jpg,217.91,323.05,256.61,363.09,tomato
data/Laboro-Tomato/train/images/IMG_20191215_112828.jpg,64.98,431.18,89.65,480.29,tomato
data/Laboro-Tomato/train/images/IMG_20191215_112828.jpg,65.00,468.95,103.69,516.91,tomato
data/Laboro-Tomato/train/images/IMG_20191215_112828.jpg,110.26,499.95,130.62,517.82,tomato
data/Laboro-Tomato/train/images/IMG_20191215_112828.jpg,120.65,500.21,147.34,517.87,tomato
data/Laboro-Tomato/train/images/IMG_20191215_112831.jpg,312.05,108.83,363.17,168.09,tomato
data/Laboro-Tomato/train/images/IMG_20191215_112831.jpg,278.54,97.31,326.05,147.29,tomato
data/Laboro-Tomato/train/images/IMG_20191215_112831.jpg,282.64,145.04,326.07,194.35,tomato
data/Laboro-Tomato/train/images/IMG_20191215_112831.jpg,331.26,155.40,380.79,207.20,tomato
data/Laboro-Tomato/train/images/IMG_20191215_112831.jpg,272.21,166.95,317.23,221.03,tomato
data/Laboro-Tomato/train/images/IMG_20191215_112831.jpg,333.32,207.90,380.36,256.75,tomato
data/Laboro-Tomato/train/images/IMG_20191215_112831.jpg,280.60,224.86,322.67,269.41,tomato
data/Laboro-Tomato/train/images/IMG_20191215_112831.jpg,331.03,255.87,370.85,298.19,tomato
data/Laboro-Tomato/train/images/IMG_20191215_112831.jpg,176.52,183.94,215.49,224.45,tomato
data/Laboro-Tomato/train/images/IMG_20191215_112831.jpg,115.17,185.11,163.39,235.09,tomato
data/Laboro-Tomato/train/images/IMG_20191215_112831.jpg,191.88,220.33,228.48,256.13,tomato
data/Laboro-Tomato/train/images/IMG_20191215_112831.jpg,148.22,221.32,186.99,263.43,tomato
data/Laboro-Tomato/train/images/IMG_20191215_112831.jpg,179.90,242.16,219.64,284.64,tomato
data/Laboro-Tomato/train/images/IMG_20191215_112831.jpg,75.84,189.87,88.66,200.49,tomato
data/Laboro-Tomato/train/images/IMG_20191215_112831.jpg,81.28,198.78,92.54,208.88,tomato
data/Laboro-Tomato/train/images/IMG_20191215_112831.jpg,404.80,156.90,420.07,172.96,tomato
data/Laboro-Tomato/train/images/IMG_20191215_112831.jpg,402.61,149.13,416.20,161.56,tomato
data/Laboro-Tomato/train/images/IMG_20191215_112831.jpg,385.24,164.78,396.90,179.38,tomato
data/Laboro-Tomato/train/images/IMG_20191215_112831.jpg,382.66,176.95,395.21,189.48,tomato
data/Laboro-Tomato/train/images/IMG_20191215_112831.jpg,406.34,170.47,420.71,183.01,tomato
data/Laboro-Tomato/train/images/IMG_20191215_112831.jpg,296.14,403.19,322.91,436.70,tomato
data/Laboro-Tomato/train/images/IMG_20191215_112831.jpg,276.50,412.12,296.55,428.80,tomato
data/Laboro-Tomato/train/images/IMG_20191215_112831.jpg,285.42,402.93,302.63,420.28,tomato
data/Laboro-Tomato/train/images/IMG_20191215_112831.jpg,307.11,458.40,340.37,493.47,tomato
data/Laboro-Tomato/train/images/IMG_20191215_112831.jpg,305.85,476.74,334.72,507.15,tomato
data/Laboro-Tomato/train/images/IMG_20191215_112831.jpg,326.36,504.12,360.59,517.79,tomato
data/Laboro-Tomato/train/images/IMG_20191215_112831.jpg,182.09,119.14,193.83,131.05,tomato
data/Laboro-Tomato/train/images/IMG_20191215_112831.jpg,188.74,126.42,199.46,137.14,tomato
data/Laboro-Tomato/train/images/IMG_20191215_112831.jpg,195.77,134.14,204.70,143.72,tomato
data/Laboro-Tomato/train/images/IMG_20191215_112831.jpg,176.87,128.46,186.70,136.34,tomato
data/Laboro-Tomato/train/images/IMG_20191215_112834.jpg,200.51,168.56,246.90,221.50,tomato
data/Laboro-Tomato/train/images/IMG_20191215_112834.jpg,188.76,215.18,254.61,281.90,tomato
data/Laboro-Tomato/train/images/IMG_20191215_112834.jpg,276.07,217.61,355.02,284.12,tomato
data/Laboro-Tomato/train/images/IMG_20191215_112834.jpg,220.63,243.87,267.02,296.61,tomato
data/Laboro-Tomato/train/images/IMG_20191215_112834.jpg,207.09,280.76,223.37,299.09,tomato
data/Laboro-Tomato/train/images/IMG_20191215_112834.jpg,243.03,261.05,280.36,304.51,tomato
data/Laboro-Tomato/train/images/IMG_20191215_112834.jpg,287.82,278.71,335.10,300.21,tomato
data/Laboro-Tomato/train/images/IMG_20191215_112834.jpg,270.65,298.60,332.62,359.47,tomato
data/Laboro-Tomato/train/images/IMG_20191215_112834.jpg,321.10,302.23,357.31,350.87,tomato
data/Laboro-Tomato/train/images/IMG_20191215_112834.jpg,270.63,355.66,321.76,403.83,tomato
data/Laboro-Tomato/train/images/IMG_20191215_112834.jpg,277.90,402.23,321.10,449.26,tomato
data/Laboro-Tomato/train/images/IMG_20191215_112834.jpg,192.60,437.53,214.09,465.35,tomato
data/Laboro-Tomato/train/images/IMG_20191215_112834.jpg,221.08,414.45,235.10,435.48,tomato
data/Laboro-Tomato/train/images/IMG_20191215_112834.jpg,306.16,422.38,338.52,459.26,tomato
data/Laboro-Tomato/train/images/IMG_20191215_112834.jpg,331.26,397.95,368.59,436.86,tomato
data/Laboro-Tomato/train/images/IMG_20191215_112834.jpg,395.75,469.20,414.28,497.28,tomato
data/Laboro-Tomato/train/images/IMG_20191215_112834.jpg,394.18,498.60,422.46,517.82,tomato
data/Laboro-Tomato/train/images/IMG_20191215_112834.jpg,371.29,415.82,386.68,441.15,tomato
data/Laboro-Tomato/train/images/IMG_20191215_112834.jpg,364.09,336.16,393.26,362.42,tomato
data/Laboro-Tomato/train/images/IMG_20191215_112834.jpg,338.72,370.78,360.43,394.30,tomato
data/Laboro-Tomato/train/images/IMG_20191215_112834.jpg,239.44,295.47,259.79,310.39,tomato
data/Laboro-Tomato/train/images/IMG_20191215_112834_1.jpg,180.38,220.12,248.92,288.45,tomato
data/Laboro-Tomato/train/images/IMG_20191215_112834_1.jpg,194.39,169.88,244.62,225.77,tomato
data/Laboro-Tomato/train/images/IMG_20191215_112834_1.jpg,213.66,247.03,262.96,302.25,tomato
data/Laboro-Tomato/train/images/IMG_20191215_112834_1.jpg,238.97,264.91,277.20,309.45,tomato
data/Laboro-Tomato/train/images/IMG_20191215_112834_1.jpg,269.53,225.33,352.55,294.12,tomato
data/Laboro-Tomato/train/images/IMG_20191215_112834_1.jpg,284.00,281.90,340.80,309.04,tomato
data/Laboro-Tomato/train/images/IMG_20191215_112834_1.jpg,263.62,307.43,325.82,368.97,tomato
data/Laboro-Tomato/train/images/IMG_20191215_112834_1.jpg,316.32,309.27,357.73,359.47,tomato
data/Laboro-Tomato/train/images/IMG_20191215_112834_1.jpg,266.13,366.48,317.02,415.59,tomato
data/Laboro-Tomato/train/images/IMG_20191215_112834_1.jpg,272.23,413.55,317.68,461.98,tomato
data/Laboro-Tomato/train/images/IMG_20191215_112834_1.jpg,193.03,440.90,212.49,468.51,tomato
data/Laboro-Tomato/train/images/IMG_20191215_112834_1.jpg,302.08,428.49,337.16,471.48,tomato
data/Laboro-Tomato/train/images/IMG_20191215_112834_1.jpg,325.61,407.90,369.04,451.36,tomato
data/Laboro-Tomato/train/images/IMG_20191215_112834_1.jpg,367.23,341.39,396.41,367.86,tomato
data/Laboro-Tomato/train/images/IMG_20191215_112834_1.jpg,336.04,375.52,362.49,401.79,tomato
data/Laboro-Tomato/train/images/IMG_20191215_112834_1.jpg,350.49,399.53,380.13,423.05,tomato
data/Laboro-Tomato/train/images/IMG_20191215_112834_1.jpg,397.30,477.78,417.00,506.73,tomato
data/Laboro-Tomato/train/images/IMG_20191215_112834_1.jpg,363.39,422.12,388.06,456.51,tomato
data/Laboro-Tomato/train/images/IMG_20191215_112834_1.jpg,69.29,172.36,87.82,191.38,tomato
data/Laboro-Tomato/train/images/IMG_20191215_112836.jpg,173.61,211.06,251.65,274.62,tomato
data/Laboro-Tomato/train/images/IMG_20191215_112836.jpg,152.53,237.11,206.38,285.75,tomato
data/Laboro-Tomato/train/images/IMG_20191215_112836.jpg,176.32,272.80,218.40,302.69,tomato
data/Laboro-Tomato/train/images/IMG_20191215_112836.jpg,103.68,290.47,170.85,357.45,tomato
data/Laboro-Tomato/train/images/IMG_20191215_112836.jpg,149.36,308.78,202.32,364.21,tomato
data/Laboro-Tomato/train/images/IMG_20191215_112836.jpg,182.66,317.38,255.27,383.68,tomato
data/Laboro-Tomato/train/images/IMG_20191215_112836.jpg,200.53,367.86,265.45,427.38,tomato
data/Laboro-Tomato/train/images/IMG_20191215_112836.jpg,248.72,376.22,304.35,434.34,tomato
data/Laboro-Tomato/train/images/IMG_20191215_112836.jpg,188.74,454.26,260.69,517.82,tomato
data/Laboro-Tomato/train/images/IMG_20191215_112836.jpg,250.72,455.19,295.98,514.92,tomato
data/Laboro-Tomato/train/images/IMG_20191215_112836.jpg,263.23,278.92,281.45,304.14,tomato
data/Laboro-Tomato/train/images/IMG_20191215_112836.jpg,249.96,302.33,270.01,319.99,tomato
data/Laboro-Tomato/train/images/IMG_20191215_112838.jpg,172.25,95.23,232.19,148.64,tomato
data/Laboro-Tomato/train/images/IMG_20191215_112838.jpg,231.06,180.52,278.81,221.24,tomato
data/Laboro-Tomato/train/images/IMG_20191215_112838.jpg,224.05,210.15,278.13,271.69,tomato
data/Laboro-Tomato/train/images/IMG_20191215_112838.jpg,213.19,243.87,250.30,287.08,tomato
data/Laboro-Tomato/train/images/IMG_20191215_112838.jpg,260.69,264.67,303.66,321.91,tomato
data/Laboro-Tomato/train/images/IMG_20191215_112838.jpg,222.44,275.99,264.98,326.24,tomato
data/Laboro-Tomato/train/images/IMG_20191215_112838.jpg,244.60,309.25,267.68,331.62,tomato
data/Laboro-Tomato/train/images/IMG_20191215_112838.jpg,281.28,306.09,324.48,357.68,tomato
data/Laboro-Tomato/train/images/IMG_20191215_112838.jpg,137.53,287.75,154.63,308.26,tomato
data/Laboro-Tomato/train/images/IMG_20191215_112838.jpg,148.84,291.97,161.66,309.95,tomato
data/Laboro-Tomato/train/images/IMG_20191215_112844.jpg,184.46,152.45,240.80,216.26,tomato
data/Laboro-Tomato/train/images/IMG_20191215_112844.jpg,163.64,169.65,202.33,218.75,tomato
data/Laboro-Tomato/train/images/IMG_20191215_112844.jpg,225.64,155.22,255.95,202.93,tomato
data/Laboro-Tomato/train/images/IMG_20191215_112844.jpg,226.73,200.41,265.43,244.55,tomato
data/Laboro-Tomato/train/images/IMG_20191215_112844.jpg,302.32,200.41,324.50,229.84,tomato
data/Laboro-Tomato/train/images/IMG_20191215_112844.jpg,252.78,230.07,284.44,266.69,tomato
data/Laboro-Tomato/train/images/IMG_20191215_112844.jpg,303.46,244.57,336.72,282.13,tomato
data/Laboro-Tomato/train/images/IMG_20191215_112844.jpg,289.40,264.67,310.22,299.95,tomato
data/Laboro-Tomato/train/images/IMG_20191215_112844.jpg,241.67,256.07,278.54,304.71,tomato
data/Laboro-Tomato/train/images/IMG_20191215_112844.jpg,315.45,279.20,345.32,312.66,tomato
data/Laboro-Tomato/train/images/IMG_20191215_112844.jpg,142.37,228.26,190.12,287.77,tomato
data/Laboro-Tomato/train/images/IMG_20191215_112844.jpg,264.07,290.49,295.07,335.97,tomato
data/Laboro-Tomato/train/images/IMG_20191215_112844.jpg,310.24,308.31,322.25,327.79,tomato
data/Laboro-Tomato/train/images/IMG_20191215_112844.jpg,197.58,276.92,236.93,331.21,tomato
data/Laboro-Tomato/train/images/IMG_20191215_112844.jpg,225.63,294.53,242.37,328.93,tomato
data/Laboro-Tomato/train/images/IMG_20191215_112844.jpg,136.46,280.52,179.24,335.07,tomato
data/Laboro-Tomato/train/images/IMG_20191215_112844.jpg,292.56,301.79,319.72,332.56,tomato
data/Laboro-Tomato/train/images/IMG_20191215_112844.jpg,348.24,327.35,367.93,349.99,tomato
data/Laboro-Tomato/train/images/IMG_20191215_112844.jpg,330.60,309.92,346.64,339.55,tomato
data/Laboro-Tomato/train/images/IMG_20191215_112844.jpg,220.89,315.62,250.30,356.33,tomato
data/Laboro-Tomato/train/images/IMG_20191215_112844.jpg,157.97,319.68,191.46,362.21,tomato
data/Laboro-Tomato/train/images/IMG_20191215_112844.jpg,153.23,336.42,178.56,366.51,tomato
data/Laboro-Tomato/train/images/IMG_20191215_112844.jpg,134.44,352.24,161.13,388.19,tomato
data/Laboro-Tomato/train/images/IMG_20191215_112844.jpg,324.71,336.39,353.23,378.24,tomato
data/Laboro-Tomato/train/images/IMG_20191215_112844.jpg,286.27,355.61,314.98,398.60,tomato
data/Laboro-Tomato/train/images/IMG_20191215_112844.jpg,273.12,341.41,293.48,372.39,tomato
data/Laboro-Tomato/train/images/IMG_20191215_112844.jpg,272.25,357.01,288.52,385.50,tomato
data/Laboro-Tomato/train/images/IMG_20191215_112844.jpg,262.96,356.54,284.21,389.80,tomato
data/Laboro-Tomato/train/images/IMG_20191215_112844.jpg,220.65,354.70,245.09,388.42,tomato
data/Laboro-Tomato/train/images/IMG_20191215_112844.jpg,205.50,387.98,224.27,417.40,tomato
data/Laboro-Tomato/train/images/IMG_20191215_112844.jpg,199.62,408.60,214.77,429.63,tomato
data/Laboro-Tomato/train/images/IMG_20191215_112844.jpg,205.50,420.77,221.78,440.46,tomato
data/Laboro-Tomato/train/images/IMG_20191215_112844.jpg,324.71,369.64,353.00,397.93,tomato
data/Laboro-Tomato/train/images/IMG_20191215_112844.jpg,292.35,391.84,310.22,416.03,tomato
data/Laboro-Tomato/train/images/IMG_20191215_112844.jpg,326.97,389.12,352.30,416.26,tomato
data/Laboro-Tomato/train/images/IMG_20191215_112844.jpg,294.86,410.39,319.76,434.37,tomato
data/Laboro-Tomato/train/images/IMG_20191215_112844.jpg,298.26,427.12,321.33,448.41,tomato
data/Laboro-Tomato/train/images/IMG_20191215_112844_1.jpg,197.13,148.41,253.23,211.50,tomato
data/Laboro-Tomato/train/images/IMG_20191215_112844_1.jpg,237.61,152.24,265.66,196.37,tomato
data/Laboro-Tomato/train/images/IMG_20191215_112844_1.jpg,174.73,164.91,214.09,213.34,tomato
data/Laboro-Tomato/train/images/IMG_20191215_112844_1.jpg,237.38,197.05,275.14,241.60,tomato
data/Laboro-Tomato/train/images/IMG_20191215_112844_1.jpg,260.69,226.94,293.48,262.88,tomato
data/Laboro-Tomato/train/images/IMG_20191215_112844_1.jpg,250.30,252.91,286.70,301.76,tomato
data/Laboro-Tomato/train/images/IMG_20191215_112844_1.jpg,154.82,224.16,200.74,283.68,tomato
data/Laboro-Tomato/train/images/IMG_20191215_112844_1.jpg,310.03,240.92,345.30,280.08,tomato
data/Laboro-Tomato/train/images/IMG_20191215_112844_1.jpg,301.40,269.88,317.25,297.02,tomato
data/Laboro-Tomato/train/images/IMG_20191215_112844_1.jpg,207.73,272.83,246.43,326.70,tomato
data/Laboro-Tomato/train/images/IMG_20191215_112844_1.jpg,145.98,277.80,188.76,329.40,tomato
data/Laboro-Tomato/train/images/IMG_20191215_112844_1.jpg,227.20,313.34,258.20,352.71,tomato
data/Laboro-Tomato/train/images/IMG_20191215_112844_1.jpg,165.21,316.06,199.13,356.10,tomato
data/Laboro-Tomato/train/images/IMG_20191215_112844_1.jpg,162.49,330.51,186.23,361.95,tomato
data/Laboro-Tomato/train/images/IMG_20191215_112844_1.jpg,141.94,347.97,168.40,381.90,tomato
data/Laboro-Tomato/train/images/IMG_20191215_112844_1.jpg,298.70,298.83,328.11,329.60,tomato
data/Laboro-Tomato/train/images/IMG_20191215_112844_1.jpg,316.79,305.39,329.22,324.40,tomato
data/Laboro-Tomato/train/images/IMG_20191215_112844_1.jpg,324.01,277.80,352.76,311.27,tomato
data/Laboro-Tomato/train/images/IMG_20191215_112844_1.jpg,327.88,306.55,352.08,337.32,tomato
data/Laboro-Tomato/train/images/IMG_20191215_112844_1.jpg,226.91,350.94,251.89,384.20,tomato
data/Laboro-Tomato/train/images/IMG_20191215_112844_1.jpg,210.98,383.60,229.67,413.29,tomato
data/Laboro-Tomato/train/images/IMG_20191215_112844_1.jpg,203.87,402.69,219.22,421.96,tomato
data/Laboro-Tomato/train/images/IMG_20191215_112844_1.jpg,210.38,416.06,226.69,435.95,tomato
data/Laboro-Tomato/train/images/IMG_20191215_112844_1.jpg,280.81,338.75,299.30,368.63,tomato
data/Laboro-Tomato/train/images/IMG_20191215_112844_1.jpg,277.86,358.02,294.56,382.41,tomato
data/Laboro-Tomato/train/images/IMG_20191215_112844_1.jpg,272.94,367.47,288.68,386.74,tomato
data/Laboro-Tomato/train/images/IMG_20191215_112844_1.jpg,290.06,353.30,321.53,395.21,tomato
data/Laboro-Tomato/train/images/IMG_20191215_112844_1.jpg,296.72,386.14,316.81,416.24,tomato
data/Laboro-Tomato/train/images/IMG_20191215_112844_1.jpg,299.50,406.24,313.25,432.61,tomato
data/Laboro-Tomato/train/images/IMG_20191215_112844_1.jpg,302.04,415.64,324.85,444.96,tomato
data/Laboro-Tomato/train/images/IMG_20191215_112844_1.jpg,332.73,334.63,358.49,375.14,tomato
data/Laboro-Tomato/train/images/IMG_20191215_112844_1.jpg,330.75,366.28,358.69,395.80,tomato
data/Laboro-Tomato/train/images/IMG_20191215_112844_1.jpg,330.40,384.17,356.55,414.48,tomato
data/Laboro-Tomato/train/images/IMG_20191215_112844_1.jpg,350.45,325.30,370.54,348.20,tomato
data/Laboro-Tomato/train/images/IMG_20191215_112844_1.jpg,365.78,318.93,381.39,338.72,tomato
data/Laboro-Tomato/train/images/IMG_20191215_112844_1.jpg,366.96,341.39,377.96,362.06,tomato
data/Laboro-Tomato/train/images/IMG_20191215_112844_1.jpg,217.16,333.05,228.46,344.70,tomato
data/Laboro-Tomato/train/images/IMG_20191215_112844_1.jpg,217.56,344.42,228.21,354.47,tomato
data/Laboro-Tomato/train/images/IMG_20191215_112844_1.jpg,211.37,346.72,219.80,358.27,tomato
data/Laboro-Tomato/train/images/IMG_20191215_112844_1.jpg,207.19,353.98,214.42,363.14,tomato
data/Laboro-Tomato/train/images/IMG_20191215_112844_1.jpg,217.23,354.26,225.97,363.17,tomato
data/Laboro-Tomato/train/images/IMG_20191215_112844_1.jpg,210.36,351.96,217.93,360.61,tomato
data/Laboro-Tomato/train/images/IMG_20191215_112844_1.jpg,207.21,366.56,214.94,374.28,tomato
data/Laboro-Tomato/train/images/IMG_20191215_112844_1.jpg,216.81,365.29,221.66,372.34,tomato
data/Laboro-Tomato/train/images/IMG_20191215_112844_1.jpg,66.69,12.59,80.87,32.48,tomato
data/Laboro-Tomato/train/images/IMG_20191215_112844_1.jpg,74.09,31.83,87.14,48.04,tomato
data/Laboro-Tomato/train/images/IMG_20191215_112844_1.jpg,74.44,42.63,86.02,57.24,tomato
data/Laboro-Tomato/train/images/IMG_20191215_112844_1.jpg,76.34,53.43,87.14,67.37,tomato
data/Laboro-Tomato/train/images/IMG_20191215_112844_1.jpg,98.61,40.04,109.87,55.68,tomato
data/Laboro-Tomato/train/images/IMG_20191215_112844_1.jpg,97.15,47.14,106.05,60.40,tomato
data/Laboro-Tomato/train/images/IMG_20191215_112844_1.jpg,82.64,66.90,90.64,77.73,tomato
data/Laboro-Tomato/train/images/IMG_20191215_112844_1.jpg,99.17,57.14,108.07,68.64,tomato
data/Laboro-Tomato/train/images/IMG_20191215_112844_1.jpg,136.99,239.01,149.81,251.96,tomato
data/Laboro-Tomato/train/images/IMG_20191215_112844_1.jpg,147.11,253.41,158.03,266.67,tomato
data/Laboro-Tomato/train/images/IMG_20191215_112844_1.jpg,75.02,167.16,87.07,177.83,tomato
data/Laboro-Tomato/train/images/IMG_20191215_112844_1.jpg,74.91,181.22,85.24,191.22,tomato
data/Laboro-Tomato/train/images/IMG_20191215_112844_1.jpg,77.96,193.11,84.91,199.53,tomato
data/Laboro-Tomato/train/images/IMG_20191215_112848.jpg,64.98,286.19,102.32,341.62,tomato
data/Laboro-Tomato/train/images/IMG_20191215_112848.jpg,274.71,291.14,307.97,327.56,tomato
data/Laboro-Tomato/train/images/IMG_20191215_112848.jpg,303.69,288.45,333.76,325.80,tomato
data/Laboro-Tomato/train/images/IMG_20191215_112848.jpg,330.15,328.05,376.54,372.18,tomato
data/Laboro-Tomato/train/images/IMG_20191215_112848.jpg,345.54,353.61,383.53,387.75,tomato
data/Laboro-Tomato/train/images/IMG_20191215_112848.jpg,376.98,360.14,406.39,389.10,tomato
data/Laboro-Tomato/train/images/IMG_20191215_112848.jpg,358.65,300.91,390.78,331.68,tomato
data/Laboro-Tomato/train/images/IMG_20191215_112848.jpg,146.20,142.66,160.18,160.06,tomato
data/Laboro-Tomato/train/images/IMG_20191215_112848.jpg,154.70,134.45,167.21,150.66,tomato
data/Laboro-Tomato/train/images/IMG_20191215_112848.jpg,168.85,0.23,212.51,28.98,tomato
data/Laboro-Tomato/train/images/IMG_20191215_112848.jpg,171.78,30.56,211.60,69.00,tomato
data/Laboro-Tomato/train/images/IMG_20191215_112848.jpg,226.75,0.23,266.11,26.91,tomato
data/Laboro-Tomato/train/images/IMG_20191215_112848.jpg,238.27,0.47,277.20,16.73,tomato
data/Laboro-Tomato/train/images/IMG_20191215_112848.jpg,297.79,0.21,340.99,41.85,tomato
data/Laboro-Tomato/train/images/IMG_20191215_112848.jpg,281.26,31.65,323.57,80.96,tomato
data/Laboro-Tomato/train/images/IMG_20191215_112848.jpg,228.13,71.28,258.67,113.13,tomato
data/Laboro-Tomato/train/images/IMG_20191215_112848.jpg,256.41,85.52,284.00,122.61,tomato
data/Laboro-Tomato/train/images/IMG_20191215_112848.jpg,270.19,74.00,300.06,120.36,tomato
data/Laboro-Tomato/train/images/IMG_20191215_112848.jpg,347.54,0.00,387.36,22.61,tomato
data/Laboro-Tomato/train/images/IMG_20191215_112848.jpg,317.93,28.31,352.08,77.16,tomato
data/Laboro-Tomato/train/images/IMG_20191215_112848.jpg,374.69,0.23,411.33,47.73,tomato
data/Laboro-Tomato/train/images/IMG_20191215_112848.jpg,336.02,45.95,366.55,90.29,tomato
data/Laboro-Tomato/train/images/IMG_20191215_112848.jpg,384.44,41.39,418.83,83.04,tomato
data/Laboro-Tomato/train/images/IMG_20191215_112848.jpg,413.39,73.97,438.29,107.23,tomato
data/Laboro-Tomato/train/images/IMG_20191215_112848.jpg,398.92,78.94,417.49,113.34,tomato
data/Laboro-Tomato/train/images/IMG_20191215_112848.jpg,362.47,83.27,385.55,113.36,tomato
data/Laboro-Tomato/train/images/IMG_20191215_112848.jpg,420.85,89.15,442.33,114.01,tomato
data/Laboro-Tomato/train/images/IMG_20191215_112848.jpg,397.32,108.83,419.70,135.77,tomato
data/Laboro-Tomato/train/images/IMG_20191215_112848.jpg,373.33,108.37,390.31,132.82,tomato
data/Laboro-Tomato/train/images/IMG_20191215_112848.jpg,414.30,40.02,426.50,54.05,tomato
data/Laboro-Tomato/train/images/IMG_20191215_112848.jpg,118.17,104.27,129.70,115.15,tomato
data/Laboro-Tomato/train/images/IMG_20191215_112853.jpg,108.67,21.70,169.74,91.84,tomato
data/Laboro-Tomato/train/images/IMG_20191215_112853.jpg,292.82,74.62,313.64,102.02,tomato
data/Laboro-Tomato/train/images/IMG_20191215_112853.jpg,291.44,90.93,308.41,118.54,tomato
data/Laboro-Tomato/train/images/IMG_20191215_112853.jpg,140.80,90.49,202.33,147.27,tomato
data/Laboro-Tomato/train/images/IMG_20191215_112853.jpg,108.43,102.69,156.38,161.28,tomato
data/Laboro-Tomato/train/images/IMG_20191215_112853.jpg,134.00,146.59,194.84,207.93,tomato
data/Laboro-Tomato/train/images/IMG_20191215_112853.jpg,103.25,146.36,142.37,193.65,tomato
data/Laboro-Tomato/train/images/IMG_20191215_112853.jpg,166.79,161.56,205.71,216.06,tomato
data/Laboro-Tomato/train/images/IMG_20191215_112853.jpg,92.14,185.75,134.68,233.93,tomato
data/Laboro-Tomato/train/images/IMG_20191215_112853.jpg,150.98,206.76,186.25,254.05,tomato
data/Laboro-Tomato/train/images/IMG_20191215_112853.jpg,115.66,250.19,159.79,301.79,tomato
data/Laboro-Tomato/train/images/IMG_20191215_112853.jpg,161.60,239.81,216.34,304.51,tomato
data/Laboro-Tomato/train/images/IMG_20191215_112853.jpg,201.19,262.24,235.80,316.06,tomato
data/Laboro-Tomato/train/images/IMG_20191215_112853.jpg,219.08,126.94,279.92,203.86,tomato
data/Laboro-Tomato/train/images/IMG_20191215_112853.jpg,204.35,197.25,257.50,265.11,tomato
data/Laboro-Tomato/train/images/IMG_20191215_112853.jpg,261.60,195.03,321.78,266.30,tomato
data/Laboro-Tomato/train/images/IMG_20191215_112853.jpg,231.96,252.24,276.29,309.27,tomato
data/Laboro-Tomato/train/images/IMG_20191215_112853.jpg,262.51,279.85,303.69,333.67,tomato
data/Laboro-Tomato/train/images/IMG_20191215_112853.jpg,305.70,248.17,358.18,309.92,tomato
data/Laboro-Tomato/train/images/IMG_20191215_112853.jpg,315.45,303.11,365.45,355.17,tomato
data/Laboro-Tomato/train/images/IMG_20191215_112853.jpg,309.09,341.36,342.58,371.92,tomato
data/Laboro-Tomato/train/images/IMG_20191215_112853.jpg,322.23,369.44,347.09,401.35,tomato
data/Laboro-Tomato/train/images/IMG_20191215_112853.jpg,146.45,281.64,165.91,335.51,tomato
data/Laboro-Tomato/train/images/IMG_20191215_112853.jpg,85.18,109.14,97.65,125.20,tomato
data/Laboro-Tomato/train/images/IMG_20191215_112853.jpg,75.94,111.40,86.54,125.23,tomato
data/Laboro-Tomato/train/images/IMG_20191215_112853.jpg,90.47,66.38,107.75,87.78,tomato
data/Laboro-Tomato/train/images/IMG_20191215_112853.jpg,104.01,86.56,119.39,102.82,tomato
data/Laboro-Tomato/train/images/IMG_20191215_112853.jpg,97.19,101.92,109.66,121.45,tomato
data/Laboro-Tomato/train/images/IMG_20191215_112853.jpg,72.36,106.24,81.96,119.40,tomato
data/Laboro-Tomato/train/images/IMG_20191215_112854.jpg,120.46,13.57,180.87,83.81,tomato
data/Laboro-Tomato/train/images/IMG_20191215_112854.jpg,114.16,66.67,129.12,88.53,tomato
data/Laboro-Tomato/train/images/IMG_20191215_112854.jpg,91.94,75.55,109.46,96.22,tomato
data/Laboro-Tomato/train/images/IMG_20191215_112854.jpg,85.67,61.77,95.69,75.91,tomato
data/Laboro-Tomato/train/images/IMG_20191215_112854.jpg,84.29,90.47,98.86,110.93,tomato
data/Laboro-Tomato/train/images/IMG_20191215_112854.jpg,101.19,91.09,118.32,111.97,tomato
data/Laboro-Tomato/train/images/IMG_20191215_112854.jpg,155.70,82.41,214.32,140.84,tomato
data/Laboro-Tomato/train/images/IMG_20191215_112854.jpg,121.06,95.23,168.07,154.65,tomato
data/Laboro-Tomato/train/images/IMG_20191215_112854.jpg,151.56,140.22,209.99,201.04,tomato
data/Laboro-Tomato/train/images/IMG_20191215_112854.jpg,238.72,119.40,297.34,194.92,tomato
data/Laboro-Tomato/train/images/IMG_20191215_112854.jpg,181.04,155.40,217.64,208.13,tomato
data/Laboro-Tomato/train/images/IMG_20191215_112854.jpg,113.97,136.73,157.44,186.09,tomato
data/Laboro-Tomato/train/images/IMG_20191215_112854.jpg,103.75,177.23,145.67,227.22,tomato
data/Laboro-Tomato/train/images/IMG_20191215_112854.jpg,136.21,210.70,165.12,247.11,tomato
data/Laboro-Tomato/train/images/IMG_20191215_112854.jpg,161.60,199.48,198.78,245.69,tomato
data/Laboro-Tomato/train/images/IMG_20191215_112854.jpg,222.58,187.88,274.71,255.53,tomato
data/Laboro-Tomato/train/images/IMG_20191215_112854.jpg,182.04,230.17,234.37,293.32,tomato
data/Laboro-Tomato/train/images/IMG_20191215_112854.jpg,280.60,184.72,337.44,254.34,tomato
data/Laboro-Tomato/train/images/IMG_20191215_112854.jpg,248.35,240.38,292.60,297.62,tomato
data/Laboro-Tomato/train/images/IMG_20191215_112854.jpg,224.34,250.25,253.44,302.56,tomato
data/Laboro-Tomato/train/images/IMG_20191215_112854.jpg,132.46,241.75,174.77,292.31,tomato
data/Laboro-Tomato/train/images/IMG_20191215_112854.jpg,166.69,270.29,187.55,323.02,tomato
data/Laboro-Tomato/train/images/IMG_20191215_112854.jpg,278.03,266.98,317.00,319.30,tomato
data/Laboro-Tomato/train/images/IMG_20191215_112854.jpg,321.92,235.46,372.26,294.87,tomato
data/Laboro-Tomato/train/images/IMG_20191215_112854.jpg,330.95,287.02,379.94,337.99,tomato
data/Laboro-Tomato/train/images/IMG_20191215_112854.jpg,320.15,320.05,351.42,353.87,tomato
data/Laboro-Tomato/train/images/IMG_20191215_112854.jpg,332.72,351.93,356.34,381.46,tomato
data/Laboro-Tomato/train/images/IMG_20191215_112854.jpg,359.27,335.04,392.33,369.64,tomato
data/Laboro-Tomato/train/images/IMG_20191215_112854.jpg,361.46,344.24,397.05,385.94,tomato
data/Laboro-Tomato/train/images/IMG_20191215_112854.jpg,382.52,364.34,409.87,396.61,tomato
data/Laboro-Tomato/train/images/IMG_20191215_112854.jpg,359.29,374.33,385.47,404.64,tomato
data/Laboro-Tomato/train/images/IMG_20191215_112854.jpg,322.28,474.18,333.74,486.51,tomato
data/Laboro-Tomato/train/images/IMG_20191215_112854.jpg,78.34,98.70,89.11,115.64,tomato
data/Laboro-Tomato/train/images/IMG_20191215_112854.jpg,267.54,91.35,288.25,110.67,tomato
data/Laboro-Tomato/train/images/IMG_20191215_112854.jpg,263.60,75.78,282.95,93.08,tomato
data/Laboro-Tomato/train/images/IMG_20191215_112854.jpg,260.88,55.97,276.11,77.67,tomato
data/Laboro-Tomato/train/images/IMG_20191215_112858.jpg,200.28,130.30,251.64,193.86,tomato
data/Laboro-Tomato/train/images/IMG_20191215_112858.jpg,107.54,131.88,160.69,194.56,tomato
data/Laboro-Tomato/train/images/IMG_20191215_112858.jpg,139.44,177.60,185.12,233.70,tomato
data/Laboro-Tomato/train/images/IMG_20191215_112858.jpg,221.33,191.61,262.05,241.85,tomato
data/Laboro-Tomato/train/images/IMG_20191215_112858.jpg,385.05,118.21,400.43,134.99,tomato
data/Laboro-Tomato/train/images/IMG_20191215_112858.jpg,374.96,124.37,388.83,141.47,tomato
data/Laboro-Tomato/train/images/IMG_20191215_112858.jpg,398.04,123.83,411.21,140.77,tomato
data/Laboro-Tomato/train/images/IMG_20191215_112858.jpg,365.58,132.37,375.99,144.55,tomato
data/Laboro-Tomato/train/images/IMG_20191215_112858.jpg,317.97,184.90,353.91,233.33,tomato
data/Laboro-Tomato/train/images/IMG_20191215_112858.jpg,269.43,207.82,301.75,251.44,tomato
data/Laboro-Tomato/train/images/IMG_20191215_112858.jpg,328.62,227.17,358.73,268.25,tomato
data/Laboro-Tomato/train/images/IMG_20191215_112858.jpg,186.62,206.81,199.09,225.82,tomato
data/Laboro-Tomato/train/images/IMG_20191215_112858.jpg,196.22,224.58,208.69,239.13,tomato
data/Laboro-Tomato/train/images/IMG_20191215_112858.jpg,228.03,247.35,241.05,261.02,tomato
data/Laboro-Tomato/train/images/IMG_20191215_112858.jpg,204.24,243.43,217.60,259.34,tomato
data/Laboro-Tomato/train/images/IMG_20191215_112858.jpg,214.86,261.54,227.18,277.29,tomato
data/Laboro-Tomato/train/images/IMG_20191215_112858.jpg,243.44,265.68,250.28,275.94,tomato
data/Laboro-Tomato/train/images/IMG_20191215_112858.jpg,238.12,281.77,244.95,290.83,tomato
data/Laboro-Tomato/train/images/IMG_20191215_112858.jpg,156.69,250.30,185.59,281.07,tomato
data/Laboro-Tomato/train/images/IMG_20191215_112858.jpg,211.25,300.72,218.59,306.89,tomato
data/Laboro-Tomato/train/images/IMG_20191215_112858.jpg,162.86,280.89,190.06,314.40,tomato
data/Laboro-Tomato/train/images/IMG_20191215_112858.jpg,143.71,300.54,165.93,329.14,tomato
data/Laboro-Tomato/train/images/IMG_20191215_112858.jpg,182.17,322.95,194.84,338.54,tomato
data/Laboro-Tomato/train/images/IMG_20191215_112858.jpg,165.76,322.97,183.05,339.76,tomato
data/Laboro-Tomato/train/images/IMG_20191215_112858.jpg,274.38,364.54,291.83,387.28,tomato
data/Laboro-Tomato/train/images/IMG_20191215_112858.jpg,273.86,387.96,290.80,409.66,tomato
data/Laboro-Tomato/train/images/IMG_20191215_112858.jpg,273.51,408.16,287.88,423.54,tomato
data/Laboro-Tomato/train/images/IMG_20191215_112858.jpg,296.80,380.45,314.09,399.97,tomato
data/Laboro-Tomato/train/images/IMG_20191215_112858.jpg,300.53,356.15,317.82,377.03,tomato
data/Laboro-Tomato/train/images/IMG_20191215_112858.jpg,312.36,361.98,329.45,386.95,tomato
data/Laboro-Tomato/train/images/IMG_20191215_112858.jpg,329.96,359.26,346.90,381.48,tomato
data/Laboro-Tomato/train/images/IMG_20191215_112858.jpg,345.03,391.37,361.11,408.31,tomato
data/Laboro-Tomato/train/images/IMG_20191215_112858.jpg,387.46,436.73,417.37,472.47,tomato
data/Laboro-Tomato/train/images/IMG_20191215_112858.jpg,416.01,104.35,427.12,120.77,tomato
data/Laboro-Tomato/train/images/IMG_20191215_112858.jpg,237.11,473.61,249.77,486.56,tomato
data/Laboro-Tomato/train/images/IMG_20191215_112858.jpg,241.85,436.26,254.04,449.93,tomato
data/Laboro-Tomato/train/images/IMG_20191215_112858.jpg,218.94,490.00,228.77,502.18,tomato
data/Laboro-Tomato/train/images/IMG_20191215_112858.jpg,206.32,502.49,217.62,512.28,tomato
data/Laboro-Tomato/train/images/IMG_20191215_112858.jpg,205.73,506.91,220.30,517.79,tomato
data/Laboro-Tomato/train/images/IMG_20191215_112858.jpg,236.35,507.23,247.81,517.79,tomato
data/Laboro-Tomato/train/images/IMG_20191215_112858.jpg,202.30,501.32,212.86,515.72,tomato
data/Laboro-Tomato/train/images/IMG_20191215_112858.jpg,77.30,435.28,89.46,447.81,tomato
data/Laboro-Tomato/train/images/IMG_20191215_112858.jpg,88.39,452.81,101.60,465.50,tomato
data/Laboro-Tomato/train/images/IMG_20191215_112858.jpg,110.26,471.10,121.14,480.78,tomato
data/Laboro-Tomato/train/images/IMG_20191215_112858.jpg,79.72,488.40,92.16,501.71,tomato
data/Laboro-Tomato/train/images/IMG_20191215_112858.jpg,104.34,471.22,112.22,480.55,tomato
data/Laboro-Tomato/train/images/IMG_20191215_112858.jpg,105.50,480.29,114.16,488.68,tomato
data/Laboro-Tomato/train/images/IMG_20191215_112858.jpg,288.43,429.29,302.41,447.58,tomato
data/Laboro-Tomato/train/images/IMG_20191215_112858.jpg,300.76,436.86,313.39,453.38,tomato
data/Laboro-Tomato/train/images/IMG_20191215_112858.jpg,352.10,415.77,364.30,425.87,tomato
data/Laboro-Tomato/train/images/IMG_20191215_112901.jpg,194.62,156.57,242.14,214.94,tomato
data/Laboro-Tomato/train/images/IMG_20191215_112901.jpg,266.34,188.68,303.44,234.63,tomato
data/Laboro-Tomato/train/images/IMG_20191215_112901.jpg,228.34,229.84,262.73,271.90,tomato
data/Laboro-Tomato/train/images/IMG_20191215_112901.jpg,185.80,187.31,223.61,226.68,tomato
data/Laboro-Tomato/train/images/IMG_20191215_112901.jpg,195.98,213.11,224.69,240.25,tomato
data/Laboro-Tomato/train/images/IMG_20191215_112901.jpg,194.16,233.67,221.31,264.23,tomato
data/Laboro-Tomato/train/images/IMG_20191215_112901.jpg,253.07,253.17,278.25,284.82,tomato
data/Laboro-Tomato/train/images/IMG_20191215_112901.jpg,274.89,252.40,329.78,302.38,tomato
data/Laboro-Tomato/train/images/IMG_20191215_112901.jpg,321.74,248.64,362.26,293.08,tomato
data/Laboro-Tomato/train/images/IMG_20191215_112901.jpg,325.64,273.81,377.78,320.64,tomato
data/Laboro-Tomato/train/images/IMG_20191215_112901.jpg,314.84,312.56,355.95,349.55,tomato
data/Laboro-Tomato/train/images/IMG_20191215_112901.jpg,330.17,339.73,358.49,361.95,tomato
data/Laboro-Tomato/train/images/IMG_20191215_112901.jpg,318.96,389.12,358.51,426.31,tomato
data/Laboro-Tomato/train/images/IMG_20191215_112901.jpg,348.27,347.99,380.33,382.59,tomato
data/Laboro-Tomato/train/images/IMG_20191215_112901.jpg,360.49,308.47,401.21,349.18,tomato
data/Laboro-Tomato/train/images/IMG_20191215_112901.jpg,231.41,220.54,261.91,240.79,tomato
data/Laboro-Tomato/train/images/IMG_20191215_112901.jpg,308.14,201.61,358.30,246.67,tomato
data/Laboro-Tomato/train/images/IMG_20191215_112901.jpg,369.12,224.63,390.17,247.06,tomato
data/Laboro-Tomato/train/images/IMG_20191215_112901.jpg,401.19,210.52,425.00,231.75,tomato
data/Laboro-Tomato/train/images/IMG_20191215_112901.jpg,392.35,228.59,408.28,251.80,tomato
data/Laboro-Tomato/train/images/IMG_20191215_112901.jpg,379.55,244.16,399.01,264.21,tomato
data/Laboro-Tomato/train/images/IMG_20191215_112901.jpg,421.47,81.84,439.77,103.70,tomato
data/Laboro-Tomato/train/images/IMG_20191215_112901.jpg,429.12,106.81,445.24,124.11,tomato
data/Laboro-Tomato/train/images/IMG_20191215_112901.jpg,393.71,79.85,410.03,98.76,tomato
data/Laboro-Tomato/train/images/IMG_20191215_112901.jpg,435.43,62.13,453.15,88.71,tomato
data/Laboro-Tomato/train/images/IMG_20191215_112901.jpg,167.68,151.46,183.22,168.97,tomato
data/Laboro-Tomato/train/images/IMG_20191215_112901.jpg,158.43,141.26,175.53,158.35,tomato
data/Laboro-Tomato/train/images/IMG_20191215_112901.jpg,286.93,304.74,306.63,321.94,tomato
data/Laboro-Tomato/train/images/IMG_20191215_112901.jpg,280.35,295.70,303.89,311.29,tomato
data/Laboro-Tomato/train/images/IMG_20191215_112904.jpg,440.99,294.07,453.19,332.09,tomato
data/Laboro-Tomato/train/images/IMG_20191215_112904.jpg,129.69,97.72,186.48,163.77,tomato
data/Laboro-Tomato/train/images/IMG_20191215_112904.jpg,187.84,176.46,239.44,226.44,tomato
data/Laboro-Tomato/train/images/IMG_20191215_112904.jpg,160.22,205.67,206.61,252.03,tomato
data/Laboro-Tomato/train/images/IMG_20191215_112904.jpg,231.28,204.74,271.76,249.75,tomato
data/Laboro-Tomato/train/images/IMG_20191215_112904.jpg,205.03,224.19,246.88,259.73,tomato
data/Laboro-Tomato/train/images/IMG_20191215_112904.jpg,266.34,200.65,316.34,249.49,tomato
data/Laboro-Tomato/train/images/IMG_20191215_112904.jpg,88.97,217.87,143.05,273.30,tomato
data/Laboro-Tomato/train/images/IMG_20191215_112904.jpg,198.49,249.78,236.95,290.70,tomato
data/Laboro-Tomato/train/images/IMG_20191215_112904.jpg,255.25,252.03,296.20,288.45,tomato
data/Laboro-Tomato/train/images/IMG_20191215_112904.jpg,351.40,250.43,390.10,291.82,tomato
data/Laboro-Tomato/train/images/IMG_20191215_112904.jpg,367.02,282.10,384.89,304.27,tomato
data/Laboro-Tomato/train/images/IMG_20191215_112904.jpg,263.41,280.96,306.38,326.65,tomato
data/Laboro-Tomato/train/images/IMG_20191215_112904.jpg,306.38,305.41,347.32,352.24,tomato
data/Laboro-Tomato/train/images/IMG_20191215_112904.jpg,279.02,324.86,314.30,367.60,tomato
data/Laboro-Tomato/train/images/IMG_20191215_112904.jpg,264.98,365.81,293.92,401.35,tomato
data/Laboro-Tomato/train/images/IMG_20191215_112904.jpg,201.64,294.12,237.38,334.84,tomato
data/Laboro-Tomato/train/images/IMG_20191215_112904.jpg,224.05,323.49,262.28,366.48,tomato
data/Laboro-Tomato/train/images/IMG_20191215_112904.jpg,164.55,281.66,204.14,326.88,tomato
data/Laboro-Tomato/train/images/IMG_20191215_112904.jpg,150.72,312.20,198.24,360.37,tomato
data/Laboro-Tomato/train/images/IMG_20191215_112904.jpg,79.45,324.45,128.56,369.67,tomato
data/Laboro-Tomato/train/images/IMG_20191215_112907.jpg,73.61,34.81,98.28,59.26,tomato
data/Laboro-Tomato/train/images/IMG_20191215_112907.jpg,65.21,0.03,92.37,31.68,tomato
data/Laboro-Tomato/train/images/IMG_20191215_112907.jpg,100.08,165.58,161.62,230.07,tomato
data/Laboro-Tomato/train/images/IMG_20191215_112907.jpg,137.38,187.80,207.07,267.42,tomato
data/Laboro-Tomato/train/images/IMG_20191215_112907.jpg,198.70,210.41,245.75,266.04,tomato
data/Laboro-Tomato/train/images/IMG_20191215_112907.jpg,240.54,180.06,297.77,245.43,tomato
data/Laboro-Tomato/train/images/IMG_20191215_112907.jpg,77.45,222.14,140.35,292.95,tomato
data/Laboro-Tomato/train/images/IMG_20191215_112907.jpg,101.19,242.53,174.50,328.93,tomato
data/Laboro-Tomato/train/images/IMG_20191215_112907.jpg,197.11,259.05,262.26,329.40,tomato
data/Laboro-Tomato/train/images/IMG_20191215_112907.jpg,258.86,263.53,315.66,326.68,tomato
data/Laboro-Tomato/train/images/IMG_20191215_112909.jpg,206.38,225.56,270.40,302.49,tomato
data/Laboro-Tomato/train/images/IMG_20191215_112909.jpg,274.71,246.80,336.48,316.26,tomato
data/Laboro-Tomato/train/images/IMG_20191215_112909.jpg,265.00,306.09,300.51,349.29,tomato
data/Laboro-Tomato/train/images/IMG_20191215_112909.jpg,276.99,325.77,316.34,367.62,tomato
data/Laboro-Tomato/train/images/IMG_20191215_112911.jpg,251.42,46.39,329.01,145.27,tomato
data/Laboro-Tomato/train/images/IMG_20191215_112911.jpg,270.19,120.59,334.87,189.59,tomato
data/Laboro-Tomato/train/images/IMG_20191215_112911.jpg,314.96,162.42,373.78,229.40,tomato
data/Laboro-Tomato/train/images/IMG_20191215_112911.jpg,252.76,183.94,309.09,251.59,tomato
data/Laboro-Tomato/train/images/IMG_20191215_112911.jpg,185.80,183.48,250.96,255.17,tomato
data/Laboro-Tomato/train/images/IMG_20191215_112911.jpg,296.64,211.53,341.44,265.14,tomato
data/Laboro-Tomato/train/images/IMG_20191215_112911.jpg,337.59,208.34,374.23,241.39,tomato
data/Laboro-Tomato/train/images/IMG_20191215_112911.jpg,319.97,240.92,358.20,284.12,tomato
data/Laboro-Tomato/train/images/IMG_20191215_112911.jpg,271.10,264.67,311.58,310.62,tomato
data/Laboro-Tomato/train/images/IMG_20191215_112911.jpg,326.75,284.15,353.67,318.29,tomato
data/Laboro-Tomato/train/images/IMG_20191215_112911.jpg,291.01,308.60,320.42,349.99,tomato
data/Laboro-Tomato/train/images/IMG_20191215_112911.jpg,206.39,242.29,254.14,291.14,tomato
data/Laboro-Tomato/train/images/IMG_20191215_112911.jpg,155.93,242.76,221.78,313.78,tomato
data/Laboro-Tomato/train/images/IMG_20191215_112911.jpg,140.35,306.11,195.32,370.81,tomato
data/Laboro-Tomato/train/images/IMG_20191215_112918.jpg,313.62,79.41,373.80,163.33,tomato
data/Laboro-Tomato/train/images/IMG_20191215_112918.jpg,193.94,149.31,265.19,239.81,tomato
data/Laboro-Tomato/train/images/IMG_20191215_112918.jpg,275.16,181.43,330.13,252.03,tomato
data/Laboro-Tomato/train/images/IMG_20191215_112918.jpg,184.21,236.18,246.88,317.15,tomato
data/Laboro-Tomato/train/images/IMG_20191215_112918.jpg,264.77,278.92,312.94,341.13,tomato
data/Laboro-Tomato/train/images/IMG_20191215_112918.jpg,201.85,304.01,254.34,367.83,tomato
data/Laboro-Tomato/train/images/IMG_20191215_112918.jpg,269.06,338.90,306.39,390.96,tomato
data/Laboro-Tomato/train/images/IMG_20191215_112918.jpg,236.93,368.51,274.50,425.07,tomato
data/Laboro-Tomato/train/images/IMG_20191215_112918.jpg,208.22,350.19,250.06,391.79,tomato
data/Laboro-Tomato/train/images/IMG_20191215_112918.jpg,254.80,468.97,276.75,490.68,tomato
data/Laboro-Tomato/train/images/IMG_20191215_112918.jpg,288.27,485.03,308.63,506.73,tomato
data/Laboro-Tomato/train/images/IMG_20191215_112918.jpg,251.89,489.56,272.91,510.59,tomato
data/Laboro-Tomato/train/images/IMG_20191215_112918.jpg,272.23,498.16,293.28,517.84,tomato
data/Laboro-Tomato/train/images/IMG_20191215_112922.jpg,278.77,178.24,339.42,250.87,tomato
data/Laboro-Tomato/train/images/IMG_20191215_112922.jpg,239.42,209.95,279.24,242.06,tomato
data/Laboro-Tomato/train/images/IMG_20191215_112922.jpg,174.29,152.47,222.46,212.41,tomato
data/Laboro-Tomato/train/images/IMG_20191215_112922.jpg,227.66,218.29,278.56,282.10,tomato
data/Laboro-Tomato/train/images/IMG_20191215_112922.jpg,308.20,249.75,358.86,313.31,tomato
data/Laboro-Tomato/train/images/IMG_20191215_112922.jpg,170.65,229.81,214.98,281.87,tomato
data/Laboro-Tomato/train/images/IMG_20191215_112922.jpg,160.90,267.65,198.24,315.62,tomato
data/Laboro-Tomato/train/images/IMG_20191215_112922.jpg,225.16,262.63,252.08,301.79,tomato
data/Laboro-Tomato/train/images/IMG_20191215_112922.jpg,245.52,276.90,288.06,333.93,tomato
data/Laboro-Tomato/train/images/IMG_20191215_112922.jpg,315.87,298.83,361.13,349.49,tomato
data/Laboro-Tomato/train/images/IMG_20191215_112922.jpg,325.84,347.73,359.09,372.60,tomato
data/Laboro-Tomato/train/images/IMG_20191215_112922.jpg,287.61,336.42,320.87,378.74,tomato
data/Laboro-Tomato/train/images/IMG_20191215_112922.jpg,209.11,292.07,239.22,325.80,tomato
data/Laboro-Tomato/train/images/IMG_20191215_112922.jpg,207.52,318.52,233.74,354.26,tomato
data/Laboro-Tomato/train/images/IMG_20191215_112922.jpg,152.33,303.39,186.06,344.11,tomato
data/Laboro-Tomato/train/images/IMG_20191215_112922.jpg,181.06,339.32,208.22,376.66,tomato
data/Laboro-Tomato/train/images/IMG_20191215_112922.jpg,263.27,447.66,277.14,465.79,tomato
data/Laboro-Tomato/train/images/IMG_20191215_112922.jpg,250.26,427.82,266.85,447.81,tomato
data/Laboro-Tomato/train/images/IMG_20191215_112922.jpg,264.61,431.60,279.84,449.21,tomato
data/Laboro-Tomato/train/images/IMG_20191215_112922.jpg,273.35,417.74,287.73,435.20,tomato
data/Laboro-Tomato/train/images/IMG_20191215_112926.jpg,306.39,150.87,382.19,214.22,tomato
data/Laboro-Tomato/train/images/IMG_20191215_112926.jpg,243.26,225.54,298.94,292.26,tomato
data/Laboro-Tomato/train/images/IMG_20191215_112926.jpg,297.11,215.59,349.36,277.34,tomato
data/Laboro-Tomato/train/images/IMG_20191215_112926.jpg,239.42,285.26,266.34,321.94,tomato
data/Laboro-Tomato/train/images/IMG_20191215_112926.jpg,254.82,285.50,303.23,341.39,tomato
data/Laboro-Tomato/train/images/IMG_20191215_112926.jpg,294.16,293.42,342.14,355.43,tomato
data/Laboro-Tomato/train/images/IMG_20191215_112926.jpg,321.55,269.18,381.49,334.81,tomato
data/Laboro-Tomato/train/images/IMG_20191215_112926.jpg,249.83,322.17,274.03,352.47,tomato
data/Laboro-Tomato/train/images/IMG_20191215_112926.jpg,265.21,335.95,305.27,388.22,tomato
data/Laboro-Tomato/train/images/IMG_20191215_112926.jpg,255.48,345.43,281.04,392.93,tomato
data/Laboro-Tomato/train/images/IMG_20191215_112926.jpg,292.82,350.19,336.72,401.32,tomato
data/Laboro-Tomato/train/images/IMG_20191215_112926.jpg,326.54,375.55,352.10,409.95,tomato
data/Laboro-Tomato/train/images/IMG_20191215_112926.jpg,336.91,334.16,393.24,392.28,tomato
data/Laboro-Tomato/train/images/IMG_20191215_112926.jpg,357.73,347.47,401.40,400.62,tomato
data/Laboro-Tomato/train/images/IMG_20191215_112926.jpg,344.84,404.07,367.21,439.34,tomato
data/Laboro-Tomato/train/images/IMG_20191215_112926.jpg,322.01,433.70,363.62,486.17,tomato
data/Laboro-Tomato/train/images/IMG_20191215_112926.jpg,378.58,408.57,427.88,459.91,tomato
data/Laboro-Tomato/train/images/IMG_20191215_112926.jpg,388.74,446.80,434.66,504.25,tomato
data/Laboro-Tomato/train/images/IMG_20191215_112926.jpg,269.76,479.41,290.23,500.65,tomato
data/Laboro-Tomato/train/images/IMG_20191215_112926.jpg,245.79,477.03,264.48,500.44,tomato
data/Laboro-Tomato/train/images/IMG_20191215_112926.jpg,212.14,454.65,229.04,475.89,tomato
data/Laboro-Tomato/train/images/IMG_20191215_112926.jpg,212.73,473.71,228.46,498.89,tomato
data/Laboro-Tomato/train/images/IMG_20191215_112926.jpg,68.54,209.53,83.30,226.62,tomato
data/Laboro-Tomato/train/images/IMG_20191215_112926.jpg,209.60,231.34,225.92,250.61,tomato
data/Laboro-Tomato/train/images/IMG_20191215_112926.jpg,209.99,247.68,224.36,263.79,tomato
data/Laboro-Tomato/train/images/IMG_20191215_112926.jpg,226.32,248.67,239.49,265.40,tomato
data/Laboro-Tomato/train/images/IMG_20191215_112926.jpg,74.85,237.24,87.24,252.37,tomato
data/Laboro-Tomato/train/images/IMG_20191215_112926.jpg,205.83,259.67,219.82,275.63,tomato
